status	stable_id	fold
PROVISIONAL_NOT_FROZEN	ENST00000392179	2
PROVISIONAL_NOT_FROZEN	ENST00000589428	4
PROVISIONAL_NOT_FROZEN	ENST00000442539	1
PROVISIONAL_NOT_FROZEN	ENST00000425361	2
PROVISIONAL_NOT_FROZEN	ENST00000469941	0
PROVISIONAL_NOT_FROZEN	ENST00000525492	2
PROVISIONAL_NOT_FROZEN	ENST00000452264	2
PROVISIONAL_NOT_FROZEN	ENST00000384756	0
PROVISIONAL_NOT_FROZEN	ENST00000324537	0
PROVISIONAL_NOT_FROZEN	ENST00000558830	4
PROVISIONAL_NOT_FROZEN	ENST00000361566	2
PROVISIONAL_NOT_FROZEN	ENST00000409276	4
PROVISIONAL_NOT_FROZEN	ENST00000490447	4
PROVISIONAL_NOT_FROZEN	ENST00000559386	3
PROVISIONAL_NOT_FROZEN	ENST00000616577	0
PROVISIONAL_NOT_FROZEN	ENST00000492498	1
PROVISIONAL_NOT_FROZEN	ENST00000541615	3
PROVISIONAL_NOT_FROZEN	ENST00000509155	3
PROVISIONAL_NOT_FROZEN	ENST00000412331	2
PROVISIONAL_NOT_FROZEN	ENST00000439686	1
PROVISIONAL_NOT_FROZEN	ENST00000314355	3
PROVISIONAL_NOT_FROZEN	ENST00000481622	4
PROVISIONAL_NOT_FROZEN	ENST00000471476	0
PROVISIONAL_NOT_FROZEN	ENST00000498158	2
PROVISIONAL_NOT_FROZEN	ENST00000543393	2
PROVISIONAL_NOT_FROZEN	ENST00000509564	2
PROVISIONAL_NOT_FROZEN	ENST00000256686	3
PROVISIONAL_NOT_FROZEN	ENST00000490670	0
PROVISIONAL_NOT_FROZEN	ENST00000447771	1
PROVISIONAL_NOT_FROZEN	ENST00000345080	4
PROVISIONAL_NOT_FROZEN	ENST00000440692	1
PROVISIONAL_NOT_FROZEN	ENST00000397100	4
PROVISIONAL_NOT_FROZEN	ENST00000570330	1
PROVISIONAL_NOT_FROZEN	ENST00000351554	0
PROVISIONAL_NOT_FROZEN	ENST00000471651	2
PROVISIONAL_NOT_FROZEN	ENST00000602888	3
PROVISIONAL_NOT_FROZEN	ENST00000625194	1
PROVISIONAL_NOT_FROZEN	ENST00000443409	0
PROVISIONAL_NOT_FROZEN	ENST00000587361	2
PROVISIONAL_NOT_FROZEN	ENST00000467675	2
PROVISIONAL_NOT_FROZEN	ENST00000374450	2
PROVISIONAL_NOT_FROZEN	ENST00000595100	2
PROVISIONAL_NOT_FROZEN	ENST00000342348	4
PROVISIONAL_NOT_FROZEN	ENST00000422745	1
PROVISIONAL_NOT_FROZEN	ENST00000455011	1
PROVISIONAL_NOT_FROZEN	ENST00000380649	3
PROVISIONAL_NOT_FROZEN	ENST00000589949	4
PROVISIONAL_NOT_FROZEN	ENST00000396394	4
PROVISIONAL_NOT_FROZEN	ENST00000582341	3
PROVISIONAL_NOT_FROZEN	ENST00000263574	0
PROVISIONAL_NOT_FROZEN	ENST00000561792	4
PROVISIONAL_NOT_FROZEN	ENST00000447866	1
PROVISIONAL_NOT_FROZEN	ENST00000367677	3
PROVISIONAL_NOT_FROZEN	ENST00000472778	2
PROVISIONAL_NOT_FROZEN	ENST00000592787	3
PROVISIONAL_NOT_FROZEN	ENST00000356607	2
PROVISIONAL_NOT_FROZEN	ENST00000483191	0
PROVISIONAL_NOT_FROZEN	ENST00000409860	4
PROVISIONAL_NOT_FROZEN	ENST00000268717	0
PROVISIONAL_NOT_FROZEN	ENST00000403633	0
PROVISIONAL_NOT_FROZEN	ENST00000482817	4
PROVISIONAL_NOT_FROZEN	ENST00000533403	0
PROVISIONAL_NOT_FROZEN	ENST00000487151	4
PROVISIONAL_NOT_FROZEN	ENST00000436160	1
PROVISIONAL_NOT_FROZEN	ENST00000490750	2
PROVISIONAL_NOT_FROZEN	ENST00000519082	2
PROVISIONAL_NOT_FROZEN	ENST00000359893	0
PROVISIONAL_NOT_FROZEN	ENST00000521127	1
PROVISIONAL_NOT_FROZEN	ENST00000276704	3
PROVISIONAL_NOT_FROZEN	ENST00000582736	3
PROVISIONAL_NOT_FROZEN	ENST00000499810	2
PROVISIONAL_NOT_FROZEN	ENST00000488234	0
PROVISIONAL_NOT_FROZEN	ENST00000296543	3
PROVISIONAL_NOT_FROZEN	ENST00000439728	0
PROVISIONAL_NOT_FROZEN	ENST00000589913	2
PROVISIONAL_NOT_FROZEN	ENST00000560367	3
PROVISIONAL_NOT_FROZEN	ENST00000538132	0
PROVISIONAL_NOT_FROZEN	ENST00000314255	1
PROVISIONAL_NOT_FROZEN	ENST00000477335	4
PROVISIONAL_NOT_FROZEN	ENST00000398741	4
PROVISIONAL_NOT_FROZEN	ENST00000470967	1
PROVISIONAL_NOT_FROZEN	ENST00000534819	0
PROVISIONAL_NOT_FROZEN	ENST00000527273	2
PROVISIONAL_NOT_FROZEN	ENST00000481573	4
PROVISIONAL_NOT_FROZEN	ENST00000342751	4
PROVISIONAL_NOT_FROZEN	ENST00000354185	4
PROVISIONAL_NOT_FROZEN	ENST00000424754	0
PROVISIONAL_NOT_FROZEN	ENST00000427719	0
PROVISIONAL_NOT_FROZEN	ENST00000462320	3
PROVISIONAL_NOT_FROZEN	ENST00000519039	3
PROVISIONAL_NOT_FROZEN	ENST00000484492	1
PROVISIONAL_NOT_FROZEN	ENST00000564400	2
PROVISIONAL_NOT_FROZEN	ENST00000442670	4
PROVISIONAL_NOT_FROZEN	ENST00000486181	1
PROVISIONAL_NOT_FROZEN	ENST00000411695	3
PROVISIONAL_NOT_FROZEN	ENST00000426763	3
PROVISIONAL_NOT_FROZEN	ENST00000550834	1
PROVISIONAL_NOT_FROZEN	ENST00000331268	4
PROVISIONAL_NOT_FROZEN	ENST00000477747	3
PROVISIONAL_NOT_FROZEN	ENST00000405489	2
PROVISIONAL_NOT_FROZEN	ENST00000397887	4
PROVISIONAL_NOT_FROZEN	ENST00000519760	4
PROVISIONAL_NOT_FROZEN	ENST00000503345	3
PROVISIONAL_NOT_FROZEN	ENST00000544827	1
PROVISIONAL_NOT_FROZEN	ENST00000437362	3
PROVISIONAL_NOT_FROZEN	ENST00000490469	2
PROVISIONAL_NOT_FROZEN	ENST00000620315	4
PROVISIONAL_NOT_FROZEN	ENST00000473809	3
PROVISIONAL_NOT_FROZEN	ENST00000586335	0
PROVISIONAL_NOT_FROZEN	ENST00000424645	0
PROVISIONAL_NOT_FROZEN	ENST00000595516	1
PROVISIONAL_NOT_FROZEN	ENST00000321765	2
PROVISIONAL_NOT_FROZEN	ENST00000563655	0
PROVISIONAL_NOT_FROZEN	ENST00000507095	0
PROVISIONAL_NOT_FROZEN	ENST00000526883	3
PROVISIONAL_NOT_FROZEN	ENST00000380244	3
PROVISIONAL_NOT_FROZEN	ENST00000547892	2
PROVISIONAL_NOT_FROZEN	ENST00000354497	3
PROVISIONAL_NOT_FROZEN	ENST00000334678	2
PROVISIONAL_NOT_FROZEN	ENST00000320868	4
PROVISIONAL_NOT_FROZEN	ENST00000591984	3
PROVISIONAL_NOT_FROZEN	ENST00000444836	1
PROVISIONAL_NOT_FROZEN	ENST00000375549	1
PROVISIONAL_NOT_FROZEN	ENST00000514384	3
PROVISIONAL_NOT_FROZEN	ENST00000275080	4
PROVISIONAL_NOT_FROZEN	ENST00000613865	1
PROVISIONAL_NOT_FROZEN	ENST00000318388	3
PROVISIONAL_NOT_FROZEN	ENST00000479871	2
PROVISIONAL_NOT_FROZEN	ENST00000640437	2
PROVISIONAL_NOT_FROZEN	ENST00000462165	2
PROVISIONAL_NOT_FROZEN	ENST00000572303	3
PROVISIONAL_NOT_FROZEN	ENST00000472397	3
PROVISIONAL_NOT_FROZEN	ENST00000604952	0
PROVISIONAL_NOT_FROZEN	ENST00000376055	0
PROVISIONAL_NOT_FROZEN	ENST00000427342	3
PROVISIONAL_NOT_FROZEN	ENST00000310597	3
PROVISIONAL_NOT_FROZEN	ENST00000448394	1
PROVISIONAL_NOT_FROZEN	ENST00000396265	3
PROVISIONAL_NOT_FROZEN	ENST00000468875	3
PROVISIONAL_NOT_FROZEN	ENST00000469320	0
PROVISIONAL_NOT_FROZEN	ENST00000552395	4
PROVISIONAL_NOT_FROZEN	ENST00000367577	3
PROVISIONAL_NOT_FROZEN	ENST00000407633	3
PROVISIONAL_NOT_FROZEN	ENST00000537918	1
PROVISIONAL_NOT_FROZEN	ENST00000555679	0
PROVISIONAL_NOT_FROZEN	ENST00000443218	3
PROVISIONAL_NOT_FROZEN	ENST00000445155	2
PROVISIONAL_NOT_FROZEN	ENST00000514367	1
PROVISIONAL_NOT_FROZEN	ENST00000381357	2
PROVISIONAL_NOT_FROZEN	ENST00000405123	2
PROVISIONAL_NOT_FROZEN	ENST00000219797	4
PROVISIONAL_NOT_FROZEN	ENST00000498256	1
PROVISIONAL_NOT_FROZEN	ENST00000378940	4
PROVISIONAL_NOT_FROZEN	ENST00000429143	1
PROVISIONAL_NOT_FROZEN	ENST00000353258	1
PROVISIONAL_NOT_FROZEN	ENST00000430685	1
PROVISIONAL_NOT_FROZEN	ENST00000502548	1
PROVISIONAL_NOT_FROZEN	ENST00000301665	0
PROVISIONAL_NOT_FROZEN	ENST00000510187	1
PROVISIONAL_NOT_FROZEN	ENST00000457354	1
PROVISIONAL_NOT_FROZEN	ENST00000316149	4
PROVISIONAL_NOT_FROZEN	ENST00000560274	4
PROVISIONAL_NOT_FROZEN	ENST00000474543	0
PROVISIONAL_NOT_FROZEN	ENST00000460862	4
PROVISIONAL_NOT_FROZEN	ENST00000431138	2
PROVISIONAL_NOT_FROZEN	ENST00000496641	2
PROVISIONAL_NOT_FROZEN	ENST00000262812	4
PROVISIONAL_NOT_FROZEN	ENST00000583205	0
PROVISIONAL_NOT_FROZEN	ENST00000486733	1
PROVISIONAL_NOT_FROZEN	ENST00000554282	4
PROVISIONAL_NOT_FROZEN	ENST00000472947	0
PROVISIONAL_NOT_FROZEN	ENST00000454659	1
PROVISIONAL_NOT_FROZEN	ENST00000490127	4
PROVISIONAL_NOT_FROZEN	ENST00000621615	4
PROVISIONAL_NOT_FROZEN	ENST00000546654	0
PROVISIONAL_NOT_FROZEN	ENST00000375001	2
PROVISIONAL_NOT_FROZEN	ENST00000307720	3
PROVISIONAL_NOT_FROZEN	ENST00000597353	4
PROVISIONAL_NOT_FROZEN	ENST00000428803	0
PROVISIONAL_NOT_FROZEN	ENST00000479365	0
PROVISIONAL_NOT_FROZEN	ENST00000354488	4
PROVISIONAL_NOT_FROZEN	ENST00000450023	0
PROVISIONAL_NOT_FROZEN	ENST00000409160	1
PROVISIONAL_NOT_FROZEN	ENST00000424573	0
PROVISIONAL_NOT_FROZEN	ENST00000522141	3
PROVISIONAL_NOT_FROZEN	ENST00000340353	3
PROVISIONAL_NOT_FROZEN	ENST00000297347	0
PROVISIONAL_NOT_FROZEN	ENST00000571570	2
PROVISIONAL_NOT_FROZEN	ENST00000530225	2
PROVISIONAL_NOT_FROZEN	ENST00000543153	0
PROVISIONAL_NOT_FROZEN	ENST00000479649	0
PROVISIONAL_NOT_FROZEN	ENST00000518546	3
PROVISIONAL_NOT_FROZEN	ENST00000473525	0
PROVISIONAL_NOT_FROZEN	ENST00000479300	4
PROVISIONAL_NOT_FROZEN	ENST00000243997	1
PROVISIONAL_NOT_FROZEN	ENST00000452587	2
PROVISIONAL_NOT_FROZEN	ENST00000397426	3
PROVISIONAL_NOT_FROZEN	ENST00000378239	2
PROVISIONAL_NOT_FROZEN	ENST00000492991	2
PROVISIONAL_NOT_FROZEN	ENST00000258455	3
PROVISIONAL_NOT_FROZEN	ENST00000330263	3
PROVISIONAL_NOT_FROZEN	ENST00000417788	1
PROVISIONAL_NOT_FROZEN	ENST00000216185	1
PROVISIONAL_NOT_FROZEN	ENST00000527871	2
PROVISIONAL_NOT_FROZEN	ENST00000493903	3
PROVISIONAL_NOT_FROZEN	ENST00000292896	4
PROVISIONAL_NOT_FROZEN	ENST00000325974	1
PROVISIONAL_NOT_FROZEN	ENST00000264657	3
PROVISIONAL_NOT_FROZEN	ENST00000409898	2
PROVISIONAL_NOT_FROZEN	ENST00000591747	0
PROVISIONAL_NOT_FROZEN	ENST00000261622	2
PROVISIONAL_NOT_FROZEN	ENST00000562679	0
PROVISIONAL_NOT_FROZEN	ENST00000477729	0
PROVISIONAL_NOT_FROZEN	ENST00000587845	0
PROVISIONAL_NOT_FROZEN	ENST00000534796	4
PROVISIONAL_NOT_FROZEN	ENST00000552329	3
PROVISIONAL_NOT_FROZEN	ENST00000374767	1
PROVISIONAL_NOT_FROZEN	ENST00000322723	0
PROVISIONAL_NOT_FROZEN	ENST00000535757	1
PROVISIONAL_NOT_FROZEN	ENST00000358888	0
PROVISIONAL_NOT_FROZEN	ENST00000359165	4
PROVISIONAL_NOT_FROZEN	ENST00000556645	2
PROVISIONAL_NOT_FROZEN	ENST00000262302	2
PROVISIONAL_NOT_FROZEN	ENST00000485209	3
PROVISIONAL_NOT_FROZEN	ENST00000374607	4
PROVISIONAL_NOT_FROZEN	ENST00000399103	0
PROVISIONAL_NOT_FROZEN	ENST00000220913	3
PROVISIONAL_NOT_FROZEN	ENST00000416889	2
PROVISIONAL_NOT_FROZEN	ENST00000479005	0
PROVISIONAL_NOT_FROZEN	ENST00000394272	2
PROVISIONAL_NOT_FROZEN	ENST00000496182	3
PROVISIONAL_NOT_FROZEN	ENST00000460231	0
PROVISIONAL_NOT_FROZEN	ENST00000469704	4
PROVISIONAL_NOT_FROZEN	ENST00000540641	1
PROVISIONAL_NOT_FROZEN	ENST00000370841	4
PROVISIONAL_NOT_FROZEN	ENST00000376545	4
PROVISIONAL_NOT_FROZEN	ENST00000558530	2
PROVISIONAL_NOT_FROZEN	ENST00000442037	2
PROVISIONAL_NOT_FROZEN	ENST00000222567	1
PROVISIONAL_NOT_FROZEN	ENST00000503737	1
PROVISIONAL_NOT_FROZEN	ENST00000542199	4
PROVISIONAL_NOT_FROZEN	ENST00000423231	4
PROVISIONAL_NOT_FROZEN	ENST00000366838	4
PROVISIONAL_NOT_FROZEN	ENST00000298289	4
PROVISIONAL_NOT_FROZEN	ENST00000531767	2
PROVISIONAL_NOT_FROZEN	ENST00000431037	2
PROVISIONAL_NOT_FROZEN	ENST00000312037	2
PROVISIONAL_NOT_FROZEN	ENST00000354056	0
PROVISIONAL_NOT_FROZEN	ENST00000448802	0
PROVISIONAL_NOT_FROZEN	ENST00000586392	2
PROVISIONAL_NOT_FROZEN	ENST00000446523	2
PROVISIONAL_NOT_FROZEN	ENST00000488891	1
PROVISIONAL_NOT_FROZEN	ENST00000539921	3
PROVISIONAL_NOT_FROZEN	ENST00000461327	1
PROVISIONAL_NOT_FROZEN	ENST00000630952	3
PROVISIONAL_NOT_FROZEN	ENST00000556969	4
PROVISIONAL_NOT_FROZEN	ENST00000433386	2
PROVISIONAL_NOT_FROZEN	ENST00000511691	2
PROVISIONAL_NOT_FROZEN	ENST00000392009	4
PROVISIONAL_NOT_FROZEN	ENST00000489407	1
PROVISIONAL_NOT_FROZEN	ENST00000457715	3
PROVISIONAL_NOT_FROZEN	ENST00000367846	1
PROVISIONAL_NOT_FROZEN	ENST00000521237	2
PROVISIONAL_NOT_FROZEN	ENST00000598261	0
PROVISIONAL_NOT_FROZEN	ENST00000362477	1
PROVISIONAL_NOT_FROZEN	ENST00000557805	3
PROVISIONAL_NOT_FROZEN	ENST00000477229	0
PROVISIONAL_NOT_FROZEN	ENST00000492685	2
PROVISIONAL_NOT_FROZEN	ENST00000405202	3
PROVISIONAL_NOT_FROZEN	ENST00000332598	1
PROVISIONAL_NOT_FROZEN	ENST00000476648	4
PROVISIONAL_NOT_FROZEN	ENST00000407911	3
PROVISIONAL_NOT_FROZEN	ENST00000443024	3
PROVISIONAL_NOT_FROZEN	ENST00000371692	1
PROVISIONAL_NOT_FROZEN	ENST00000451469	0
PROVISIONAL_NOT_FROZEN	ENST00000371315	2
PROVISIONAL_NOT_FROZEN	ENST00000602131	3
PROVISIONAL_NOT_FROZEN	ENST00000450941	2
PROVISIONAL_NOT_FROZEN	ENST00000438031	4
PROVISIONAL_NOT_FROZEN	ENST00000357360	3
PROVISIONAL_NOT_FROZEN	ENST00000587129	1
PROVISIONAL_NOT_FROZEN	ENST00000332968	0
PROVISIONAL_NOT_FROZEN	ENST00000483097	0
PROVISIONAL_NOT_FROZEN	ENST00000581361	4
PROVISIONAL_NOT_FROZEN	ENST00000470352	2
PROVISIONAL_NOT_FROZEN	ENST00000339624	3
PROVISIONAL_NOT_FROZEN	ENST00000315436	4
PROVISIONAL_NOT_FROZEN	ENST00000615697	2
PROVISIONAL_NOT_FROZEN	ENST00000412010	4
PROVISIONAL_NOT_FROZEN	ENST00000524558	2
PROVISIONAL_NOT_FROZEN	ENST00000605197	1
PROVISIONAL_NOT_FROZEN	ENST00000512621	3
PROVISIONAL_NOT_FROZEN	ENST00000595355	3
PROVISIONAL_NOT_FROZEN	ENST00000479249	4
PROVISIONAL_NOT_FROZEN	ENST00000541731	4
PROVISIONAL_NOT_FROZEN	ENST00000552342	1
PROVISIONAL_NOT_FROZEN	ENST00000514455	1
PROVISIONAL_NOT_FROZEN	ENST00000302692	0
PROVISIONAL_NOT_FROZEN	ENST00000561482	3
PROVISIONAL_NOT_FROZEN	ENST00000550777	3
PROVISIONAL_NOT_FROZEN	ENST00000265044	3
PROVISIONAL_NOT_FROZEN	ENST00000228740	3
PROVISIONAL_NOT_FROZEN	ENST00000525122	2
PROVISIONAL_NOT_FROZEN	ENST00000553835	0
PROVISIONAL_NOT_FROZEN	ENST00000548746	4
PROVISIONAL_NOT_FROZEN	ENST00000563447	3
PROVISIONAL_NOT_FROZEN	ENST00000481269	1
PROVISIONAL_NOT_FROZEN	ENST00000228918	2
PROVISIONAL_NOT_FROZEN	ENST00000323076	0
PROVISIONAL_NOT_FROZEN	ENST00000593066	1
PROVISIONAL_NOT_FROZEN	ENST00000417063	4
PROVISIONAL_NOT_FROZEN	ENST00000288207	4
PROVISIONAL_NOT_FROZEN	ENST00000593607	2
PROVISIONAL_NOT_FROZEN	ENST00000488002	4
PROVISIONAL_NOT_FROZEN	ENST00000527248	3
PROVISIONAL_NOT_FROZEN	ENST00000547076	4
PROVISIONAL_NOT_FROZEN	ENST00000248378	3
PROVISIONAL_NOT_FROZEN	ENST00000560422	4
PROVISIONAL_NOT_FROZEN	ENST00000546862	4
PROVISIONAL_NOT_FROZEN	ENST00000548015	1
PROVISIONAL_NOT_FROZEN	ENST00000573318	2
PROVISIONAL_NOT_FROZEN	ENST00000358746	3
PROVISIONAL_NOT_FROZEN	ENST00000582787	3
PROVISIONAL_NOT_FROZEN	ENST00000592588	4
PROVISIONAL_NOT_FROZEN	ENST00000586944	4
PROVISIONAL_NOT_FROZEN	ENST00000361288	3
PROVISIONAL_NOT_FROZEN	ENST00000589532	0
PROVISIONAL_NOT_FROZEN	ENST00000302754	4
PROVISIONAL_NOT_FROZEN	ENST00000572815	1
PROVISIONAL_NOT_FROZEN	ENST00000489540	4
PROVISIONAL_NOT_FROZEN	ENST00000538945	4
PROVISIONAL_NOT_FROZEN	ENST00000380842	2
PROVISIONAL_NOT_FROZEN	ENST00000495401	0
PROVISIONAL_NOT_FROZEN	ENST00000397622	4
PROVISIONAL_NOT_FROZEN	ENST00000370902	1
PROVISIONAL_NOT_FROZEN	ENST00000596558	1
PROVISIONAL_NOT_FROZEN	ENST00000474969	1
PROVISIONAL_NOT_FROZEN	ENST00000373931	3
PROVISIONAL_NOT_FROZEN	ENST00000550880	3
PROVISIONAL_NOT_FROZEN	ENST00000394631	0
PROVISIONAL_NOT_FROZEN	ENST00000618945	2
PROVISIONAL_NOT_FROZEN	ENST00000623267	0
PROVISIONAL_NOT_FROZEN	ENST00000590449	3
PROVISIONAL_NOT_FROZEN	ENST00000515468	1
PROVISIONAL_NOT_FROZEN	ENST00000542324	4
PROVISIONAL_NOT_FROZEN	ENST00000575208	1
PROVISIONAL_NOT_FROZEN	ENST00000497699	0
PROVISIONAL_NOT_FROZEN	ENST00000251453	1
PROVISIONAL_NOT_FROZEN	ENST00000237500	4
PROVISIONAL_NOT_FROZEN	ENST00000552170	2
PROVISIONAL_NOT_FROZEN	ENST00000455186	2
PROVISIONAL_NOT_FROZEN	ENST00000368302	0
PROVISIONAL_NOT_FROZEN	ENST00000517924	1
PROVISIONAL_NOT_FROZEN	ENST00000326586	4
PROVISIONAL_NOT_FROZEN	ENST00000380276	4
PROVISIONAL_NOT_FROZEN	ENST00000483665	1
PROVISIONAL_NOT_FROZEN	ENST00000417089	2
PROVISIONAL_NOT_FROZEN	ENST00000378119	2
PROVISIONAL_NOT_FROZEN	ENST00000373264	3
PROVISIONAL_NOT_FROZEN	ENST00000621421	4
PROVISIONAL_NOT_FROZEN	ENST00000441482	2
PROVISIONAL_NOT_FROZEN	ENST00000527109	2
PROVISIONAL_NOT_FROZEN	ENST00000461916	0
PROVISIONAL_NOT_FROZEN	ENST00000472217	0
PROVISIONAL_NOT_FROZEN	ENST00000569896	0
PROVISIONAL_NOT_FROZEN	ENST00000491837	2
PROVISIONAL_NOT_FROZEN	ENST00000504325	1
PROVISIONAL_NOT_FROZEN	ENST00000525250	4
PROVISIONAL_NOT_FROZEN	ENST00000392217	1
PROVISIONAL_NOT_FROZEN	ENST00000613052	2
PROVISIONAL_NOT_FROZEN	ENST00000554891	3
PROVISIONAL_NOT_FROZEN	ENST00000412545	3
PROVISIONAL_NOT_FROZEN	ENST00000540670	2
PROVISIONAL_NOT_FROZEN	ENST00000536159	4
PROVISIONAL_NOT_FROZEN	ENST00000256495	2
PROVISIONAL_NOT_FROZEN	ENST00000557632	0
PROVISIONAL_NOT_FROZEN	ENST00000481895	2
PROVISIONAL_NOT_FROZEN	ENST00000539045	1
PROVISIONAL_NOT_FROZEN	ENST00000375976	3
PROVISIONAL_NOT_FROZEN	ENST00000477689	0
PROVISIONAL_NOT_FROZEN	ENST00000399402	1
PROVISIONAL_NOT_FROZEN	ENST00000255681	0
PROVISIONAL_NOT_FROZEN	ENST00000522532	2
PROVISIONAL_NOT_FROZEN	ENST00000475205	1
PROVISIONAL_NOT_FROZEN	ENST00000472235	2
PROVISIONAL_NOT_FROZEN	ENST00000390893	4
PROVISIONAL_NOT_FROZEN	ENST00000321777	2
PROVISIONAL_NOT_FROZEN	ENST00000485373	2
PROVISIONAL_NOT_FROZEN	ENST00000589081	2
PROVISIONAL_NOT_FROZEN	ENST00000580755	3
PROVISIONAL_NOT_FROZEN	ENST00000483559	4
PROVISIONAL_NOT_FROZEN	ENST00000428193	3
PROVISIONAL_NOT_FROZEN	ENST00000337304	2
PROVISIONAL_NOT_FROZEN	ENST00000463740	1
PROVISIONAL_NOT_FROZEN	ENST00000395748	2
PROVISIONAL_NOT_FROZEN	ENST00000542912	2
PROVISIONAL_NOT_FROZEN	ENST00000551992	1
PROVISIONAL_NOT_FROZEN	ENST00000471214	2
PROVISIONAL_NOT_FROZEN	ENST00000521672	1
PROVISIONAL_NOT_FROZEN	ENST00000552055	4
PROVISIONAL_NOT_FROZEN	ENST00000520468	1
PROVISIONAL_NOT_FROZEN	ENST00000526148	2
PROVISIONAL_NOT_FROZEN	ENST00000265717	3
PROVISIONAL_NOT_FROZEN	ENST00000331479	3
PROVISIONAL_NOT_FROZEN	ENST00000447507	4
PROVISIONAL_NOT_FROZEN	ENST00000614837	3
PROVISIONAL_NOT_FROZEN	ENST00000439138	1
PROVISIONAL_NOT_FROZEN	ENST00000366999	0
PROVISIONAL_NOT_FROZEN	ENST00000368681	1
PROVISIONAL_NOT_FROZEN	ENST00000578272	4
PROVISIONAL_NOT_FROZEN	ENST00000582126	1
PROVISIONAL_NOT_FROZEN	ENST00000350771	4
PROVISIONAL_NOT_FROZEN	ENST00000463310	0
PROVISIONAL_NOT_FROZEN	ENST00000292211	2
PROVISIONAL_NOT_FROZEN	ENST00000485076	1
PROVISIONAL_NOT_FROZEN	ENST00000450676	3
PROVISIONAL_NOT_FROZEN	ENST00000578380	4
PROVISIONAL_NOT_FROZEN	ENST00000473963	0
PROVISIONAL_NOT_FROZEN	ENST00000527632	4
PROVISIONAL_NOT_FROZEN	ENST00000483219	0
PROVISIONAL_NOT_FROZEN	ENST00000464103	4
PROVISIONAL_NOT_FROZEN	ENST00000586686	4
PROVISIONAL_NOT_FROZEN	ENST00000468034	2
PROVISIONAL_NOT_FROZEN	ENST00000378096	2
PROVISIONAL_NOT_FROZEN	ENST00000305533	2
PROVISIONAL_NOT_FROZEN	ENST00000521590	1
PROVISIONAL_NOT_FROZEN	ENST00000580770	4
PROVISIONAL_NOT_FROZEN	ENST00000376901	1
PROVISIONAL_NOT_FROZEN	ENST00000350592	3
PROVISIONAL_NOT_FROZEN	ENST00000306562	1
PROVISIONAL_NOT_FROZEN	ENST00000264228	2
PROVISIONAL_NOT_FROZEN	ENST00000414016	0
PROVISIONAL_NOT_FROZEN	ENST00000456481	0
PROVISIONAL_NOT_FROZEN	ENST00000358455	1
PROVISIONAL_NOT_FROZEN	ENST00000361891	1
PROVISIONAL_NOT_FROZEN	ENST00000539276	4
PROVISIONAL_NOT_FROZEN	ENST00000527412	3
PROVISIONAL_NOT_FROZEN	ENST00000508249	1
PROVISIONAL_NOT_FROZEN	ENST00000596984	4
PROVISIONAL_NOT_FROZEN	ENST00000473076	0
PROVISIONAL_NOT_FROZEN	ENST00000370938	2
PROVISIONAL_NOT_FROZEN	ENST00000243346	0
PROVISIONAL_NOT_FROZEN	ENST00000368259	2
PROVISIONAL_NOT_FROZEN	ENST00000529285	2
PROVISIONAL_NOT_FROZEN	ENST00000281031	3
PROVISIONAL_NOT_FROZEN	ENST00000599990	3
PROVISIONAL_NOT_FROZEN	ENST00000380113	4
PROVISIONAL_NOT_FROZEN	ENST00000391762	4
PROVISIONAL_NOT_FROZEN	ENST00000371696	0
PROVISIONAL_NOT_FROZEN	ENST00000508119	1
PROVISIONAL_NOT_FROZEN	ENST00000454813	3
PROVISIONAL_NOT_FROZEN	ENST00000588875	1
PROVISIONAL_NOT_FROZEN	ENST00000588002	2
PROVISIONAL_NOT_FROZEN	ENST00000468311	2
PROVISIONAL_NOT_FROZEN	ENST00000373335	3
PROVISIONAL_NOT_FROZEN	ENST00000256383	3
PROVISIONAL_NOT_FROZEN	ENST00000238647	2
PROVISIONAL_NOT_FROZEN	ENST00000480918	2
PROVISIONAL_NOT_FROZEN	ENST00000272937	1
PROVISIONAL_NOT_FROZEN	ENST00000419113	4
PROVISIONAL_NOT_FROZEN	ENST00000528265	3
PROVISIONAL_NOT_FROZEN	ENST00000261304	0
PROVISIONAL_NOT_FROZEN	ENST00000361538	2
PROVISIONAL_NOT_FROZEN	ENST00000479961	3
PROVISIONAL_NOT_FROZEN	ENST00000358715	4
PROVISIONAL_NOT_FROZEN	ENST00000524902	1
PROVISIONAL_NOT_FROZEN	ENST00000343470	1
PROVISIONAL_NOT_FROZEN	ENST00000372389	0
PROVISIONAL_NOT_FROZEN	ENST00000311223	3
PROVISIONAL_NOT_FROZEN	ENST00000559706	1
PROVISIONAL_NOT_FROZEN	ENST00000462617	4
PROVISIONAL_NOT_FROZEN	ENST00000330503	2
PROVISIONAL_NOT_FROZEN	ENST00000377351	0
PROVISIONAL_NOT_FROZEN	ENST00000353689	3
PROVISIONAL_NOT_FROZEN	ENST00000322090	0
PROVISIONAL_NOT_FROZEN	ENST00000528729	2
PROVISIONAL_NOT_FROZEN	ENST00000551150	0
PROVISIONAL_NOT_FROZEN	ENST00000490417	2
PROVISIONAL_NOT_FROZEN	ENST00000265498	0
PROVISIONAL_NOT_FROZEN	ENST00000420879	2
PROVISIONAL_NOT_FROZEN	ENST00000469329	3
PROVISIONAL_NOT_FROZEN	ENST00000504734	3
PROVISIONAL_NOT_FROZEN	ENST00000382011	2
PROVISIONAL_NOT_FROZEN	ENST00000599595	4
PROVISIONAL_NOT_FROZEN	ENST00000533476	0
PROVISIONAL_NOT_FROZEN	ENST00000401406	0
PROVISIONAL_NOT_FROZEN	ENST00000487001	2
PROVISIONAL_NOT_FROZEN	ENST00000518725	4
PROVISIONAL_NOT_FROZEN	ENST00000431744	3
PROVISIONAL_NOT_FROZEN	ENST00000215730	1
PROVISIONAL_NOT_FROZEN	ENST00000595530	3
PROVISIONAL_NOT_FROZEN	ENST00000475653	4
PROVISIONAL_NOT_FROZEN	ENST00000352456	4
PROVISIONAL_NOT_FROZEN	ENST00000352435	0
PROVISIONAL_NOT_FROZEN	ENST00000507115	0
PROVISIONAL_NOT_FROZEN	ENST00000361278	2
PROVISIONAL_NOT_FROZEN	ENST00000548537	2
PROVISIONAL_NOT_FROZEN	ENST00000230495	4
PROVISIONAL_NOT_FROZEN	ENST00000561516	4
PROVISIONAL_NOT_FROZEN	ENST00000529991	0
PROVISIONAL_NOT_FROZEN	ENST00000556513	3
PROVISIONAL_NOT_FROZEN	ENST00000488975	4
PROVISIONAL_NOT_FROZEN	ENST00000560816	3
PROVISIONAL_NOT_FROZEN	ENST00000434429	4
PROVISIONAL_NOT_FROZEN	ENST00000468929	1
PROVISIONAL_NOT_FROZEN	ENST00000002165	4
PROVISIONAL_NOT_FROZEN	ENST00000444732	4
PROVISIONAL_NOT_FROZEN	ENST00000368551	3
PROVISIONAL_NOT_FROZEN	ENST00000367088	2
PROVISIONAL_NOT_FROZEN	ENST00000244061	3
PROVISIONAL_NOT_FROZEN	ENST00000464118	3
PROVISIONAL_NOT_FROZEN	ENST00000477436	2
PROVISIONAL_NOT_FROZEN	ENST00000372257	0
PROVISIONAL_NOT_FROZEN	ENST00000419070	1
PROVISIONAL_NOT_FROZEN	ENST00000551258	0
PROVISIONAL_NOT_FROZEN	ENST00000561569	0
PROVISIONAL_NOT_FROZEN	ENST00000199814	1
PROVISIONAL_NOT_FROZEN	ENST00000600528	4
PROVISIONAL_NOT_FROZEN	ENST00000368149	3
PROVISIONAL_NOT_FROZEN	ENST00000374017	4
PROVISIONAL_NOT_FROZEN	ENST00000359681	2
PROVISIONAL_NOT_FROZEN	ENST00000318988	0
PROVISIONAL_NOT_FROZEN	ENST00000524266	4
PROVISIONAL_NOT_FROZEN	ENST00000401473	1
PROVISIONAL_NOT_FROZEN	ENST00000326195	4
PROVISIONAL_NOT_FROZEN	ENST00000557592	2
PROVISIONAL_NOT_FROZEN	ENST00000527133	2
PROVISIONAL_NOT_FROZEN	ENST00000394186	4
PROVISIONAL_NOT_FROZEN	ENST00000472651	3
PROVISIONAL_NOT_FROZEN	ENST00000517679	1
PROVISIONAL_NOT_FROZEN	ENST00000472852	0
PROVISIONAL_NOT_FROZEN	ENST00000487045	3
PROVISIONAL_NOT_FROZEN	ENST00000418623	1
PROVISIONAL_NOT_FROZEN	ENST00000425753	2
PROVISIONAL_NOT_FROZEN	ENST00000306336	1
PROVISIONAL_NOT_FROZEN	ENST00000283290	1
PROVISIONAL_NOT_FROZEN	ENST00000245206	2
PROVISIONAL_NOT_FROZEN	ENST00000592875	2
PROVISIONAL_NOT_FROZEN	ENST00000478069	4
PROVISIONAL_NOT_FROZEN	ENST00000613651	3
PROVISIONAL_NOT_FROZEN	ENST00000487133	2
PROVISIONAL_NOT_FROZEN	ENST00000310326	3
PROVISIONAL_NOT_FROZEN	ENST00000376387	0
PROVISIONAL_NOT_FROZEN	ENST00000556142	3
PROVISIONAL_NOT_FROZEN	ENST00000392325	1
PROVISIONAL_NOT_FROZEN	ENST00000510063	2
PROVISIONAL_NOT_FROZEN	ENST00000398030	2
PROVISIONAL_NOT_FROZEN	ENST00000292494	0
PROVISIONAL_NOT_FROZEN	ENST00000456095	4
PROVISIONAL_NOT_FROZEN	ENST00000476181	4
PROVISIONAL_NOT_FROZEN	ENST00000405442	2
PROVISIONAL_NOT_FROZEN	ENST00000436276	4
PROVISIONAL_NOT_FROZEN	ENST00000510084	3
PROVISIONAL_NOT_FROZEN	ENST00000355801	1
PROVISIONAL_NOT_FROZEN	ENST00000534340	0
PROVISIONAL_NOT_FROZEN	ENST00000368694	1
PROVISIONAL_NOT_FROZEN	ENST00000635721	2
PROVISIONAL_NOT_FROZEN	ENST00000525297	3
PROVISIONAL_NOT_FROZEN	ENST00000483820	0
PROVISIONAL_NOT_FROZEN	ENST00000506198	3
PROVISIONAL_NOT_FROZEN	ENST00000546914	0
PROVISIONAL_NOT_FROZEN	ENST00000445439	4
PROVISIONAL_NOT_FROZEN	ENST00000532279	1
PROVISIONAL_NOT_FROZEN	ENST00000318066	4
PROVISIONAL_NOT_FROZEN	ENST00000557943	3
PROVISIONAL_NOT_FROZEN	ENST00000567387	0
PROVISIONAL_NOT_FROZEN	ENST00000565678	2
PROVISIONAL_NOT_FROZEN	ENST00000584696	4
PROVISIONAL_NOT_FROZEN	ENST00000270221	0
PROVISIONAL_NOT_FROZEN	ENST00000495704	4
PROVISIONAL_NOT_FROZEN	ENST00000498485	3
PROVISIONAL_NOT_FROZEN	ENST00000591584	3
PROVISIONAL_NOT_FROZEN	ENST00000436354	0
PROVISIONAL_NOT_FROZEN	ENST00000272102	1
PROVISIONAL_NOT_FROZEN	ENST00000511566	1
PROVISIONAL_NOT_FROZEN	ENST00000494408	3
PROVISIONAL_NOT_FROZEN	ENST00000533204	4
PROVISIONAL_NOT_FROZEN	ENST00000486597	4
PROVISIONAL_NOT_FROZEN	ENST00000333047	0
PROVISIONAL_NOT_FROZEN	ENST00000482655	3
PROVISIONAL_NOT_FROZEN	ENST00000473360	2
PROVISIONAL_NOT_FROZEN	ENST00000399219	2
PROVISIONAL_NOT_FROZEN	ENST00000265523	2
PROVISIONAL_NOT_FROZEN	ENST00000518382	1
PROVISIONAL_NOT_FROZEN	ENST00000525722	2
PROVISIONAL_NOT_FROZEN	ENST00000399343	2
PROVISIONAL_NOT_FROZEN	ENST00000532157	1
PROVISIONAL_NOT_FROZEN	ENST00000621674	1
PROVISIONAL_NOT_FROZEN	ENST00000498293	3
PROVISIONAL_NOT_FROZEN	ENST00000492356	1
PROVISIONAL_NOT_FROZEN	ENST00000473820	1
PROVISIONAL_NOT_FROZEN	ENST00000525828	4
PROVISIONAL_NOT_FROZEN	ENST00000270257	0
PROVISIONAL_NOT_FROZEN	ENST00000544151	2
PROVISIONAL_NOT_FROZEN	ENST00000518055	1
PROVISIONAL_NOT_FROZEN	ENST00000254998	2
PROVISIONAL_NOT_FROZEN	ENST00000415070	3
PROVISIONAL_NOT_FROZEN	ENST00000598840	2
PROVISIONAL_NOT_FROZEN	ENST00000453002	2
PROVISIONAL_NOT_FROZEN	ENST00000289577	2
PROVISIONAL_NOT_FROZEN	ENST00000578649	4
PROVISIONAL_NOT_FROZEN	ENST00000256637	3
PROVISIONAL_NOT_FROZEN	ENST00000373932	1
PROVISIONAL_NOT_FROZEN	ENST00000332896	0
PROVISIONAL_NOT_FROZEN	ENST00000566403	2
PROVISIONAL_NOT_FROZEN	ENST00000374902	0
PROVISIONAL_NOT_FROZEN	ENST00000473563	3
PROVISIONAL_NOT_FROZEN	ENST00000512064	1
PROVISIONAL_NOT_FROZEN	ENST00000339093	3
PROVISIONAL_NOT_FROZEN	ENST00000264331	4
PROVISIONAL_NOT_FROZEN	ENST00000570907	2
PROVISIONAL_NOT_FROZEN	ENST00000567444	3
PROVISIONAL_NOT_FROZEN	ENST00000590201	1
PROVISIONAL_NOT_FROZEN	ENST00000513102	0
PROVISIONAL_NOT_FROZEN	ENST00000248879	0
PROVISIONAL_NOT_FROZEN	ENST00000218388	2
PROVISIONAL_NOT_FROZEN	ENST00000381334	3
PROVISIONAL_NOT_FROZEN	ENST00000465340	1
PROVISIONAL_NOT_FROZEN	ENST00000566624	3
PROVISIONAL_NOT_FROZEN	ENST00000532004	2
PROVISIONAL_NOT_FROZEN	ENST00000430553	4
PROVISIONAL_NOT_FROZEN	ENST00000613627	0
PROVISIONAL_NOT_FROZEN	ENST00000521726	1
PROVISIONAL_NOT_FROZEN	ENST00000403866	4
PROVISIONAL_NOT_FROZEN	ENST00000496341	3
PROVISIONAL_NOT_FROZEN	ENST00000258091	3
PROVISIONAL_NOT_FROZEN	ENST00000457540	2
PROVISIONAL_NOT_FROZEN	ENST00000453386	1
PROVISIONAL_NOT_FROZEN	ENST00000404603	2
PROVISIONAL_NOT_FROZEN	ENST00000511505	0
PROVISIONAL_NOT_FROZEN	ENST00000496412	0
PROVISIONAL_NOT_FROZEN	ENST00000257190	0
PROVISIONAL_NOT_FROZEN	ENST00000422486	4
PROVISIONAL_NOT_FROZEN	ENST00000394920	2
PROVISIONAL_NOT_FROZEN	ENST00000540280	0
PROVISIONAL_NOT_FROZEN	ENST00000372879	4
PROVISIONAL_NOT_FROZEN	ENST00000532586	4
PROVISIONAL_NOT_FROZEN	ENST00000526895	4
PROVISIONAL_NOT_FROZEN	ENST00000478212	4
PROVISIONAL_NOT_FROZEN	ENST00000372079	1
PROVISIONAL_NOT_FROZEN	ENST00000546466	0
PROVISIONAL_NOT_FROZEN	ENST00000416648	3
PROVISIONAL_NOT_FROZEN	ENST00000610851	0
PROVISIONAL_NOT_FROZEN	ENST00000428278	0
PROVISIONAL_NOT_FROZEN	ENST00000559437	3
PROVISIONAL_NOT_FROZEN	ENST00000460105	3
PROVISIONAL_NOT_FROZEN	ENST00000549490	4
PROVISIONAL_NOT_FROZEN	ENST00000614404	4
PROVISIONAL_NOT_FROZEN	ENST00000414062	4
PROVISIONAL_NOT_FROZEN	ENST00000558053	2
PROVISIONAL_NOT_FROZEN	ENST00000533683	3
PROVISIONAL_NOT_FROZEN	ENST00000527576	3
PROVISIONAL_NOT_FROZEN	ENST00000375651	2
PROVISIONAL_NOT_FROZEN	ENST00000557087	4
PROVISIONAL_NOT_FROZEN	ENST00000587470	4
PROVISIONAL_NOT_FROZEN	ENST00000451728	1
PROVISIONAL_NOT_FROZEN	ENST00000252445	2
PROVISIONAL_NOT_FROZEN	ENST00000425821	4
PROVISIONAL_NOT_FROZEN	ENST00000396856	4
PROVISIONAL_NOT_FROZEN	ENST00000342192	0
PROVISIONAL_NOT_FROZEN	ENST00000451138	2
PROVISIONAL_NOT_FROZEN	ENST00000537638	1
PROVISIONAL_NOT_FROZEN	ENST00000581012	3
PROVISIONAL_NOT_FROZEN	ENST00000570767	2
PROVISIONAL_NOT_FROZEN	ENST00000447583	2
PROVISIONAL_NOT_FROZEN	ENST00000341485	4
PROVISIONAL_NOT_FROZEN	ENST00000592528	2
PROVISIONAL_NOT_FROZEN	ENST00000552981	4
PROVISIONAL_NOT_FROZEN	ENST00000383432	3
PROVISIONAL_NOT_FROZEN	ENST00000488311	3
PROVISIONAL_NOT_FROZEN	ENST00000524074	2
PROVISIONAL_NOT_FROZEN	ENST00000489698	3
PROVISIONAL_NOT_FROZEN	ENST00000375156	0
PROVISIONAL_NOT_FROZEN	ENST00000463708	3
PROVISIONAL_NOT_FROZEN	ENST00000506946	0
PROVISIONAL_NOT_FROZEN	ENST00000463009	0
PROVISIONAL_NOT_FROZEN	ENST00000593032	0
PROVISIONAL_NOT_FROZEN	ENST00000321442	2
PROVISIONAL_NOT_FROZEN	ENST00000549561	3
PROVISIONAL_NOT_FROZEN	ENST00000596295	4
PROVISIONAL_NOT_FROZEN	ENST00000462582	4
PROVISIONAL_NOT_FROZEN	ENST00000395957	2
PROVISIONAL_NOT_FROZEN	ENST00000463527	4
PROVISIONAL_NOT_FROZEN	ENST00000420058	4
PROVISIONAL_NOT_FROZEN	ENST00000517591	1
PROVISIONAL_NOT_FROZEN	ENST00000520755	4
PROVISIONAL_NOT_FROZEN	ENST00000461205	4
PROVISIONAL_NOT_FROZEN	ENST00000530413	0
PROVISIONAL_NOT_FROZEN	ENST00000484328	0
PROVISIONAL_NOT_FROZEN	ENST00000473699	1
PROVISIONAL_NOT_FROZEN	ENST00000307046	1
PROVISIONAL_NOT_FROZEN	ENST00000520222	2
PROVISIONAL_NOT_FROZEN	ENST00000461663	2
PROVISIONAL_NOT_FROZEN	ENST00000324460	3
PROVISIONAL_NOT_FROZEN	ENST00000529927	3
PROVISIONAL_NOT_FROZEN	ENST00000374987	3
PROVISIONAL_NOT_FROZEN	ENST00000476436	3
PROVISIONAL_NOT_FROZEN	ENST00000579741	3
PROVISIONAL_NOT_FROZEN	ENST00000526212	1
PROVISIONAL_NOT_FROZEN	ENST00000448552	1
PROVISIONAL_NOT_FROZEN	ENST00000511490	1
PROVISIONAL_NOT_FROZEN	ENST00000466798	0
PROVISIONAL_NOT_FROZEN	ENST00000360110	3
PROVISIONAL_NOT_FROZEN	ENST00000475555	4
PROVISIONAL_NOT_FROZEN	ENST00000537496	1
PROVISIONAL_NOT_FROZEN	ENST00000556689	4
PROVISIONAL_NOT_FROZEN	ENST00000548496	1
PROVISIONAL_NOT_FROZEN	ENST00000462980	1
PROVISIONAL_NOT_FROZEN	ENST00000561248	4
PROVISIONAL_NOT_FROZEN	ENST00000301738	3
PROVISIONAL_NOT_FROZEN	ENST00000363124	1
PROVISIONAL_NOT_FROZEN	ENST00000467105	0
PROVISIONAL_NOT_FROZEN	ENST00000485056	2
PROVISIONAL_NOT_FROZEN	ENST00000576384	1
PROVISIONAL_NOT_FROZEN	ENST00000428336	3
PROVISIONAL_NOT_FROZEN	ENST00000532444	4
PROVISIONAL_NOT_FROZEN	ENST00000491410	1
PROVISIONAL_NOT_FROZEN	ENST00000321301	2
PROVISIONAL_NOT_FROZEN	ENST00000534232	4
PROVISIONAL_NOT_FROZEN	ENST00000337908	0
PROVISIONAL_NOT_FROZEN	ENST00000523430	0
PROVISIONAL_NOT_FROZEN	ENST00000316594	0
PROVISIONAL_NOT_FROZEN	ENST00000511198	0
PROVISIONAL_NOT_FROZEN	ENST00000462003	3
PROVISIONAL_NOT_FROZEN	ENST00000432818	1
PROVISIONAL_NOT_FROZEN	ENST00000503016	2
PROVISIONAL_NOT_FROZEN	ENST00000487794	4
PROVISIONAL_NOT_FROZEN	ENST00000485612	0
PROVISIONAL_NOT_FROZEN	ENST00000558094	3
PROVISIONAL_NOT_FROZEN	ENST00000490193	4
PROVISIONAL_NOT_FROZEN	ENST00000013070	2
PROVISIONAL_NOT_FROZEN	ENST00000442744	4
PROVISIONAL_NOT_FROZEN	ENST00000525933	2
PROVISIONAL_NOT_FROZEN	ENST00000400099	2
PROVISIONAL_NOT_FROZEN	ENST00000415282	0
PROVISIONAL_NOT_FROZEN	ENST00000531213	0
PROVISIONAL_NOT_FROZEN	ENST00000279068	1
PROVISIONAL_NOT_FROZEN	ENST00000560312	3
PROVISIONAL_NOT_FROZEN	ENST00000367429	3
PROVISIONAL_NOT_FROZEN	ENST00000509877	3
PROVISIONAL_NOT_FROZEN	ENST00000548270	3
PROVISIONAL_NOT_FROZEN	ENST00000592633	0
PROVISIONAL_NOT_FROZEN	ENST00000487481	2
PROVISIONAL_NOT_FROZEN	ENST00000392541	0
PROVISIONAL_NOT_FROZEN	ENST00000492095	1
PROVISIONAL_NOT_FROZEN	ENST00000495462	2
PROVISIONAL_NOT_FROZEN	ENST00000491156	4
PROVISIONAL_NOT_FROZEN	ENST00000486705	0
PROVISIONAL_NOT_FROZEN	ENST00000573251	2
PROVISIONAL_NOT_FROZEN	ENST00000587515	3
PROVISIONAL_NOT_FROZEN	ENST00000557670	4
PROVISIONAL_NOT_FROZEN	ENST00000550228	2
PROVISIONAL_NOT_FROZEN	ENST00000373895	2
PROVISIONAL_NOT_FROZEN	ENST00000508413	0
PROVISIONAL_NOT_FROZEN	ENST00000262746	1
PROVISIONAL_NOT_FROZEN	ENST00000503130	3
PROVISIONAL_NOT_FROZEN	ENST00000276390	0
PROVISIONAL_NOT_FROZEN	ENST00000482463	1
PROVISIONAL_NOT_FROZEN	ENST00000602361	1
PROVISIONAL_NOT_FROZEN	ENST00000597648	0
PROVISIONAL_NOT_FROZEN	ENST00000576573	2
PROVISIONAL_NOT_FROZEN	ENST00000443297	0
PROVISIONAL_NOT_FROZEN	ENST00000595683	4
PROVISIONAL_NOT_FROZEN	ENST00000463988	1
PROVISIONAL_NOT_FROZEN	ENST00000577747	2
PROVISIONAL_NOT_FROZEN	ENST00000376964	0
PROVISIONAL_NOT_FROZEN	ENST00000540887	4
PROVISIONAL_NOT_FROZEN	ENST00000457098	0
PROVISIONAL_NOT_FROZEN	ENST00000578885	0
PROVISIONAL_NOT_FROZEN	ENST00000558205	0
PROVISIONAL_NOT_FROZEN	ENST00000320270	3
PROVISIONAL_NOT_FROZEN	ENST00000497635	4
PROVISIONAL_NOT_FROZEN	ENST00000587688	1
PROVISIONAL_NOT_FROZEN	ENST00000379607	2
PROVISIONAL_NOT_FROZEN	ENST00000267950	3
PROVISIONAL_NOT_FROZEN	ENST00000312239	0
PROVISIONAL_NOT_FROZEN	ENST00000264255	3
PROVISIONAL_NOT_FROZEN	ENST00000510043	0
PROVISIONAL_NOT_FROZEN	ENST00000587940	2
PROVISIONAL_NOT_FROZEN	ENST00000620242	4
PROVISIONAL_NOT_FROZEN	ENST00000585480	0
PROVISIONAL_NOT_FROZEN	ENST00000465481	1
PROVISIONAL_NOT_FROZEN	ENST00000463141	0
PROVISIONAL_NOT_FROZEN	ENST00000447718	0
PROVISIONAL_NOT_FROZEN	ENST00000582287	4
PROVISIONAL_NOT_FROZEN	ENST00000569493	3
PROVISIONAL_NOT_FROZEN	ENST00000337970	2
PROVISIONAL_NOT_FROZEN	ENST00000489484	4
PROVISIONAL_NOT_FROZEN	ENST00000622746	2
PROVISIONAL_NOT_FROZEN	ENST00000360614	2
PROVISIONAL_NOT_FROZEN	ENST00000458237	2
PROVISIONAL_NOT_FROZEN	ENST00000557731	0
PROVISIONAL_NOT_FROZEN	ENST00000355238	4
PROVISIONAL_NOT_FROZEN	ENST00000561157	3
PROVISIONAL_NOT_FROZEN	ENST00000380529	2
PROVISIONAL_NOT_FROZEN	ENST00000470035	2
PROVISIONAL_NOT_FROZEN	ENST00000419744	2
PROVISIONAL_NOT_FROZEN	ENST00000309137	2
PROVISIONAL_NOT_FROZEN	ENST00000438240	2
PROVISIONAL_NOT_FROZEN	ENST00000416267	3
PROVISIONAL_NOT_FROZEN	ENST00000577146	1
PROVISIONAL_NOT_FROZEN	ENST00000489253	3
PROVISIONAL_NOT_FROZEN	ENST00000372522	1
PROVISIONAL_NOT_FROZEN	ENST00000527220	4
PROVISIONAL_NOT_FROZEN	ENST00000577191	1
PROVISIONAL_NOT_FROZEN	ENST00000295640	1
PROVISIONAL_NOT_FROZEN	ENST00000467480	3
PROVISIONAL_NOT_FROZEN	ENST00000515896	0
PROVISIONAL_NOT_FROZEN	ENST00000374077	3
PROVISIONAL_NOT_FROZEN	ENST00000590740	4
PROVISIONAL_NOT_FROZEN	ENST00000388968	1
PROVISIONAL_NOT_FROZEN	ENST00000600067	4
PROVISIONAL_NOT_FROZEN	ENST00000452779	4
PROVISIONAL_NOT_FROZEN	ENST00000373073	4
PROVISIONAL_NOT_FROZEN	ENST00000613434	0
PROVISIONAL_NOT_FROZEN	ENST00000498164	4
PROVISIONAL_NOT_FROZEN	ENST00000475350	3
PROVISIONAL_NOT_FROZEN	ENST00000360612	3
PROVISIONAL_NOT_FROZEN	ENST00000616691	0
PROVISIONAL_NOT_FROZEN	ENST00000469235	1
PROVISIONAL_NOT_FROZEN	ENST00000588826	0
PROVISIONAL_NOT_FROZEN	ENST00000358344	0
PROVISIONAL_NOT_FROZEN	ENST00000489027	1
PROVISIONAL_NOT_FROZEN	ENST00000538530	2
PROVISIONAL_NOT_FROZEN	ENST00000371337	0
PROVISIONAL_NOT_FROZEN	ENST00000519546	0
PROVISIONAL_NOT_FROZEN	ENST00000464658	3
PROVISIONAL_NOT_FROZEN	ENST00000599159	0
PROVISIONAL_NOT_FROZEN	ENST00000511683	1
PROVISIONAL_NOT_FROZEN	ENST00000467845	1
PROVISIONAL_NOT_FROZEN	ENST00000376957	4
PROVISIONAL_NOT_FROZEN	ENST00000374617	1
PROVISIONAL_NOT_FROZEN	ENST00000494111	4
PROVISIONAL_NOT_FROZEN	ENST00000543090	1
PROVISIONAL_NOT_FROZEN	ENST00000372409	4
PROVISIONAL_NOT_FROZEN	ENST00000630471	2
PROVISIONAL_NOT_FROZEN	ENST00000493622	2
PROVISIONAL_NOT_FROZEN	ENST00000397664	1
PROVISIONAL_NOT_FROZEN	ENST00000495215	4
PROVISIONAL_NOT_FROZEN	ENST00000461977	1
PROVISIONAL_NOT_FROZEN	ENST00000349606	1
PROVISIONAL_NOT_FROZEN	ENST00000404439	4
PROVISIONAL_NOT_FROZEN	ENST00000514199	3
PROVISIONAL_NOT_FROZEN	ENST00000512163	1
PROVISIONAL_NOT_FROZEN	ENST00000591767	0
PROVISIONAL_NOT_FROZEN	ENST00000473925	1
PROVISIONAL_NOT_FROZEN	ENST00000428066	2
PROVISIONAL_NOT_FROZEN	ENST00000508506	0
PROVISIONAL_NOT_FROZEN	ENST00000471253	4
PROVISIONAL_NOT_FROZEN	ENST00000555634	4
PROVISIONAL_NOT_FROZEN	ENST00000524420	1
PROVISIONAL_NOT_FROZEN	ENST00000379847	1
PROVISIONAL_NOT_FROZEN	ENST00000327141	4
PROVISIONAL_NOT_FROZEN	ENST00000262238	1
PROVISIONAL_NOT_FROZEN	ENST00000504470	4
PROVISIONAL_NOT_FROZEN	ENST00000528405	0
PROVISIONAL_NOT_FROZEN	ENST00000395719	2
PROVISIONAL_NOT_FROZEN	ENST00000474343	0
PROVISIONAL_NOT_FROZEN	ENST00000477662	3
PROVISIONAL_NOT_FROZEN	ENST00000471723	4
PROVISIONAL_NOT_FROZEN	ENST00000485426	0
PROVISIONAL_NOT_FROZEN	ENST00000551892	1
PROVISIONAL_NOT_FROZEN	ENST00000370775	1
PROVISIONAL_NOT_FROZEN	ENST00000423431	1
PROVISIONAL_NOT_FROZEN	ENST00000375812	0
PROVISIONAL_NOT_FROZEN	ENST00000221114	3
PROVISIONAL_NOT_FROZEN	ENST00000260247	3
PROVISIONAL_NOT_FROZEN	ENST00000451497	3
PROVISIONAL_NOT_FROZEN	ENST00000264595	1
PROVISIONAL_NOT_FROZEN	ENST00000383953	4
PROVISIONAL_NOT_FROZEN	ENST00000487898	1
PROVISIONAL_NOT_FROZEN	ENST00000578793	0
PROVISIONAL_NOT_FROZEN	ENST00000392415	3
PROVISIONAL_NOT_FROZEN	ENST00000555414	2
PROVISIONAL_NOT_FROZEN	ENST00000499038	2
PROVISIONAL_NOT_FROZEN	ENST00000459637	0
PROVISIONAL_NOT_FROZEN	ENST00000557912	1
PROVISIONAL_NOT_FROZEN	ENST00000410022	3
PROVISIONAL_NOT_FROZEN	ENST00000542791	4
PROVISIONAL_NOT_FROZEN	ENST00000372661	3
PROVISIONAL_NOT_FROZEN	ENST00000435120	1
PROVISIONAL_NOT_FROZEN	ENST00000598463	2
PROVISIONAL_NOT_FROZEN	ENST00000360472	4
PROVISIONAL_NOT_FROZEN	ENST00000463059	2
PROVISIONAL_NOT_FROZEN	ENST00000468151	1
PROVISIONAL_NOT_FROZEN	ENST00000614721	0
PROVISIONAL_NOT_FROZEN	ENST00000411827	4
PROVISIONAL_NOT_FROZEN	ENST00000595984	4
PROVISIONAL_NOT_FROZEN	ENST00000549117	4
PROVISIONAL_NOT_FROZEN	ENST00000511787	3
PROVISIONAL_NOT_FROZEN	ENST00000547005	4
PROVISIONAL_NOT_FROZEN	ENST00000496634	0
PROVISIONAL_NOT_FROZEN	ENST00000573692	0
PROVISIONAL_NOT_FROZEN	ENST00000368521	3
PROVISIONAL_NOT_FROZEN	ENST00000534699	4
PROVISIONAL_NOT_FROZEN	ENST00000409600	0
PROVISIONAL_NOT_FROZEN	ENST00000262554	2
PROVISIONAL_NOT_FROZEN	ENST00000490437	4
PROVISIONAL_NOT_FROZEN	ENST00000585633	4
PROVISIONAL_NOT_FROZEN	ENST00000507286	0
PROVISIONAL_NOT_FROZEN	ENST00000457408	2
PROVISIONAL_NOT_FROZEN	ENST00000552959	2
PROVISIONAL_NOT_FROZEN	ENST00000545000	3
PROVISIONAL_NOT_FROZEN	ENST00000520361	1
PROVISIONAL_NOT_FROZEN	ENST00000579459	3
PROVISIONAL_NOT_FROZEN	ENST00000513177	1
PROVISIONAL_NOT_FROZEN	ENST00000415187	2
PROVISIONAL_NOT_FROZEN	ENST00000341567	2
PROVISIONAL_NOT_FROZEN	ENST00000551979	3
PROVISIONAL_NOT_FROZEN	ENST00000523339	1
PROVISIONAL_NOT_FROZEN	ENST00000563744	4
PROVISIONAL_NOT_FROZEN	ENST00000514360	0
PROVISIONAL_NOT_FROZEN	ENST00000528097	0
PROVISIONAL_NOT_FROZEN	ENST00000323116	0
PROVISIONAL_NOT_FROZEN	ENST00000532702	2
PROVISIONAL_NOT_FROZEN	ENST00000321250	0
PROVISIONAL_NOT_FROZEN	ENST00000571636	0
PROVISIONAL_NOT_FROZEN	ENST00000432323	4
PROVISIONAL_NOT_FROZEN	ENST00000514259	0
PROVISIONAL_NOT_FROZEN	ENST00000433510	1
PROVISIONAL_NOT_FROZEN	ENST00000399798	3
PROVISIONAL_NOT_FROZEN	ENST00000518096	0
PROVISIONAL_NOT_FROZEN	ENST00000480191	4
PROVISIONAL_NOT_FROZEN	ENST00000428526	1
PROVISIONAL_NOT_FROZEN	ENST00000583475	4
PROVISIONAL_NOT_FROZEN	ENST00000507324	0
PROVISIONAL_NOT_FROZEN	ENST00000263847	0
PROVISIONAL_NOT_FROZEN	ENST00000503742	1
PROVISIONAL_NOT_FROZEN	ENST00000478004	4
PROVISIONAL_NOT_FROZEN	ENST00000600980	0
PROVISIONAL_NOT_FROZEN	ENST00000594885	3
PROVISIONAL_NOT_FROZEN	ENST00000438081	0
PROVISIONAL_NOT_FROZEN	ENST00000636714	1
PROVISIONAL_NOT_FROZEN	ENST00000521086	4
PROVISIONAL_NOT_FROZEN	ENST00000594164	4
PROVISIONAL_NOT_FROZEN	ENST00000537925	3
PROVISIONAL_NOT_FROZEN	ENST00000591045	1
PROVISIONAL_NOT_FROZEN	ENST00000531944	3
PROVISIONAL_NOT_FROZEN	ENST00000455750	4
PROVISIONAL_NOT_FROZEN	ENST00000573057	2
PROVISIONAL_NOT_FROZEN	ENST00000370320	0
PROVISIONAL_NOT_FROZEN	ENST00000227163	0
PROVISIONAL_NOT_FROZEN	ENST00000461298	1
PROVISIONAL_NOT_FROZEN	ENST00000348462	3
PROVISIONAL_NOT_FROZEN	ENST00000380252	4
PROVISIONAL_NOT_FROZEN	ENST00000496689	3
PROVISIONAL_NOT_FROZEN	ENST00000366976	0
PROVISIONAL_NOT_FROZEN	ENST00000522521	1
PROVISIONAL_NOT_FROZEN	ENST00000577246	0
PROVISIONAL_NOT_FROZEN	ENST00000552499	1
PROVISIONAL_NOT_FROZEN	ENST00000508751	4
PROVISIONAL_NOT_FROZEN	ENST00000461723	1
PROVISIONAL_NOT_FROZEN	ENST00000455270	4
PROVISIONAL_NOT_FROZEN	ENST00000525506	2
PROVISIONAL_NOT_FROZEN	ENST00000492135	3
PROVISIONAL_NOT_FROZEN	ENST00000403564	0
PROVISIONAL_NOT_FROZEN	ENST00000392872	4
PROVISIONAL_NOT_FROZEN	ENST00000371095	1
PROVISIONAL_NOT_FROZEN	ENST00000503833	3
PROVISIONAL_NOT_FROZEN	ENST00000525783	0
PROVISIONAL_NOT_FROZEN	ENST00000301585	2
PROVISIONAL_NOT_FROZEN	ENST00000341694	2
PROVISIONAL_NOT_FROZEN	ENST00000251047	2
PROVISIONAL_NOT_FROZEN	ENST00000470961	0
PROVISIONAL_NOT_FROZEN	ENST00000470044	0
PROVISIONAL_NOT_FROZEN	ENST00000610935	0
PROVISIONAL_NOT_FROZEN	ENST00000257181	1
PROVISIONAL_NOT_FROZEN	ENST00000555116	4
PROVISIONAL_NOT_FROZEN	ENST00000592590	1
PROVISIONAL_NOT_FROZEN	ENST00000460601	0
PROVISIONAL_NOT_FROZEN	ENST00000433675	4
PROVISIONAL_NOT_FROZEN	ENST00000401893	2
PROVISIONAL_NOT_FROZEN	ENST00000371419	2
PROVISIONAL_NOT_FROZEN	ENST00000420959	0
PROVISIONAL_NOT_FROZEN	ENST00000398988	1
PROVISIONAL_NOT_FROZEN	ENST00000533044	4
PROVISIONAL_NOT_FROZEN	ENST00000324868	1
PROVISIONAL_NOT_FROZEN	ENST00000548470	0
PROVISIONAL_NOT_FROZEN	ENST00000407315	4
PROVISIONAL_NOT_FROZEN	ENST00000612311	2
PROVISIONAL_NOT_FROZEN	ENST00000562362	4
PROVISIONAL_NOT_FROZEN	ENST00000563103	1
PROVISIONAL_NOT_FROZEN	ENST00000554366	4
PROVISIONAL_NOT_FROZEN	ENST00000372070	2
PROVISIONAL_NOT_FROZEN	ENST00000361781	4
PROVISIONAL_NOT_FROZEN	ENST00000569410	1
PROVISIONAL_NOT_FROZEN	ENST00000606061	0
PROVISIONAL_NOT_FROZEN	ENST00000592597	0
PROVISIONAL_NOT_FROZEN	ENST00000368399	3
PROVISIONAL_NOT_FROZEN	ENST00000284727	0
PROVISIONAL_NOT_FROZEN	ENST00000337354	2
PROVISIONAL_NOT_FROZEN	ENST00000428818	4
PROVISIONAL_NOT_FROZEN	ENST00000349264	0
PROVISIONAL_NOT_FROZEN	ENST00000426858	4
PROVISIONAL_NOT_FROZEN	ENST00000439527	0
PROVISIONAL_NOT_FROZEN	ENST00000392396	3
PROVISIONAL_NOT_FROZEN	ENST00000344138	2
PROVISIONAL_NOT_FROZEN	ENST00000510152	1
PROVISIONAL_NOT_FROZEN	ENST00000301488	2
PROVISIONAL_NOT_FROZEN	ENST00000480824	0
PROVISIONAL_NOT_FROZEN	ENST00000381519	4
PROVISIONAL_NOT_FROZEN	ENST00000523883	2
PROVISIONAL_NOT_FROZEN	ENST00000452865	1
PROVISIONAL_NOT_FROZEN	ENST00000454892	0
PROVISIONAL_NOT_FROZEN	ENST00000503641	0
PROVISIONAL_NOT_FROZEN	ENST00000567713	0
PROVISIONAL_NOT_FROZEN	ENST00000538098	2
PROVISIONAL_NOT_FROZEN	ENST00000519913	2
PROVISIONAL_NOT_FROZEN	ENST00000482776	3
PROVISIONAL_NOT_FROZEN	ENST00000474249	4
PROVISIONAL_NOT_FROZEN	ENST00000306954	4
PROVISIONAL_NOT_FROZEN	ENST00000557336	3
PROVISIONAL_NOT_FROZEN	ENST00000317610	0
PROVISIONAL_NOT_FROZEN	ENST00000447578	1
PROVISIONAL_NOT_FROZEN	ENST00000247843	3
PROVISIONAL_NOT_FROZEN	ENST00000490232	2
PROVISIONAL_NOT_FROZEN	ENST00000512659	3
PROVISIONAL_NOT_FROZEN	ENST00000396064	1
PROVISIONAL_NOT_FROZEN	ENST00000462688	3
PROVISIONAL_NOT_FROZEN	ENST00000488728	1
PROVISIONAL_NOT_FROZEN	ENST00000557433	4
PROVISIONAL_NOT_FROZEN	ENST00000443090	0
PROVISIONAL_NOT_FROZEN	ENST00000450405	4
PROVISIONAL_NOT_FROZEN	ENST00000493352	1
PROVISIONAL_NOT_FROZEN	ENST00000589363	4
PROVISIONAL_NOT_FROZEN	ENST00000545580	4
PROVISIONAL_NOT_FROZEN	ENST00000519322	0
PROVISIONAL_NOT_FROZEN	ENST00000578562	2
PROVISIONAL_NOT_FROZEN	ENST00000476931	2
PROVISIONAL_NOT_FROZEN	ENST00000220849	3
PROVISIONAL_NOT_FROZEN	ENST00000578569	0
PROVISIONAL_NOT_FROZEN	ENST00000357519	2
PROVISIONAL_NOT_FROZEN	ENST00000400935	1
PROVISIONAL_NOT_FROZEN	ENST00000528157	4
PROVISIONAL_NOT_FROZEN	ENST00000524244	0
PROVISIONAL_NOT_FROZEN	ENST00000534744	1
PROVISIONAL_NOT_FROZEN	ENST00000019317	3
PROVISIONAL_NOT_FROZEN	ENST00000374156	3
PROVISIONAL_NOT_FROZEN	ENST00000570173	3
PROVISIONAL_NOT_FROZEN	ENST00000531065	2
PROVISIONAL_NOT_FROZEN	ENST00000433627	2
PROVISIONAL_NOT_FROZEN	ENST00000412567	0
PROVISIONAL_NOT_FROZEN	ENST00000606561	4
PROVISIONAL_NOT_FROZEN	ENST00000434082	1
PROVISIONAL_NOT_FROZEN	ENST00000352645	3
PROVISIONAL_NOT_FROZEN	ENST00000225792	2
PROVISIONAL_NOT_FROZEN	ENST00000398160	3
PROVISIONAL_NOT_FROZEN	ENST00000486263	0
PROVISIONAL_NOT_FROZEN	ENST00000442083	2
PROVISIONAL_NOT_FROZEN	ENST00000506581	4
PROVISIONAL_NOT_FROZEN	ENST00000572639	2
PROVISIONAL_NOT_FROZEN	ENST00000326004	1
PROVISIONAL_NOT_FROZEN	ENST00000552870	0
PROVISIONAL_NOT_FROZEN	ENST00000546753	3
PROVISIONAL_NOT_FROZEN	ENST00000357602	3
PROVISIONAL_NOT_FROZEN	ENST00000457143	2
PROVISIONAL_NOT_FROZEN	ENST00000561688	3
PROVISIONAL_NOT_FROZEN	ENST00000426339	0
PROVISIONAL_NOT_FROZEN	ENST00000425847	0
PROVISIONAL_NOT_FROZEN	ENST00000590915	4
PROVISIONAL_NOT_FROZEN	ENST00000495015	3
PROVISIONAL_NOT_FROZEN	ENST00000254337	0
PROVISIONAL_NOT_FROZEN	ENST00000484352	4
PROVISIONAL_NOT_FROZEN	ENST00000528011	0
PROVISIONAL_NOT_FROZEN	ENST00000558353	2
PROVISIONAL_NOT_FROZEN	ENST00000595637	0
PROVISIONAL_NOT_FROZEN	ENST00000543658	3
PROVISIONAL_NOT_FROZEN	ENST00000443449	1
PROVISIONAL_NOT_FROZEN	ENST00000360806	2
PROVISIONAL_NOT_FROZEN	ENST00000436427	2
PROVISIONAL_NOT_FROZEN	ENST00000246535	1
PROVISIONAL_NOT_FROZEN	ENST00000487958	4
PROVISIONAL_NOT_FROZEN	ENST00000505461	1
PROVISIONAL_NOT_FROZEN	ENST00000492244	1
PROVISIONAL_NOT_FROZEN	ENST00000472926	3
PROVISIONAL_NOT_FROZEN	ENST00000374610	4
PROVISIONAL_NOT_FROZEN	ENST00000553490	0
PROVISIONAL_NOT_FROZEN	ENST00000266673	3
PROVISIONAL_NOT_FROZEN	ENST00000612800	2
PROVISIONAL_NOT_FROZEN	ENST00000474691	3
PROVISIONAL_NOT_FROZEN	ENST00000459634	0
PROVISIONAL_NOT_FROZEN	ENST00000561710	0
PROVISIONAL_NOT_FROZEN	ENST00000285930	4
PROVISIONAL_NOT_FROZEN	ENST00000470670	1
PROVISIONAL_NOT_FROZEN	ENST00000616084	4
PROVISIONAL_NOT_FROZEN	ENST00000615507	2
PROVISIONAL_NOT_FROZEN	ENST00000371568	4
PROVISIONAL_NOT_FROZEN	ENST00000381698	0
PROVISIONAL_NOT_FROZEN	ENST00000381346	4
PROVISIONAL_NOT_FROZEN	ENST00000533075	3
PROVISIONAL_NOT_FROZEN	ENST00000497637	1
PROVISIONAL_NOT_FROZEN	ENST00000425718	2
PROVISIONAL_NOT_FROZEN	ENST00000376334	2
PROVISIONAL_NOT_FROZEN	ENST00000537745	0
PROVISIONAL_NOT_FROZEN	ENST00000464242	3
PROVISIONAL_NOT_FROZEN	ENST00000521933	2
PROVISIONAL_NOT_FROZEN	ENST00000616917	0
PROVISIONAL_NOT_FROZEN	ENST00000601786	4
PROVISIONAL_NOT_FROZEN	ENST00000597743	4
PROVISIONAL_NOT_FROZEN	ENST00000470985	2
PROVISIONAL_NOT_FROZEN	ENST00000467076	1
PROVISIONAL_NOT_FROZEN	ENST00000534030	2
PROVISIONAL_NOT_FROZEN	ENST00000466690	0
PROVISIONAL_NOT_FROZEN	ENST00000368830	0
PROVISIONAL_NOT_FROZEN	ENST00000598871	4
PROVISIONAL_NOT_FROZEN	ENST00000472093	3
PROVISIONAL_NOT_FROZEN	ENST00000584216	0
PROVISIONAL_NOT_FROZEN	ENST00000470867	0
PROVISIONAL_NOT_FROZEN	ENST00000460840	0
PROVISIONAL_NOT_FROZEN	ENST00000598858	2
PROVISIONAL_NOT_FROZEN	ENST00000375167	4
PROVISIONAL_NOT_FROZEN	ENST00000509535	1
PROVISIONAL_NOT_FROZEN	ENST00000477182	4
PROVISIONAL_NOT_FROZEN	ENST00000519517	3
PROVISIONAL_NOT_FROZEN	ENST00000397722	4
PROVISIONAL_NOT_FROZEN	ENST00000577901	4
PROVISIONAL_NOT_FROZEN	ENST00000257776	3
PROVISIONAL_NOT_FROZEN	ENST00000548577	1
PROVISIONAL_NOT_FROZEN	ENST00000484463	1
PROVISIONAL_NOT_FROZEN	ENST00000445656	4
PROVISIONAL_NOT_FROZEN	ENST00000613570	1
PROVISIONAL_NOT_FROZEN	ENST00000533444	2
PROVISIONAL_NOT_FROZEN	ENST00000531563	2
PROVISIONAL_NOT_FROZEN	ENST00000506909	3
PROVISIONAL_NOT_FROZEN	ENST00000371443	2
PROVISIONAL_NOT_FROZEN	ENST00000477706	1
PROVISIONAL_NOT_FROZEN	ENST00000515859	0
PROVISIONAL_NOT_FROZEN	ENST00000541166	3
PROVISIONAL_NOT_FROZEN	ENST00000523086	2
PROVISIONAL_NOT_FROZEN	ENST00000461176	0
PROVISIONAL_NOT_FROZEN	ENST00000446699	3
PROVISIONAL_NOT_FROZEN	ENST00000437518	1
PROVISIONAL_NOT_FROZEN	ENST00000296273	1
PROVISIONAL_NOT_FROZEN	ENST00000506409	0
PROVISIONAL_NOT_FROZEN	ENST00000458574	1
PROVISIONAL_NOT_FROZEN	ENST00000422708	4
PROVISIONAL_NOT_FROZEN	ENST00000307365	2
PROVISIONAL_NOT_FROZEN	ENST00000520142	4
PROVISIONAL_NOT_FROZEN	ENST00000337288	2
PROVISIONAL_NOT_FROZEN	ENST00000481681	4
PROVISIONAL_NOT_FROZEN	ENST00000401418	2
PROVISIONAL_NOT_FROZEN	ENST00000589711	1
PROVISIONAL_NOT_FROZEN	ENST00000471522	1
PROVISIONAL_NOT_FROZEN	ENST00000520099	2
PROVISIONAL_NOT_FROZEN	ENST00000548386	4
PROVISIONAL_NOT_FROZEN	ENST00000285968	0
PROVISIONAL_NOT_FROZEN	ENST00000506802	0
PROVISIONAL_NOT_FROZEN	ENST00000396076	2
PROVISIONAL_NOT_FROZEN	ENST00000483409	0
PROVISIONAL_NOT_FROZEN	ENST00000392730	4
PROVISIONAL_NOT_FROZEN	ENST00000527779	3
PROVISIONAL_NOT_FROZEN	ENST00000365382	4
PROVISIONAL_NOT_FROZEN	ENST00000395068	4
PROVISIONAL_NOT_FROZEN	ENST00000290810	4
PROVISIONAL_NOT_FROZEN	ENST00000552360	2
PROVISIONAL_NOT_FROZEN	ENST00000627121	3
PROVISIONAL_NOT_FROZEN	ENST00000263579	0
PROVISIONAL_NOT_FROZEN	ENST00000463089	0
PROVISIONAL_NOT_FROZEN	ENST00000488396	0
PROVISIONAL_NOT_FROZEN	ENST00000550443	1
PROVISIONAL_NOT_FROZEN	ENST00000532356	2
PROVISIONAL_NOT_FROZEN	ENST00000426155	3
PROVISIONAL_NOT_FROZEN	ENST00000548201	0
PROVISIONAL_NOT_FROZEN	ENST00000445859	0
PROVISIONAL_NOT_FROZEN	ENST00000240306	4
PROVISIONAL_NOT_FROZEN	ENST00000535617	1
PROVISIONAL_NOT_FROZEN	ENST00000529638	1
PROVISIONAL_NOT_FROZEN	ENST00000595491	3
PROVISIONAL_NOT_FROZEN	ENST00000590811	0
PROVISIONAL_NOT_FROZEN	ENST00000429120	0
PROVISIONAL_NOT_FROZEN	ENST00000538718	4
PROVISIONAL_NOT_FROZEN	ENST00000338402	2
PROVISIONAL_NOT_FROZEN	ENST00000458653	1
PROVISIONAL_NOT_FROZEN	ENST00000484616	2
PROVISIONAL_NOT_FROZEN	ENST00000549258	1
PROVISIONAL_NOT_FROZEN	ENST00000367254	1
PROVISIONAL_NOT_FROZEN	ENST00000566397	2
PROVISIONAL_NOT_FROZEN	ENST00000487399	3
PROVISIONAL_NOT_FROZEN	ENST00000481997	3
PROVISIONAL_NOT_FROZEN	ENST00000538497	4
PROVISIONAL_NOT_FROZEN	ENST00000539214	2
PROVISIONAL_NOT_FROZEN	ENST00000568426	0
PROVISIONAL_NOT_FROZEN	ENST00000421097	2
PROVISIONAL_NOT_FROZEN	ENST00000542765	2
PROVISIONAL_NOT_FROZEN	ENST00000592760	2
PROVISIONAL_NOT_FROZEN	ENST00000548753	1
PROVISIONAL_NOT_FROZEN	ENST00000625619	2
PROVISIONAL_NOT_FROZEN	ENST00000381140	3
PROVISIONAL_NOT_FROZEN	ENST00000529177	1
PROVISIONAL_NOT_FROZEN	ENST00000471700	4
PROVISIONAL_NOT_FROZEN	ENST00000487599	4
PROVISIONAL_NOT_FROZEN	ENST00000571702	0
PROVISIONAL_NOT_FROZEN	ENST00000276699	4
PROVISIONAL_NOT_FROZEN	ENST00000360541	2
PROVISIONAL_NOT_FROZEN	ENST00000615252	3
PROVISIONAL_NOT_FROZEN	ENST00000589034	2
PROVISIONAL_NOT_FROZEN	ENST00000579226	2
PROVISIONAL_NOT_FROZEN	ENST00000421196	4
PROVISIONAL_NOT_FROZEN	ENST00000299714	1
PROVISIONAL_NOT_FROZEN	ENST00000555890	2
PROVISIONAL_NOT_FROZEN	ENST00000277746	0
PROVISIONAL_NOT_FROZEN	ENST00000342020	4
PROVISIONAL_NOT_FROZEN	ENST00000360244	2
PROVISIONAL_NOT_FROZEN	ENST00000482565	2
PROVISIONAL_NOT_FROZEN	ENST00000450455	2
PROVISIONAL_NOT_FROZEN	ENST00000304834	4
PROVISIONAL_NOT_FROZEN	ENST00000617757	0
PROVISIONAL_NOT_FROZEN	ENST00000466686	1
PROVISIONAL_NOT_FROZEN	ENST00000473703	2
PROVISIONAL_NOT_FROZEN	ENST00000559907	0
PROVISIONAL_NOT_FROZEN	ENST00000373616	2
PROVISIONAL_NOT_FROZEN	ENST00000527366	1
PROVISIONAL_NOT_FROZEN	ENST00000380171	2
PROVISIONAL_NOT_FROZEN	ENST00000493945	2
PROVISIONAL_NOT_FROZEN	ENST00000519059	4
PROVISIONAL_NOT_FROZEN	ENST00000508590	0
PROVISIONAL_NOT_FROZEN	ENST00000460823	0
PROVISIONAL_NOT_FROZEN	ENST00000356000	3
PROVISIONAL_NOT_FROZEN	ENST00000228872	3
PROVISIONAL_NOT_FROZEN	ENST00000533377	4
PROVISIONAL_NOT_FROZEN	ENST00000585124	0
PROVISIONAL_NOT_FROZEN	ENST00000396828	4
PROVISIONAL_NOT_FROZEN	ENST00000414313	2
PROVISIONAL_NOT_FROZEN	ENST00000334295	1
PROVISIONAL_NOT_FROZEN	ENST00000431586	3
PROVISIONAL_NOT_FROZEN	ENST00000451652	3
PROVISIONAL_NOT_FROZEN	ENST00000585395	0
PROVISIONAL_NOT_FROZEN	ENST00000594780	3
PROVISIONAL_NOT_FROZEN	ENST00000462978	2
PROVISIONAL_NOT_FROZEN	ENST00000424959	0
PROVISIONAL_NOT_FROZEN	ENST00000334841	2
PROVISIONAL_NOT_FROZEN	ENST00000424203	1
PROVISIONAL_NOT_FROZEN	ENST00000477168	0
PROVISIONAL_NOT_FROZEN	ENST00000456102	2
PROVISIONAL_NOT_FROZEN	ENST00000593900	1
PROVISIONAL_NOT_FROZEN	ENST00000594525	4
PROVISIONAL_NOT_FROZEN	ENST00000424349	1
PROVISIONAL_NOT_FROZEN	ENST00000384534	0
PROVISIONAL_NOT_FROZEN	ENST00000483030	4
PROVISIONAL_NOT_FROZEN	ENST00000449683	4
PROVISIONAL_NOT_FROZEN	ENST00000478869	0
PROVISIONAL_NOT_FROZEN	ENST00000438848	1
PROVISIONAL_NOT_FROZEN	ENST00000403747	4
PROVISIONAL_NOT_FROZEN	ENST00000444423	2
PROVISIONAL_NOT_FROZEN	ENST00000567229	3
PROVISIONAL_NOT_FROZEN	ENST00000484568	2
PROVISIONAL_NOT_FROZEN	ENST00000355572	0
PROVISIONAL_NOT_FROZEN	ENST00000472694	4
PROVISIONAL_NOT_FROZEN	ENST00000262640	2
PROVISIONAL_NOT_FROZEN	ENST00000409924	3
PROVISIONAL_NOT_FROZEN	ENST00000522304	1
PROVISIONAL_NOT_FROZEN	ENST00000452673	3
PROVISIONAL_NOT_FROZEN	ENST00000393190	1
PROVISIONAL_NOT_FROZEN	ENST00000373852	3
PROVISIONAL_NOT_FROZEN	ENST00000504128	1
PROVISIONAL_NOT_FROZEN	ENST00000493874	0
PROVISIONAL_NOT_FROZEN	ENST00000530337	2
PROVISIONAL_NOT_FROZEN	ENST00000548462	2
PROVISIONAL_NOT_FROZEN	ENST00000616182	4
PROVISIONAL_NOT_FROZEN	ENST00000420977	3
PROVISIONAL_NOT_FROZEN	ENST00000612809	2
PROVISIONAL_NOT_FROZEN	ENST00000481195	0
PROVISIONAL_NOT_FROZEN	ENST00000465744	1
PROVISIONAL_NOT_FROZEN	ENST00000529064	2
PROVISIONAL_NOT_FROZEN	ENST00000220514	4
PROVISIONAL_NOT_FROZEN	ENST00000397416	3
PROVISIONAL_NOT_FROZEN	ENST00000422418	0
PROVISIONAL_NOT_FROZEN	ENST00000592700	4
PROVISIONAL_NOT_FROZEN	ENST00000309922	4
PROVISIONAL_NOT_FROZEN	ENST00000531413	0
PROVISIONAL_NOT_FROZEN	ENST00000534380	4
PROVISIONAL_NOT_FROZEN	ENST00000304979	1
PROVISIONAL_NOT_FROZEN	ENST00000460265	2
PROVISIONAL_NOT_FROZEN	ENST00000013894	1
PROVISIONAL_NOT_FROZEN	ENST00000546917	4
PROVISIONAL_NOT_FROZEN	ENST00000369041	2
PROVISIONAL_NOT_FROZEN	ENST00000340384	3
PROVISIONAL_NOT_FROZEN	ENST00000391751	3
PROVISIONAL_NOT_FROZEN	ENST00000463788	4
PROVISIONAL_NOT_FROZEN	ENST00000555930	4
PROVISIONAL_NOT_FROZEN	ENST00000549647	2
PROVISIONAL_NOT_FROZEN	ENST00000486354	3
PROVISIONAL_NOT_FROZEN	ENST00000594844	1
PROVISIONAL_NOT_FROZEN	ENST00000354277	2
PROVISIONAL_NOT_FROZEN	ENST00000552016	3
PROVISIONAL_NOT_FROZEN	ENST00000466764	4
PROVISIONAL_NOT_FROZEN	ENST00000397797	4
PROVISIONAL_NOT_FROZEN	ENST00000364923	3
PROVISIONAL_NOT_FROZEN	ENST00000439189	1
PROVISIONAL_NOT_FROZEN	ENST00000482194	1
PROVISIONAL_NOT_FROZEN	ENST00000487034	4
PROVISIONAL_NOT_FROZEN	ENST00000484256	2
PROVISIONAL_NOT_FROZEN	ENST00000344546	3
PROVISIONAL_NOT_FROZEN	ENST00000585769	0
PROVISIONAL_NOT_FROZEN	ENST00000615564	3
PROVISIONAL_NOT_FROZEN	ENST00000397467	0
PROVISIONAL_NOT_FROZEN	ENST00000538491	0
PROVISIONAL_NOT_FROZEN	ENST00000437468	2
PROVISIONAL_NOT_FROZEN	ENST00000467058	1
PROVISIONAL_NOT_FROZEN	ENST00000542488	0
PROVISIONAL_NOT_FROZEN	ENST00000528952	1
PROVISIONAL_NOT_FROZEN	ENST00000587168	1
PROVISIONAL_NOT_FROZEN	ENST00000594991	3
PROVISIONAL_NOT_FROZEN	ENST00000485841	2
PROVISIONAL_NOT_FROZEN	ENST00000398884	4
PROVISIONAL_NOT_FROZEN	ENST00000413221	0
PROVISIONAL_NOT_FROZEN	ENST00000376664	4
PROVISIONAL_NOT_FROZEN	ENST00000467767	4
PROVISIONAL_NOT_FROZEN	ENST00000266025	1
PROVISIONAL_NOT_FROZEN	ENST00000263208	4
PROVISIONAL_NOT_FROZEN	ENST00000343150	4
PROVISIONAL_NOT_FROZEN	ENST00000486633	1
PROVISIONAL_NOT_FROZEN	ENST00000596657	3
PROVISIONAL_NOT_FROZEN	ENST00000507415	2
PROVISIONAL_NOT_FROZEN	ENST00000521297	3
PROVISIONAL_NOT_FROZEN	ENST00000504924	2
PROVISIONAL_NOT_FROZEN	ENST00000314423	1
PROVISIONAL_NOT_FROZEN	ENST00000504396	1
PROVISIONAL_NOT_FROZEN	ENST00000400751	3
PROVISIONAL_NOT_FROZEN	ENST00000498085	1
PROVISIONAL_NOT_FROZEN	ENST00000416082	3
PROVISIONAL_NOT_FROZEN	ENST00000395006	0
PROVISIONAL_NOT_FROZEN	ENST00000216456	2
PROVISIONAL_NOT_FROZEN	ENST00000493678	2
PROVISIONAL_NOT_FROZEN	ENST00000336023	1
PROVISIONAL_NOT_FROZEN	ENST00000493672	2
PROVISIONAL_NOT_FROZEN	ENST00000545920	3
PROVISIONAL_NOT_FROZEN	ENST00000334351	0
PROVISIONAL_NOT_FROZEN	ENST00000470492	0
PROVISIONAL_NOT_FROZEN	ENST00000359435	3
PROVISIONAL_NOT_FROZEN	ENST00000451325	4
PROVISIONAL_NOT_FROZEN	ENST00000604879	1
PROVISIONAL_NOT_FROZEN	ENST00000494771	1
PROVISIONAL_NOT_FROZEN	ENST00000493274	2
PROVISIONAL_NOT_FROZEN	ENST00000417009	2
PROVISIONAL_NOT_FROZEN	ENST00000431929	4
PROVISIONAL_NOT_FROZEN	ENST00000500563	0
PROVISIONAL_NOT_FROZEN	ENST00000364228	4
PROVISIONAL_NOT_FROZEN	ENST00000378543	1
PROVISIONAL_NOT_FROZEN	ENST00000304414	3
PROVISIONAL_NOT_FROZEN	ENST00000528192	2
PROVISIONAL_NOT_FROZEN	ENST00000472267	1
PROVISIONAL_NOT_FROZEN	ENST00000428169	2
PROVISIONAL_NOT_FROZEN	ENST00000537739	0
PROVISIONAL_NOT_FROZEN	ENST00000557697	4
PROVISIONAL_NOT_FROZEN	ENST00000366612	2
PROVISIONAL_NOT_FROZEN	ENST00000588502	4
PROVISIONAL_NOT_FROZEN	ENST00000401558	0
PROVISIONAL_NOT_FROZEN	ENST00000494054	4
PROVISIONAL_NOT_FROZEN	ENST00000396387	2
PROVISIONAL_NOT_FROZEN	ENST00000531186	4
PROVISIONAL_NOT_FROZEN	ENST00000549017	1
PROVISIONAL_NOT_FROZEN	ENST00000428210	0
PROVISIONAL_NOT_FROZEN	ENST00000401879	2
PROVISIONAL_NOT_FROZEN	ENST00000567508	1
PROVISIONAL_NOT_FROZEN	ENST00000343075	1
PROVISIONAL_NOT_FROZEN	ENST00000488227	3
PROVISIONAL_NOT_FROZEN	ENST00000376911	2
PROVISIONAL_NOT_FROZEN	ENST00000546931	4
PROVISIONAL_NOT_FROZEN	ENST00000370885	1
PROVISIONAL_NOT_FROZEN	ENST00000316721	0
PROVISIONAL_NOT_FROZEN	ENST00000375643	3
PROVISIONAL_NOT_FROZEN	ENST00000442125	0
PROVISIONAL_NOT_FROZEN	ENST00000487809	0
PROVISIONAL_NOT_FROZEN	ENST00000435765	1
PROVISIONAL_NOT_FROZEN	ENST00000374500	4
PROVISIONAL_NOT_FROZEN	ENST00000455810	3
PROVISIONAL_NOT_FROZEN	ENST00000638926	3
PROVISIONAL_NOT_FROZEN	ENST00000465362	1
PROVISIONAL_NOT_FROZEN	ENST00000474086	4
PROVISIONAL_NOT_FROZEN	ENST00000409311	1
PROVISIONAL_NOT_FROZEN	ENST00000557623	2
PROVISIONAL_NOT_FROZEN	ENST00000297157	4
PROVISIONAL_NOT_FROZEN	ENST00000498657	3
PROVISIONAL_NOT_FROZEN	ENST00000489071	3
PROVISIONAL_NOT_FROZEN	ENST00000521260	1
PROVISIONAL_NOT_FROZEN	ENST00000271638	4
PROVISIONAL_NOT_FROZEN	ENST00000581718	4
PROVISIONAL_NOT_FROZEN	ENST00000553672	0
PROVISIONAL_NOT_FROZEN	ENST00000467924	0
PROVISIONAL_NOT_FROZEN	ENST00000277865	1
PROVISIONAL_NOT_FROZEN	ENST00000453452	0
PROVISIONAL_NOT_FROZEN	ENST00000588695	2
PROVISIONAL_NOT_FROZEN	ENST00000548913	1
PROVISIONAL_NOT_FROZEN	ENST00000269886	4
PROVISIONAL_NOT_FROZEN	ENST00000503507	0
PROVISIONAL_NOT_FROZEN	ENST00000594217	4
PROVISIONAL_NOT_FROZEN	ENST00000527431	1
PROVISIONAL_NOT_FROZEN	ENST00000345046	1
PROVISIONAL_NOT_FROZEN	ENST00000372025	2
PROVISIONAL_NOT_FROZEN	ENST00000425248	0
PROVISIONAL_NOT_FROZEN	ENST00000564386	3
PROVISIONAL_NOT_FROZEN	ENST00000320330	4
PROVISIONAL_NOT_FROZEN	ENST00000490996	0
PROVISIONAL_NOT_FROZEN	ENST00000598441	3
PROVISIONAL_NOT_FROZEN	ENST00000392560	2
PROVISIONAL_NOT_FROZEN	ENST00000555563	4
PROVISIONAL_NOT_FROZEN	ENST00000489843	4
PROVISIONAL_NOT_FROZEN	ENST00000567110	0
PROVISIONAL_NOT_FROZEN	ENST00000547863	1
PROVISIONAL_NOT_FROZEN	ENST00000483330	0
PROVISIONAL_NOT_FROZEN	ENST00000511032	1
PROVISIONAL_NOT_FROZEN	ENST00000615544	2
PROVISIONAL_NOT_FROZEN	ENST00000548580	1
PROVISIONAL_NOT_FROZEN	ENST00000503078	2
PROVISIONAL_NOT_FROZEN	ENST00000592202	2
PROVISIONAL_NOT_FROZEN	ENST00000231504	0
PROVISIONAL_NOT_FROZEN	ENST00000296411	2
PROVISIONAL_NOT_FROZEN	ENST00000512145	3
PROVISIONAL_NOT_FROZEN	ENST00000540486	2
PROVISIONAL_NOT_FROZEN	ENST00000547526	4
PROVISIONAL_NOT_FROZEN	ENST00000425441	2
PROVISIONAL_NOT_FROZEN	ENST00000444272	4
PROVISIONAL_NOT_FROZEN	ENST00000354926	3
PROVISIONAL_NOT_FROZEN	ENST00000217402	4
PROVISIONAL_NOT_FROZEN	ENST00000286548	0
PROVISIONAL_NOT_FROZEN	ENST00000522888	2
PROVISIONAL_NOT_FROZEN	ENST00000375964	3
PROVISIONAL_NOT_FROZEN	ENST00000486134	3
PROVISIONAL_NOT_FROZEN	ENST00000470944	1
PROVISIONAL_NOT_FROZEN	ENST00000460088	4
PROVISIONAL_NOT_FROZEN	ENST00000601697	1
PROVISIONAL_NOT_FROZEN	ENST00000453788	2
PROVISIONAL_NOT_FROZEN	ENST00000370291	4
PROVISIONAL_NOT_FROZEN	ENST00000495952	2
PROVISIONAL_NOT_FROZEN	ENST00000381514	4
PROVISIONAL_NOT_FROZEN	ENST00000399312	1
PROVISIONAL_NOT_FROZEN	ENST00000497826	2
PROVISIONAL_NOT_FROZEN	ENST00000495142	0
PROVISIONAL_NOT_FROZEN	ENST00000428469	4
PROVISIONAL_NOT_FROZEN	ENST00000593713	3
PROVISIONAL_NOT_FROZEN	ENST00000378538	0
PROVISIONAL_NOT_FROZEN	ENST00000316448	0
PROVISIONAL_NOT_FROZEN	ENST00000474141	2
PROVISIONAL_NOT_FROZEN	ENST00000541403	3
PROVISIONAL_NOT_FROZEN	ENST00000595957	0
PROVISIONAL_NOT_FROZEN	ENST00000592874	4
PROVISIONAL_NOT_FROZEN	ENST00000475777	4
PROVISIONAL_NOT_FROZEN	ENST00000480370	1
PROVISIONAL_NOT_FROZEN	ENST00000414002	0
PROVISIONAL_NOT_FROZEN	ENST00000567815	4
PROVISIONAL_NOT_FROZEN	ENST00000538784	1
PROVISIONAL_NOT_FROZEN	ENST00000558384	3
PROVISIONAL_NOT_FROZEN	ENST00000372134	2
PROVISIONAL_NOT_FROZEN	ENST00000407082	0
PROVISIONAL_NOT_FROZEN	ENST00000583839	2
PROVISIONAL_NOT_FROZEN	ENST00000468285	3
PROVISIONAL_NOT_FROZEN	ENST00000261712	1
PROVISIONAL_NOT_FROZEN	ENST00000575963	3
PROVISIONAL_NOT_FROZEN	ENST00000457269	4
PROVISIONAL_NOT_FROZEN	ENST00000424443	4
PROVISIONAL_NOT_FROZEN	ENST00000249299	2
PROVISIONAL_NOT_FROZEN	ENST00000624761	0
PROVISIONAL_NOT_FROZEN	ENST00000464438	4
PROVISIONAL_NOT_FROZEN	ENST00000471127	2
PROVISIONAL_NOT_FROZEN	ENST00000485532	4
PROVISIONAL_NOT_FROZEN	ENST00000587488	4
PROVISIONAL_NOT_FROZEN	ENST00000552388	2
PROVISIONAL_NOT_FROZEN	ENST00000232496	1
PROVISIONAL_NOT_FROZEN	ENST00000470840	4
PROVISIONAL_NOT_FROZEN	ENST00000361436	2
PROVISIONAL_NOT_FROZEN	ENST00000380359	3
PROVISIONAL_NOT_FROZEN	ENST00000587950	4
PROVISIONAL_NOT_FROZEN	ENST00000529048	2
PROVISIONAL_NOT_FROZEN	ENST00000461180	4
PROVISIONAL_NOT_FROZEN	ENST00000600804	1
PROVISIONAL_NOT_FROZEN	ENST00000367064	4
PROVISIONAL_NOT_FROZEN	ENST00000465012	4
PROVISIONAL_NOT_FROZEN	ENST00000260379	4
PROVISIONAL_NOT_FROZEN	ENST00000509462	4
PROVISIONAL_NOT_FROZEN	ENST00000490870	4
PROVISIONAL_NOT_FROZEN	ENST00000360876	3
PROVISIONAL_NOT_FROZEN	ENST00000495394	3
PROVISIONAL_NOT_FROZEN	ENST00000490140	1
PROVISIONAL_NOT_FROZEN	ENST00000529255	4
PROVISIONAL_NOT_FROZEN	ENST00000601498	3
PROVISIONAL_NOT_FROZEN	ENST00000540269	3
PROVISIONAL_NOT_FROZEN	ENST00000586242	1
PROVISIONAL_NOT_FROZEN	ENST00000454976	0
PROVISIONAL_NOT_FROZEN	ENST00000503454	1
PROVISIONAL_NOT_FROZEN	ENST00000303887	1
PROVISIONAL_NOT_FROZEN	ENST00000469191	2
PROVISIONAL_NOT_FROZEN	ENST00000366647	3
PROVISIONAL_NOT_FROZEN	ENST00000574924	2
PROVISIONAL_NOT_FROZEN	ENST00000307102	2
PROVISIONAL_NOT_FROZEN	ENST00000272542	4
PROVISIONAL_NOT_FROZEN	ENST00000534131	1
PROVISIONAL_NOT_FROZEN	ENST00000526049	4
PROVISIONAL_NOT_FROZEN	ENST00000320996	4
PROVISIONAL_NOT_FROZEN	ENST00000355857	1
PROVISIONAL_NOT_FROZEN	ENST00000597870	3
PROVISIONAL_NOT_FROZEN	ENST00000422509	0
PROVISIONAL_NOT_FROZEN	ENST00000426480	1
PROVISIONAL_NOT_FROZEN	ENST00000502307	2
PROVISIONAL_NOT_FROZEN	ENST00000558492	0
PROVISIONAL_NOT_FROZEN	ENST00000544336	4
PROVISIONAL_NOT_FROZEN	ENST00000580649	3
PROVISIONAL_NOT_FROZEN	ENST00000550578	2
PROVISIONAL_NOT_FROZEN	ENST00000474253	0
PROVISIONAL_NOT_FROZEN	ENST00000225969	4
PROVISIONAL_NOT_FROZEN	ENST00000511552	3
PROVISIONAL_NOT_FROZEN	ENST00000574941	0
PROVISIONAL_NOT_FROZEN	ENST00000403313	1
PROVISIONAL_NOT_FROZEN	ENST00000602735	1
PROVISIONAL_NOT_FROZEN	ENST00000486144	3
PROVISIONAL_NOT_FROZEN	ENST00000463125	3
PROVISIONAL_NOT_FROZEN	ENST00000393196	2
PROVISIONAL_NOT_FROZEN	ENST00000483871	3
PROVISIONAL_NOT_FROZEN	ENST00000468120	0
PROVISIONAL_NOT_FROZEN	ENST00000474668	3
PROVISIONAL_NOT_FROZEN	ENST00000465752	2
PROVISIONAL_NOT_FROZEN	ENST00000553769	2
PROVISIONAL_NOT_FROZEN	ENST00000492243	3
PROVISIONAL_NOT_FROZEN	ENST00000552924	3
PROVISIONAL_NOT_FROZEN	ENST00000548249	2
PROVISIONAL_NOT_FROZEN	ENST00000371175	1
PROVISIONAL_NOT_FROZEN	ENST00000406022	2
PROVISIONAL_NOT_FROZEN	ENST00000476175	2
PROVISIONAL_NOT_FROZEN	ENST00000507807	1
PROVISIONAL_NOT_FROZEN	ENST00000549479	1
PROVISIONAL_NOT_FROZEN	ENST00000550423	0
PROVISIONAL_NOT_FROZEN	ENST00000537025	4
PROVISIONAL_NOT_FROZEN	ENST00000522397	4
PROVISIONAL_NOT_FROZEN	ENST00000488400	1
PROVISIONAL_NOT_FROZEN	ENST00000522047	1
PROVISIONAL_NOT_FROZEN	ENST00000547048	0
PROVISIONAL_NOT_FROZEN	ENST00000534385	0
PROVISIONAL_NOT_FROZEN	ENST00000216225	2
PROVISIONAL_NOT_FROZEN	ENST00000563270	4
PROVISIONAL_NOT_FROZEN	ENST00000380524	2
PROVISIONAL_NOT_FROZEN	ENST00000308683	0
PROVISIONAL_NOT_FROZEN	ENST00000465082	0
PROVISIONAL_NOT_FROZEN	ENST00000414543	4
PROVISIONAL_NOT_FROZEN	ENST00000345003	4
PROVISIONAL_NOT_FROZEN	ENST00000535610	0
PROVISIONAL_NOT_FROZEN	ENST00000465788	4
PROVISIONAL_NOT_FROZEN	ENST00000593523	3
PROVISIONAL_NOT_FROZEN	ENST00000553555	2
PROVISIONAL_NOT_FROZEN	ENST00000559158	4
PROVISIONAL_NOT_FROZEN	ENST00000534717	4
PROVISIONAL_NOT_FROZEN	ENST00000614462	2
PROVISIONAL_NOT_FROZEN	ENST00000502658	2
PROVISIONAL_NOT_FROZEN	ENST00000526608	2
PROVISIONAL_NOT_FROZEN	ENST00000443181	0
PROVISIONAL_NOT_FROZEN	ENST00000552266	1
PROVISIONAL_NOT_FROZEN	ENST00000619795	2
PROVISIONAL_NOT_FROZEN	ENST00000580435	3
PROVISIONAL_NOT_FROZEN	ENST00000371661	4
PROVISIONAL_NOT_FROZEN	ENST00000371554	4
PROVISIONAL_NOT_FROZEN	ENST00000482574	2
PROVISIONAL_NOT_FROZEN	ENST00000477451	1
PROVISIONAL_NOT_FROZEN	ENST00000600873	1
PROVISIONAL_NOT_FROZEN	ENST00000509346	1
PROVISIONAL_NOT_FROZEN	ENST00000543543	1
PROVISIONAL_NOT_FROZEN	ENST00000370995	4
PROVISIONAL_NOT_FROZEN	ENST00000443669	0
PROVISIONAL_NOT_FROZEN	ENST00000503822	1
PROVISIONAL_NOT_FROZEN	ENST00000466070	3
PROVISIONAL_NOT_FROZEN	ENST00000469575	3
PROVISIONAL_NOT_FROZEN	ENST00000577640	4
PROVISIONAL_NOT_FROZEN	ENST00000424827	1
PROVISIONAL_NOT_FROZEN	ENST00000486575	1
PROVISIONAL_NOT_FROZEN	ENST00000525900	2
PROVISIONAL_NOT_FROZEN	ENST00000468204	4
PROVISIONAL_NOT_FROZEN	ENST00000353341	1
PROVISIONAL_NOT_FROZEN	ENST00000489043	2
PROVISIONAL_NOT_FROZEN	ENST00000367579	4
PROVISIONAL_NOT_FROZEN	ENST00000375663	4
PROVISIONAL_NOT_FROZEN	ENST00000521067	4
PROVISIONAL_NOT_FROZEN	ENST00000534981	0
PROVISIONAL_NOT_FROZEN	ENST00000589454	1
PROVISIONAL_NOT_FROZEN	ENST00000379707	3
PROVISIONAL_NOT_FROZEN	ENST00000495867	0
PROVISIONAL_NOT_FROZEN	ENST00000460260	2
PROVISIONAL_NOT_FROZEN	ENST00000539986	1
PROVISIONAL_NOT_FROZEN	ENST00000567270	4
PROVISIONAL_NOT_FROZEN	ENST00000619917	0
PROVISIONAL_NOT_FROZEN	ENST00000395348	2
PROVISIONAL_NOT_FROZEN	ENST00000574322	0
PROVISIONAL_NOT_FROZEN	ENST00000361671	2
PROVISIONAL_NOT_FROZEN	ENST00000439775	2
PROVISIONAL_NOT_FROZEN	ENST00000493804	3
PROVISIONAL_NOT_FROZEN	ENST00000418849	2
PROVISIONAL_NOT_FROZEN	ENST00000468255	1
PROVISIONAL_NOT_FROZEN	ENST00000301522	2
PROVISIONAL_NOT_FROZEN	ENST00000487452	1
PROVISIONAL_NOT_FROZEN	ENST00000404371	2
PROVISIONAL_NOT_FROZEN	ENST00000581375	3
PROVISIONAL_NOT_FROZEN	ENST00000329819	3
PROVISIONAL_NOT_FROZEN	ENST00000373824	1
PROVISIONAL_NOT_FROZEN	ENST00000555747	3
PROVISIONAL_NOT_FROZEN	ENST00000475035	0
PROVISIONAL_NOT_FROZEN	ENST00000442562	2
PROVISIONAL_NOT_FROZEN	ENST00000597868	4
PROVISIONAL_NOT_FROZEN	ENST00000617346	0
PROVISIONAL_NOT_FROZEN	ENST00000489964	4
PROVISIONAL_NOT_FROZEN	ENST00000502819	2
PROVISIONAL_NOT_FROZEN	ENST00000217456	4
PROVISIONAL_NOT_FROZEN	ENST00000272067	2
PROVISIONAL_NOT_FROZEN	ENST00000620047	3
PROVISIONAL_NOT_FROZEN	ENST00000398606	0
PROVISIONAL_NOT_FROZEN	ENST00000571988	2
PROVISIONAL_NOT_FROZEN	ENST00000486810	0
PROVISIONAL_NOT_FROZEN	ENST00000430524	1
PROVISIONAL_NOT_FROZEN	ENST00000478467	3
PROVISIONAL_NOT_FROZEN	ENST00000443470	2
PROVISIONAL_NOT_FROZEN	ENST00000627418	4
PROVISIONAL_NOT_FROZEN	ENST00000397764	0
PROVISIONAL_NOT_FROZEN	ENST00000627895	4
PROVISIONAL_NOT_FROZEN	ENST00000525707	4
PROVISIONAL_NOT_FROZEN	ENST00000431642	1
PROVISIONAL_NOT_FROZEN	ENST00000550839	1
PROVISIONAL_NOT_FROZEN	ENST00000585132	0
PROVISIONAL_NOT_FROZEN	ENST00000483891	4
PROVISIONAL_NOT_FROZEN	ENST00000418022	1
PROVISIONAL_NOT_FROZEN	ENST00000506572	0
PROVISIONAL_NOT_FROZEN	ENST00000229758	4
PROVISIONAL_NOT_FROZEN	ENST00000425270	3
PROVISIONAL_NOT_FROZEN	ENST00000609948	2
PROVISIONAL_NOT_FROZEN	ENST00000585374	2
PROVISIONAL_NOT_FROZEN	ENST00000331573	4
PROVISIONAL_NOT_FROZEN	ENST00000368326	4
PROVISIONAL_NOT_FROZEN	ENST00000618887	2
PROVISIONAL_NOT_FROZEN	ENST00000260508	0
PROVISIONAL_NOT_FROZEN	ENST00000481885	2
PROVISIONAL_NOT_FROZEN	ENST00000503605	3
PROVISIONAL_NOT_FROZEN	ENST00000550585	0
PROVISIONAL_NOT_FROZEN	ENST00000379331	1
PROVISIONAL_NOT_FROZEN	ENST00000576214	2
PROVISIONAL_NOT_FROZEN	ENST00000551328	0
PROVISIONAL_NOT_FROZEN	ENST00000510133	2
PROVISIONAL_NOT_FROZEN	ENST00000372759	3
PROVISIONAL_NOT_FROZEN	ENST00000287022	0
PROVISIONAL_NOT_FROZEN	ENST00000305536	2
PROVISIONAL_NOT_FROZEN	ENST00000486406	0
PROVISIONAL_NOT_FROZEN	ENST00000348956	4
PROVISIONAL_NOT_FROZEN	ENST00000444869	0
PROVISIONAL_NOT_FROZEN	ENST00000524896	4
PROVISIONAL_NOT_FROZEN	ENST00000550238	1
PROVISIONAL_NOT_FROZEN	ENST00000321418	3
PROVISIONAL_NOT_FROZEN	ENST00000540874	1
PROVISIONAL_NOT_FROZEN	ENST00000377595	1
PROVISIONAL_NOT_FROZEN	ENST00000550994	1
PROVISIONAL_NOT_FROZEN	ENST00000237264	3
PROVISIONAL_NOT_FROZEN	ENST00000551888	2
PROVISIONAL_NOT_FROZEN	ENST00000557680	0
PROVISIONAL_NOT_FROZEN	ENST00000495197	4
PROVISIONAL_NOT_FROZEN	ENST00000525212	2
PROVISIONAL_NOT_FROZEN	ENST00000640382	4
PROVISIONAL_NOT_FROZEN	ENST00000609181	4
PROVISIONAL_NOT_FROZEN	ENST00000482046	3
PROVISIONAL_NOT_FROZEN	ENST00000589417	4
PROVISIONAL_NOT_FROZEN	ENST00000451664	1
PROVISIONAL_NOT_FROZEN	ENST00000472161	0
PROVISIONAL_NOT_FROZEN	ENST00000623650	0
PROVISIONAL_NOT_FROZEN	ENST00000338560	2
PROVISIONAL_NOT_FROZEN	ENST00000425197	4
PROVISIONAL_NOT_FROZEN	ENST00000420660	4
PROVISIONAL_NOT_FROZEN	ENST00000618156	1
PROVISIONAL_NOT_FROZEN	ENST00000595567	4
PROVISIONAL_NOT_FROZEN	ENST00000513009	4
PROVISIONAL_NOT_FROZEN	ENST00000376755	4
PROVISIONAL_NOT_FROZEN	ENST00000301729	3
PROVISIONAL_NOT_FROZEN	ENST00000312175	3
PROVISIONAL_NOT_FROZEN	ENST00000570074	4
PROVISIONAL_NOT_FROZEN	ENST00000200457	3
PROVISIONAL_NOT_FROZEN	ENST00000429258	1
PROVISIONAL_NOT_FROZEN	ENST00000376836	0
PROVISIONAL_NOT_FROZEN	ENST00000518881	2
PROVISIONAL_NOT_FROZEN	ENST00000353999	4
PROVISIONAL_NOT_FROZEN	ENST00000265866	2
PROVISIONAL_NOT_FROZEN	ENST00000469428	0
PROVISIONAL_NOT_FROZEN	ENST00000356714	1
PROVISIONAL_NOT_FROZEN	ENST00000567372	2
PROVISIONAL_NOT_FROZEN	ENST00000296102	4
PROVISIONAL_NOT_FROZEN	ENST00000547476	1
PROVISIONAL_NOT_FROZEN	ENST00000373795	3
PROVISIONAL_NOT_FROZEN	ENST00000422453	1
PROVISIONAL_NOT_FROZEN	ENST00000221801	0
PROVISIONAL_NOT_FROZEN	ENST00000560726	3
PROVISIONAL_NOT_FROZEN	ENST00000343450	3
PROVISIONAL_NOT_FROZEN	ENST00000486930	1
PROVISIONAL_NOT_FROZEN	ENST00000489240	3
PROVISIONAL_NOT_FROZEN	ENST00000433215	2
PROVISIONAL_NOT_FROZEN	ENST00000440114	1
PROVISIONAL_NOT_FROZEN	ENST00000399556	0
PROVISIONAL_NOT_FROZEN	ENST00000215956	4
PROVISIONAL_NOT_FROZEN	ENST00000277632	0
PROVISIONAL_NOT_FROZEN	ENST00000542222	2
PROVISIONAL_NOT_FROZEN	ENST00000556754	2
PROVISIONAL_NOT_FROZEN	ENST00000592989	4
PROVISIONAL_NOT_FROZEN	ENST00000265729	4
PROVISIONAL_NOT_FROZEN	ENST00000619920	0
PROVISIONAL_NOT_FROZEN	ENST00000535254	1
PROVISIONAL_NOT_FROZEN	ENST00000441722	1
PROVISIONAL_NOT_FROZEN	ENST00000506430	0
PROVISIONAL_NOT_FROZEN	ENST00000361148	3
PROVISIONAL_NOT_FROZEN	ENST00000398958	2
PROVISIONAL_NOT_FROZEN	ENST00000429457	0
PROVISIONAL_NOT_FROZEN	ENST00000498205	3
PROVISIONAL_NOT_FROZEN	ENST00000373316	4
PROVISIONAL_NOT_FROZEN	ENST00000285082	4
PROVISIONAL_NOT_FROZEN	ENST00000533030	0
PROVISIONAL_NOT_FROZEN	ENST00000400000	4
PROVISIONAL_NOT_FROZEN	ENST00000586742	4
PROVISIONAL_NOT_FROZEN	ENST00000449942	3
PROVISIONAL_NOT_FROZEN	ENST00000354910	3
PROVISIONAL_NOT_FROZEN	ENST00000618334	2
PROVISIONAL_NOT_FROZEN	ENST00000492855	4
PROVISIONAL_NOT_FROZEN	ENST00000384714	1
PROVISIONAL_NOT_FROZEN	ENST00000529123	4
PROVISIONAL_NOT_FROZEN	ENST00000262498	1
PROVISIONAL_NOT_FROZEN	ENST00000396207	2
PROVISIONAL_NOT_FROZEN	ENST00000578833	1
PROVISIONAL_NOT_FROZEN	ENST00000411986	2
PROVISIONAL_NOT_FROZEN	ENST00000342308	0
PROVISIONAL_NOT_FROZEN	ENST00000574287	2
PROVISIONAL_NOT_FROZEN	ENST00000534835	2
PROVISIONAL_NOT_FROZEN	ENST00000533540	2
PROVISIONAL_NOT_FROZEN	ENST00000552984	1
PROVISIONAL_NOT_FROZEN	ENST00000520242	2
PROVISIONAL_NOT_FROZEN	ENST00000464731	1
PROVISIONAL_NOT_FROZEN	ENST00000344921	0
PROVISIONAL_NOT_FROZEN	ENST00000622995	2
PROVISIONAL_NOT_FROZEN	ENST00000373337	4
PROVISIONAL_NOT_FROZEN	ENST00000271469	2
PROVISIONAL_NOT_FROZEN	ENST00000368457	0
PROVISIONAL_NOT_FROZEN	ENST00000317995	2
PROVISIONAL_NOT_FROZEN	ENST00000566877	3
PROVISIONAL_NOT_FROZEN	ENST00000429825	3
PROVISIONAL_NOT_FROZEN	ENST00000483260	3
PROVISIONAL_NOT_FROZEN	ENST00000480653	0
PROVISIONAL_NOT_FROZEN	ENST00000540115	2
PROVISIONAL_NOT_FROZEN	ENST00000535076	3
PROVISIONAL_NOT_FROZEN	ENST00000567897	3
PROVISIONAL_NOT_FROZEN	ENST00000497965	2
PROVISIONAL_NOT_FROZEN	ENST00000376033	4
PROVISIONAL_NOT_FROZEN	ENST00000483273	1
PROVISIONAL_NOT_FROZEN	ENST00000494484	3
PROVISIONAL_NOT_FROZEN	ENST00000442481	4
PROVISIONAL_NOT_FROZEN	ENST00000456023	0
PROVISIONAL_NOT_FROZEN	ENST00000339647	3
PROVISIONAL_NOT_FROZEN	ENST00000460284	3
PROVISIONAL_NOT_FROZEN	ENST00000409145	4
PROVISIONAL_NOT_FROZEN	ENST00000534567	2
PROVISIONAL_NOT_FROZEN	ENST00000614237	4
PROVISIONAL_NOT_FROZEN	ENST00000520992	1
PROVISIONAL_NOT_FROZEN	ENST00000551600	1
PROVISIONAL_NOT_FROZEN	ENST00000593054	1
PROVISIONAL_NOT_FROZEN	ENST00000331380	1
PROVISIONAL_NOT_FROZEN	ENST00000494172	1
PROVISIONAL_NOT_FROZEN	ENST00000523505	0
PROVISIONAL_NOT_FROZEN	ENST00000478088	2
PROVISIONAL_NOT_FROZEN	ENST00000526732	2
PROVISIONAL_NOT_FROZEN	ENST00000524833	3
PROVISIONAL_NOT_FROZEN	ENST00000484532	2
PROVISIONAL_NOT_FROZEN	ENST00000512505	0
PROVISIONAL_NOT_FROZEN	ENST00000486051	2
PROVISIONAL_NOT_FROZEN	ENST00000459860	1
PROVISIONAL_NOT_FROZEN	ENST00000454173	2
PROVISIONAL_NOT_FROZEN	ENST00000451283	2
PROVISIONAL_NOT_FROZEN	ENST00000571885	3
PROVISIONAL_NOT_FROZEN	ENST00000526395	0
PROVISIONAL_NOT_FROZEN	ENST00000321285	3
PROVISIONAL_NOT_FROZEN	ENST00000455511	2
PROVISIONAL_NOT_FROZEN	ENST00000367826	3
PROVISIONAL_NOT_FROZEN	ENST00000619304	0
PROVISIONAL_NOT_FROZEN	ENST00000489915	4
PROVISIONAL_NOT_FROZEN	ENST00000559146	3
PROVISIONAL_NOT_FROZEN	ENST00000395823	4
PROVISIONAL_NOT_FROZEN	ENST00000477299	0
PROVISIONAL_NOT_FROZEN	ENST00000607355	4
PROVISIONAL_NOT_FROZEN	ENST00000598814	4
PROVISIONAL_NOT_FROZEN	ENST00000611659	4
PROVISIONAL_NOT_FROZEN	ENST00000589739	3
PROVISIONAL_NOT_FROZEN	ENST00000492601	4
PROVISIONAL_NOT_FROZEN	ENST00000377348	2
PROVISIONAL_NOT_FROZEN	ENST00000374496	4
PROVISIONAL_NOT_FROZEN	ENST00000372642	1
PROVISIONAL_NOT_FROZEN	ENST00000467943	1
PROVISIONAL_NOT_FROZEN	ENST00000463423	1
PROVISIONAL_NOT_FROZEN	ENST00000419152	4
PROVISIONAL_NOT_FROZEN	ENST00000589432	2
PROVISIONAL_NOT_FROZEN	ENST00000265643	4
PROVISIONAL_NOT_FROZEN	ENST00000356053	2
PROVISIONAL_NOT_FROZEN	ENST00000577053	2
PROVISIONAL_NOT_FROZEN	ENST00000570382	2
PROVISIONAL_NOT_FROZEN	ENST00000557768	3
PROVISIONAL_NOT_FROZEN	ENST00000522557	4
PROVISIONAL_NOT_FROZEN	ENST00000269740	4
PROVISIONAL_NOT_FROZEN	ENST00000003100	2
PROVISIONAL_NOT_FROZEN	ENST00000490175	4
PROVISIONAL_NOT_FROZEN	ENST00000398169	3
PROVISIONAL_NOT_FROZEN	ENST00000533919	3
PROVISIONAL_NOT_FROZEN	ENST00000534490	4
PROVISIONAL_NOT_FROZEN	ENST00000441359	0
PROVISIONAL_NOT_FROZEN	ENST00000546652	0
PROVISIONAL_NOT_FROZEN	ENST00000471666	0
PROVISIONAL_NOT_FROZEN	ENST00000419462	3
PROVISIONAL_NOT_FROZEN	ENST00000493569	2
PROVISIONAL_NOT_FROZEN	ENST00000586529	1
PROVISIONAL_NOT_FROZEN	ENST00000621567	4
PROVISIONAL_NOT_FROZEN	ENST00000548994	2
PROVISIONAL_NOT_FROZEN	ENST00000358171	2
PROVISIONAL_NOT_FROZEN	ENST00000495313	0
PROVISIONAL_NOT_FROZEN	ENST00000587637	4
PROVISIONAL_NOT_FROZEN	ENST00000370009	3
PROVISIONAL_NOT_FROZEN	ENST00000479309	4
PROVISIONAL_NOT_FROZEN	ENST00000496718	4
PROVISIONAL_NOT_FROZEN	ENST00000539887	4
PROVISIONAL_NOT_FROZEN	ENST00000563402	3
PROVISIONAL_NOT_FROZEN	ENST00000497035	3
PROVISIONAL_NOT_FROZEN	ENST00000416016	1
PROVISIONAL_NOT_FROZEN	ENST00000448276	3
PROVISIONAL_NOT_FROZEN	ENST00000474315	0
PROVISIONAL_NOT_FROZEN	ENST00000418939	1
PROVISIONAL_NOT_FROZEN	ENST00000525616	3
PROVISIONAL_NOT_FROZEN	ENST00000586295	0
PROVISIONAL_NOT_FROZEN	ENST00000607647	0
PROVISIONAL_NOT_FROZEN	ENST00000441435	2
PROVISIONAL_NOT_FROZEN	ENST00000262990	3
PROVISIONAL_NOT_FROZEN	ENST00000556195	3
PROVISIONAL_NOT_FROZEN	ENST00000601639	2
PROVISIONAL_NOT_FROZEN	ENST00000503574	1
PROVISIONAL_NOT_FROZEN	ENST00000554287	4
PROVISIONAL_NOT_FROZEN	ENST00000579002	1
PROVISIONAL_NOT_FROZEN	ENST00000544280	4
PROVISIONAL_NOT_FROZEN	ENST00000560177	4
PROVISIONAL_NOT_FROZEN	ENST00000538086	1
PROVISIONAL_NOT_FROZEN	ENST00000359462	0
PROVISIONAL_NOT_FROZEN	ENST00000466678	1
PROVISIONAL_NOT_FROZEN	ENST00000614890	1
PROVISIONAL_NOT_FROZEN	ENST00000412007	0
PROVISIONAL_NOT_FROZEN	ENST00000436090	3
PROVISIONAL_NOT_FROZEN	ENST00000469657	3
PROVISIONAL_NOT_FROZEN	ENST00000485456	2
PROVISIONAL_NOT_FROZEN	ENST00000379404	3
PROVISIONAL_NOT_FROZEN	ENST00000399688	3
PROVISIONAL_NOT_FROZEN	ENST00000473527	2
PROVISIONAL_NOT_FROZEN	ENST00000381611	2
PROVISIONAL_NOT_FROZEN	ENST00000353107	1
PROVISIONAL_NOT_FROZEN	ENST00000288937	4
PROVISIONAL_NOT_FROZEN	ENST00000607303	1
PROVISIONAL_NOT_FROZEN	ENST00000559848	0
PROVISIONAL_NOT_FROZEN	ENST00000547408	1
PROVISIONAL_NOT_FROZEN	ENST00000358609	2
PROVISIONAL_NOT_FROZEN	ENST00000514975	1
PROVISIONAL_NOT_FROZEN	ENST00000549338	4
PROVISIONAL_NOT_FROZEN	ENST00000317897	4
PROVISIONAL_NOT_FROZEN	ENST00000556972	4
PROVISIONAL_NOT_FROZEN	ENST00000482912	2
PROVISIONAL_NOT_FROZEN	ENST00000496742	1
PROVISIONAL_NOT_FROZEN	ENST00000518310	4
PROVISIONAL_NOT_FROZEN	ENST00000477676	0
PROVISIONAL_NOT_FROZEN	ENST00000621318	1
PROVISIONAL_NOT_FROZEN	ENST00000467636	4
PROVISIONAL_NOT_FROZEN	ENST00000430852	3
PROVISIONAL_NOT_FROZEN	ENST00000466935	1
PROVISIONAL_NOT_FROZEN	ENST00000571309	0
PROVISIONAL_NOT_FROZEN	ENST00000438311	2
PROVISIONAL_NOT_FROZEN	ENST00000530170	2
PROVISIONAL_NOT_FROZEN	ENST00000477507	2
PROVISIONAL_NOT_FROZEN	ENST00000423294	3
PROVISIONAL_NOT_FROZEN	ENST00000321153	2
PROVISIONAL_NOT_FROZEN	ENST00000415688	0
PROVISIONAL_NOT_FROZEN	ENST00000567006	0
PROVISIONAL_NOT_FROZEN	ENST00000486420	3
PROVISIONAL_NOT_FROZEN	ENST00000343813	0
PROVISIONAL_NOT_FROZEN	ENST00000588991	2
PROVISIONAL_NOT_FROZEN	ENST00000378616	0
PROVISIONAL_NOT_FROZEN	ENST00000461169	4
PROVISIONAL_NOT_FROZEN	ENST00000546316	1
PROVISIONAL_NOT_FROZEN	ENST00000487106	0
PROVISIONAL_NOT_FROZEN	ENST00000427219	1
PROVISIONAL_NOT_FROZEN	ENST00000423316	4
PROVISIONAL_NOT_FROZEN	ENST00000315377	0
PROVISIONAL_NOT_FROZEN	ENST00000518875	1
PROVISIONAL_NOT_FROZEN	ENST00000481978	0
PROVISIONAL_NOT_FROZEN	ENST00000507009	0
PROVISIONAL_NOT_FROZEN	ENST00000396925	0
PROVISIONAL_NOT_FROZEN	ENST00000602573	0
PROVISIONAL_NOT_FROZEN	ENST00000450554	4
PROVISIONAL_NOT_FROZEN	ENST00000505207	1
PROVISIONAL_NOT_FROZEN	ENST00000421426	0
PROVISIONAL_NOT_FROZEN	ENST00000503283	1
PROVISIONAL_NOT_FROZEN	ENST00000589165	1
PROVISIONAL_NOT_FROZEN	ENST00000468544	3
PROVISIONAL_NOT_FROZEN	ENST00000493716	4
PROVISIONAL_NOT_FROZEN	ENST00000356839	1
PROVISIONAL_NOT_FROZEN	ENST00000371588	1
PROVISIONAL_NOT_FROZEN	ENST00000360000	4
PROVISIONAL_NOT_FROZEN	ENST00000479271	0
PROVISIONAL_NOT_FROZEN	ENST00000591032	4
PROVISIONAL_NOT_FROZEN	ENST00000458298	4
PROVISIONAL_NOT_FROZEN	ENST00000490505	3
PROVISIONAL_NOT_FROZEN	ENST00000370913	1
PROVISIONAL_NOT_FROZEN	ENST00000510994	3
PROVISIONAL_NOT_FROZEN	ENST00000621880	3
PROVISIONAL_NOT_FROZEN	ENST00000491765	3
PROVISIONAL_NOT_FROZEN	ENST00000600480	2
PROVISIONAL_NOT_FROZEN	ENST00000404393	2
PROVISIONAL_NOT_FROZEN	ENST00000384385	4
PROVISIONAL_NOT_FROZEN	ENST00000356208	0
PROVISIONAL_NOT_FROZEN	ENST00000598417	0
PROVISIONAL_NOT_FROZEN	ENST00000300952	0
PROVISIONAL_NOT_FROZEN	ENST00000573204	0
PROVISIONAL_NOT_FROZEN	ENST00000498711	3
PROVISIONAL_NOT_FROZEN	ENST00000550653	3
PROVISIONAL_NOT_FROZEN	ENST00000370081	0
PROVISIONAL_NOT_FROZEN	ENST00000326669	4
PROVISIONAL_NOT_FROZEN	ENST00000519551	3
PROVISIONAL_NOT_FROZEN	ENST00000532344	3
PROVISIONAL_NOT_FROZEN	ENST00000451209	1
PROVISIONAL_NOT_FROZEN	ENST00000175091	3
PROVISIONAL_NOT_FROZEN	ENST00000393193	0
PROVISIONAL_NOT_FROZEN	ENST00000536316	2
PROVISIONAL_NOT_FROZEN	ENST00000554662	1
PROVISIONAL_NOT_FROZEN	ENST00000564205	0
PROVISIONAL_NOT_FROZEN	ENST00000533567	0
PROVISIONAL_NOT_FROZEN	ENST00000379786	2
PROVISIONAL_NOT_FROZEN	ENST00000563898	0
PROVISIONAL_NOT_FROZEN	ENST00000458542	4
PROVISIONAL_NOT_FROZEN	ENST00000457167	0
PROVISIONAL_NOT_FROZEN	ENST00000486268	3
PROVISIONAL_NOT_FROZEN	ENST00000427885	0
PROVISIONAL_NOT_FROZEN	ENST00000413293	4
PROVISIONAL_NOT_FROZEN	ENST00000471073	4
PROVISIONAL_NOT_FROZEN	ENST00000537658	0
PROVISIONAL_NOT_FROZEN	ENST00000442293	1
PROVISIONAL_NOT_FROZEN	ENST00000520060	0
PROVISIONAL_NOT_FROZEN	ENST00000485045	2
PROVISIONAL_NOT_FROZEN	ENST00000558467	2
PROVISIONAL_NOT_FROZEN	ENST00000549855	4
PROVISIONAL_NOT_FROZEN	ENST00000374379	3
PROVISIONAL_NOT_FROZEN	ENST00000226796	0
PROVISIONAL_NOT_FROZEN	ENST00000470417	0
PROVISIONAL_NOT_FROZEN	ENST00000442655	1
PROVISIONAL_NOT_FROZEN	ENST00000480194	4
PROVISIONAL_NOT_FROZEN	ENST00000268668	0
PROVISIONAL_NOT_FROZEN	ENST00000576406	2
PROVISIONAL_NOT_FROZEN	ENST00000431514	1
PROVISIONAL_NOT_FROZEN	ENST00000489779	0
PROVISIONAL_NOT_FROZEN	ENST00000495036	1
PROVISIONAL_NOT_FROZEN	ENST00000532244	3
PROVISIONAL_NOT_FROZEN	ENST00000305784	0
PROVISIONAL_NOT_FROZEN	ENST00000604619	3
PROVISIONAL_NOT_FROZEN	ENST00000465682	4
PROVISIONAL_NOT_FROZEN	ENST00000542896	4
PROVISIONAL_NOT_FROZEN	ENST00000534272	2
PROVISIONAL_NOT_FROZEN	ENST00000596995	2
PROVISIONAL_NOT_FROZEN	ENST00000533397	2
PROVISIONAL_NOT_FROZEN	ENST00000531282	3
PROVISIONAL_NOT_FROZEN	ENST00000378927	4
PROVISIONAL_NOT_FROZEN	ENST00000483807	1
PROVISIONAL_NOT_FROZEN	ENST00000230085	3
PROVISIONAL_NOT_FROZEN	ENST00000608284	0
PROVISIONAL_NOT_FROZEN	ENST00000518678	1
PROVISIONAL_NOT_FROZEN	ENST00000481879	1
PROVISIONAL_NOT_FROZEN	ENST00000593503	0
PROVISIONAL_NOT_FROZEN	ENST00000447699	3
PROVISIONAL_NOT_FROZEN	ENST00000409293	1
PROVISIONAL_NOT_FROZEN	ENST00000587613	0
PROVISIONAL_NOT_FROZEN	ENST00000302182	4
PROVISIONAL_NOT_FROZEN	ENST00000460852	2
PROVISIONAL_NOT_FROZEN	ENST00000264834	0
PROVISIONAL_NOT_FROZEN	ENST00000364938	0
PROVISIONAL_NOT_FROZEN	ENST00000401075	3
PROVISIONAL_NOT_FROZEN	ENST00000321358	2
PROVISIONAL_NOT_FROZEN	ENST00000591779	2
PROVISIONAL_NOT_FROZEN	ENST00000530848	4
PROVISIONAL_NOT_FROZEN	ENST00000433468	3
PROVISIONAL_NOT_FROZEN	ENST00000344756	2
PROVISIONAL_NOT_FROZEN	ENST00000466863	1
PROVISIONAL_NOT_FROZEN	ENST00000616269	2
PROVISIONAL_NOT_FROZEN	ENST00000593149	4
PROVISIONAL_NOT_FROZEN	ENST00000272424	2
PROVISIONAL_NOT_FROZEN	ENST00000557365	2
PROVISIONAL_NOT_FROZEN	ENST00000465280	2
PROVISIONAL_NOT_FROZEN	ENST00000469899	3
PROVISIONAL_NOT_FROZEN	ENST00000480759	2
PROVISIONAL_NOT_FROZEN	ENST00000458455	1
PROVISIONAL_NOT_FROZEN	ENST00000325748	1
PROVISIONAL_NOT_FROZEN	ENST00000522430	2
PROVISIONAL_NOT_FROZEN	ENST00000528220	2
PROVISIONAL_NOT_FROZEN	ENST00000483393	0
PROVISIONAL_NOT_FROZEN	ENST00000466821	4
PROVISIONAL_NOT_FROZEN	ENST00000477057	1
PROVISIONAL_NOT_FROZEN	ENST00000259727	1
PROVISIONAL_NOT_FROZEN	ENST00000449098	3
PROVISIONAL_NOT_FROZEN	ENST00000505565	2
PROVISIONAL_NOT_FROZEN	ENST00000554713	4
PROVISIONAL_NOT_FROZEN	ENST00000601813	1
PROVISIONAL_NOT_FROZEN	ENST00000485202	2
PROVISIONAL_NOT_FROZEN	ENST00000487160	1
PROVISIONAL_NOT_FROZEN	ENST00000372538	2
PROVISIONAL_NOT_FROZEN	ENST00000441148	3
PROVISIONAL_NOT_FROZEN	ENST00000468639	2
PROVISIONAL_NOT_FROZEN	ENST00000331821	1
PROVISIONAL_NOT_FROZEN	ENST00000530219	0
PROVISIONAL_NOT_FROZEN	ENST00000483099	0
PROVISIONAL_NOT_FROZEN	ENST00000263856	3
PROVISIONAL_NOT_FROZEN	ENST00000311487	1
PROVISIONAL_NOT_FROZEN	ENST00000414241	2
PROVISIONAL_NOT_FROZEN	ENST00000536981	1
PROVISIONAL_NOT_FROZEN	ENST00000348721	4
PROVISIONAL_NOT_FROZEN	ENST00000517761	4
PROVISIONAL_NOT_FROZEN	ENST00000346806	2
PROVISIONAL_NOT_FROZEN	ENST00000484178	3
PROVISIONAL_NOT_FROZEN	ENST00000407280	1
PROVISIONAL_NOT_FROZEN	ENST00000593274	2
PROVISIONAL_NOT_FROZEN	ENST00000369038	2
PROVISIONAL_NOT_FROZEN	ENST00000439721	4
PROVISIONAL_NOT_FROZEN	ENST00000495490	1
PROVISIONAL_NOT_FROZEN	ENST00000586638	4
PROVISIONAL_NOT_FROZEN	ENST00000433176	0
PROVISIONAL_NOT_FROZEN	ENST00000537646	2
PROVISIONAL_NOT_FROZEN	ENST00000635605	2
PROVISIONAL_NOT_FROZEN	ENST00000535131	3
PROVISIONAL_NOT_FROZEN	ENST00000542638	1
PROVISIONAL_NOT_FROZEN	ENST00000419276	2
PROVISIONAL_NOT_FROZEN	ENST00000508293	2
PROVISIONAL_NOT_FROZEN	ENST00000590954	0
PROVISIONAL_NOT_FROZEN	ENST00000465864	1
PROVISIONAL_NOT_FROZEN	ENST00000528425	0
PROVISIONAL_NOT_FROZEN	ENST00000053468	1
PROVISIONAL_NOT_FROZEN	ENST00000442664	1
PROVISIONAL_NOT_FROZEN	ENST00000455824	3
PROVISIONAL_NOT_FROZEN	ENST00000508731	2
PROVISIONAL_NOT_FROZEN	ENST00000491447	1
PROVISIONAL_NOT_FROZEN	ENST00000363664	0
PROVISIONAL_NOT_FROZEN	ENST00000577158	0
PROVISIONAL_NOT_FROZEN	ENST00000429429	1
PROVISIONAL_NOT_FROZEN	ENST00000483511	3
PROVISIONAL_NOT_FROZEN	ENST00000593442	3
PROVISIONAL_NOT_FROZEN	ENST00000344843	1
PROVISIONAL_NOT_FROZEN	ENST00000610881	3
PROVISIONAL_NOT_FROZEN	ENST00000461116	0
PROVISIONAL_NOT_FROZEN	ENST00000455763	3
PROVISIONAL_NOT_FROZEN	ENST00000495654	3
PROVISIONAL_NOT_FROZEN	ENST00000573600	0
PROVISIONAL_NOT_FROZEN	ENST00000584923	4
PROVISIONAL_NOT_FROZEN	ENST00000467843	4
PROVISIONAL_NOT_FROZEN	ENST00000409546	2
PROVISIONAL_NOT_FROZEN	ENST00000522658	4
PROVISIONAL_NOT_FROZEN	ENST00000402743	4
PROVISIONAL_NOT_FROZEN	ENST00000233143	3
PROVISIONAL_NOT_FROZEN	ENST00000245817	4
PROVISIONAL_NOT_FROZEN	ENST00000237889	0
PROVISIONAL_NOT_FROZEN	ENST00000550657	4
PROVISIONAL_NOT_FROZEN	ENST00000510199	1
PROVISIONAL_NOT_FROZEN	ENST00000532792	3
PROVISIONAL_NOT_FROZEN	ENST00000316084	1
PROVISIONAL_NOT_FROZEN	ENST00000241052	4
PROVISIONAL_NOT_FROZEN	ENST00000479035	2
PROVISIONAL_NOT_FROZEN	ENST00000538791	1
PROVISIONAL_NOT_FROZEN	ENST00000466905	1
PROVISIONAL_NOT_FROZEN	ENST00000443382	4
PROVISIONAL_NOT_FROZEN	ENST00000567174	1
PROVISIONAL_NOT_FROZEN	ENST00000525876	2
PROVISIONAL_NOT_FROZEN	ENST00000474990	3
PROVISIONAL_NOT_FROZEN	ENST00000534450	3
PROVISIONAL_NOT_FROZEN	ENST00000556506	4
PROVISIONAL_NOT_FROZEN	ENST00000420575	4
PROVISIONAL_NOT_FROZEN	ENST00000561677	1
PROVISIONAL_NOT_FROZEN	ENST00000613669	3
PROVISIONAL_NOT_FROZEN	ENST00000267984	4
PROVISIONAL_NOT_FROZEN	ENST00000392219	1
PROVISIONAL_NOT_FROZEN	ENST00000498603	4
PROVISIONAL_NOT_FROZEN	ENST00000478547	2
PROVISIONAL_NOT_FROZEN	ENST00000405810	4
PROVISIONAL_NOT_FROZEN	ENST00000376572	3
PROVISIONAL_NOT_FROZEN	ENST00000530109	4
PROVISIONAL_NOT_FROZEN	ENST00000480644	0
PROVISIONAL_NOT_FROZEN	ENST00000524109	0
PROVISIONAL_NOT_FROZEN	ENST00000624069	1
PROVISIONAL_NOT_FROZEN	ENST00000394935	3
PROVISIONAL_NOT_FROZEN	ENST00000593068	1
PROVISIONAL_NOT_FROZEN	ENST00000414154	0
PROVISIONAL_NOT_FROZEN	ENST00000463406	2
PROVISIONAL_NOT_FROZEN	ENST00000376621	2
PROVISIONAL_NOT_FROZEN	ENST00000473344	0
PROVISIONAL_NOT_FROZEN	ENST00000554777	0
PROVISIONAL_NOT_FROZEN	ENST00000581584	0
PROVISIONAL_NOT_FROZEN	ENST00000331299	1
PROVISIONAL_NOT_FROZEN	ENST00000509182	3
PROVISIONAL_NOT_FROZEN	ENST00000591291	3
PROVISIONAL_NOT_FROZEN	ENST00000563468	1
PROVISIONAL_NOT_FROZEN	ENST00000520804	4
PROVISIONAL_NOT_FROZEN	ENST00000371694	0
PROVISIONAL_NOT_FROZEN	ENST00000409181	1
PROVISIONAL_NOT_FROZEN	ENST00000546565	4
PROVISIONAL_NOT_FROZEN	ENST00000497356	4
PROVISIONAL_NOT_FROZEN	ENST00000265036	0
PROVISIONAL_NOT_FROZEN	ENST00000519587	1
PROVISIONAL_NOT_FROZEN	ENST00000407445	0
PROVISIONAL_NOT_FROZEN	ENST00000317702	1
PROVISIONAL_NOT_FROZEN	ENST00000406274	0
PROVISIONAL_NOT_FROZEN	ENST00000446534	4
PROVISIONAL_NOT_FROZEN	ENST00000511075	4
PROVISIONAL_NOT_FROZEN	ENST00000366812	0
PROVISIONAL_NOT_FROZEN	ENST00000492561	1
PROVISIONAL_NOT_FROZEN	ENST00000504902	0
PROVISIONAL_NOT_FROZEN	ENST00000407959	1
PROVISIONAL_NOT_FROZEN	ENST00000558745	4
PROVISIONAL_NOT_FROZEN	ENST00000293406	0
PROVISIONAL_NOT_FROZEN	ENST00000592719	4
PROVISIONAL_NOT_FROZEN	ENST00000446189	3
PROVISIONAL_NOT_FROZEN	ENST00000396503	2
PROVISIONAL_NOT_FROZEN	ENST00000532259	1
PROVISIONAL_NOT_FROZEN	ENST00000551223	3
PROVISIONAL_NOT_FROZEN	ENST00000392210	4
PROVISIONAL_NOT_FROZEN	ENST00000538403	1
PROVISIONAL_NOT_FROZEN	ENST00000458892	0
PROVISIONAL_NOT_FROZEN	ENST00000463307	3
PROVISIONAL_NOT_FROZEN	ENST00000367380	0
PROVISIONAL_NOT_FROZEN	ENST00000413140	2
PROVISIONAL_NOT_FROZEN	ENST00000449901	0
PROVISIONAL_NOT_FROZEN	ENST00000265073	0
PROVISIONAL_NOT_FROZEN	ENST00000439903	0
PROVISIONAL_NOT_FROZEN	ENST00000481629	4
PROVISIONAL_NOT_FROZEN	ENST00000488289	1
PROVISIONAL_NOT_FROZEN	ENST00000608875	0
PROVISIONAL_NOT_FROZEN	ENST00000489125	1
PROVISIONAL_NOT_FROZEN	ENST00000475087	4
PROVISIONAL_NOT_FROZEN	ENST00000468531	4
PROVISIONAL_NOT_FROZEN	ENST00000373039	3
PROVISIONAL_NOT_FROZEN	ENST00000358043	0
PROVISIONAL_NOT_FROZEN	ENST00000422633	2
PROVISIONAL_NOT_FROZEN	ENST00000554156	4
PROVISIONAL_NOT_FROZEN	ENST00000398734	2
PROVISIONAL_NOT_FROZEN	ENST00000554203	2
PROVISIONAL_NOT_FROZEN	ENST00000352433	0
PROVISIONAL_NOT_FROZEN	ENST00000420536	0
PROVISIONAL_NOT_FROZEN	ENST00000354725	4
PROVISIONAL_NOT_FROZEN	ENST00000508635	1
PROVISIONAL_NOT_FROZEN	ENST00000361731	4
PROVISIONAL_NOT_FROZEN	ENST00000449653	1
PROVISIONAL_NOT_FROZEN	ENST00000389675	2
PROVISIONAL_NOT_FROZEN	ENST00000497741	4
PROVISIONAL_NOT_FROZEN	ENST00000520233	1
PROVISIONAL_NOT_FROZEN	ENST00000401830	4
PROVISIONAL_NOT_FROZEN	ENST00000436547	0
PROVISIONAL_NOT_FROZEN	ENST00000556428	1
PROVISIONAL_NOT_FROZEN	ENST00000565932	0
PROVISIONAL_NOT_FROZEN	ENST00000583802	0
PROVISIONAL_NOT_FROZEN	ENST00000398752	4
PROVISIONAL_NOT_FROZEN	ENST00000363593	3
PROVISIONAL_NOT_FROZEN	ENST00000498116	0
PROVISIONAL_NOT_FROZEN	ENST00000260408	1
PROVISIONAL_NOT_FROZEN	ENST00000447219	2
PROVISIONAL_NOT_FROZEN	ENST00000520220	0
PROVISIONAL_NOT_FROZEN	ENST00000339643	3
PROVISIONAL_NOT_FROZEN	ENST00000510584	3
PROVISIONAL_NOT_FROZEN	ENST00000508954	4
PROVISIONAL_NOT_FROZEN	ENST00000498505	0
PROVISIONAL_NOT_FROZEN	ENST00000595231	3
PROVISIONAL_NOT_FROZEN	ENST00000391973	2
PROVISIONAL_NOT_FROZEN	ENST00000357495	3
PROVISIONAL_NOT_FROZEN	ENST00000483687	3
PROVISIONAL_NOT_FROZEN	ENST00000480936	1
PROVISIONAL_NOT_FROZEN	ENST00000564648	0
PROVISIONAL_NOT_FROZEN	ENST00000540468	3
PROVISIONAL_NOT_FROZEN	ENST00000420463	3
PROVISIONAL_NOT_FROZEN	ENST00000265192	2
PROVISIONAL_NOT_FROZEN	ENST00000468686	1
PROVISIONAL_NOT_FROZEN	ENST00000423461	1
PROVISIONAL_NOT_FROZEN	ENST00000429723	0
PROVISIONAL_NOT_FROZEN	ENST00000429709	3
PROVISIONAL_NOT_FROZEN	ENST00000447426	1
PROVISIONAL_NOT_FROZEN	ENST00000510326	1
PROVISIONAL_NOT_FROZEN	ENST00000536429	3
PROVISIONAL_NOT_FROZEN	ENST00000551991	1
PROVISIONAL_NOT_FROZEN	ENST00000263897	4
PROVISIONAL_NOT_FROZEN	ENST00000470723	4
PROVISIONAL_NOT_FROZEN	ENST00000529920	2
PROVISIONAL_NOT_FROZEN	ENST00000460013	4
PROVISIONAL_NOT_FROZEN	ENST00000462677	3
PROVISIONAL_NOT_FROZEN	ENST00000354193	0
PROVISIONAL_NOT_FROZEN	ENST00000519078	4
PROVISIONAL_NOT_FROZEN	ENST00000604542	0
PROVISIONAL_NOT_FROZEN	ENST00000512737	1
PROVISIONAL_NOT_FROZEN	ENST00000488571	4
PROVISIONAL_NOT_FROZEN	ENST00000635667	0
PROVISIONAL_NOT_FROZEN	ENST00000610527	2
PROVISIONAL_NOT_FROZEN	ENST00000409333	1
PROVISIONAL_NOT_FROZEN	ENST00000396276	1
PROVISIONAL_NOT_FROZEN	ENST00000529008	1
PROVISIONAL_NOT_FROZEN	ENST00000428119	0
PROVISIONAL_NOT_FROZEN	ENST00000540056	2
PROVISIONAL_NOT_FROZEN	ENST00000507473	3
PROVISIONAL_NOT_FROZEN	ENST00000582485	0
PROVISIONAL_NOT_FROZEN	ENST00000557222	1
PROVISIONAL_NOT_FROZEN	ENST00000536394	2
PROVISIONAL_NOT_FROZEN	ENST00000529227	0
PROVISIONAL_NOT_FROZEN	ENST00000429515	1
PROVISIONAL_NOT_FROZEN	ENST00000514929	2
PROVISIONAL_NOT_FROZEN	ENST00000504562	3
PROVISIONAL_NOT_FROZEN	ENST00000485258	4
PROVISIONAL_NOT_FROZEN	ENST00000490784	4
PROVISIONAL_NOT_FROZEN	ENST00000594797	4
PROVISIONAL_NOT_FROZEN	ENST00000494130	4
PROVISIONAL_NOT_FROZEN	ENST00000508231	1
PROVISIONAL_NOT_FROZEN	ENST00000415817	0
PROVISIONAL_NOT_FROZEN	ENST00000495553	1
PROVISIONAL_NOT_FROZEN	ENST00000301072	0
PROVISIONAL_NOT_FROZEN	ENST00000552361	4
PROVISIONAL_NOT_FROZEN	ENST00000451987	4
PROVISIONAL_NOT_FROZEN	ENST00000494401	4
PROVISIONAL_NOT_FROZEN	ENST00000461449	3
PROVISIONAL_NOT_FROZEN	ENST00000453973	2
PROVISIONAL_NOT_FROZEN	ENST00000476145	1
PROVISIONAL_NOT_FROZEN	ENST00000406957	0
PROVISIONAL_NOT_FROZEN	ENST00000533194	2
PROVISIONAL_NOT_FROZEN	ENST00000358867	0
PROVISIONAL_NOT_FROZEN	ENST00000364543	4
PROVISIONAL_NOT_FROZEN	ENST00000380377	1
PROVISIONAL_NOT_FROZEN	ENST00000568568	3
PROVISIONAL_NOT_FROZEN	ENST00000326092	2
PROVISIONAL_NOT_FROZEN	ENST00000555215	3
PROVISIONAL_NOT_FROZEN	ENST00000539387	0
PROVISIONAL_NOT_FROZEN	ENST00000168216	1
PROVISIONAL_NOT_FROZEN	ENST00000372805	1
PROVISIONAL_NOT_FROZEN	ENST00000519030	3
PROVISIONAL_NOT_FROZEN	ENST00000518931	0
PROVISIONAL_NOT_FROZEN	ENST00000340342	4
PROVISIONAL_NOT_FROZEN	ENST00000491493	4
PROVISIONAL_NOT_FROZEN	ENST00000464364	0
PROVISIONAL_NOT_FROZEN	ENST00000395248	0
PROVISIONAL_NOT_FROZEN	ENST00000564620	1
PROVISIONAL_NOT_FROZEN	ENST00000371871	2
PROVISIONAL_NOT_FROZEN	ENST00000357866	1
PROVISIONAL_NOT_FROZEN	ENST00000311893	4
PROVISIONAL_NOT_FROZEN	ENST00000381337	1
PROVISIONAL_NOT_FROZEN	ENST00000317534	0
PROVISIONAL_NOT_FROZEN	ENST00000528253	4
PROVISIONAL_NOT_FROZEN	ENST00000323345	1
PROVISIONAL_NOT_FROZEN	ENST00000292475	4
PROVISIONAL_NOT_FROZEN	ENST00000591777	2
PROVISIONAL_NOT_FROZEN	ENST00000616144	4
PROVISIONAL_NOT_FROZEN	ENST00000482510	3
PROVISIONAL_NOT_FROZEN	ENST00000465542	2
PROVISIONAL_NOT_FROZEN	ENST00000434934	1
PROVISIONAL_NOT_FROZEN	ENST00000435983	0
PROVISIONAL_NOT_FROZEN	ENST00000369131	2
PROVISIONAL_NOT_FROZEN	ENST00000525928	0
PROVISIONAL_NOT_FROZEN	ENST00000422378	4
PROVISIONAL_NOT_FROZEN	ENST00000551020	2
PROVISIONAL_NOT_FROZEN	ENST00000616972	2
PROVISIONAL_NOT_FROZEN	ENST00000556574	0
PROVISIONAL_NOT_FROZEN	ENST00000298556	4
PROVISIONAL_NOT_FROZEN	ENST00000369603	3
PROVISIONAL_NOT_FROZEN	ENST00000543021	2
PROVISIONAL_NOT_FROZEN	ENST00000436136	1
PROVISIONAL_NOT_FROZEN	ENST00000424702	2
PROVISIONAL_NOT_FROZEN	ENST00000496999	2
PROVISIONAL_NOT_FROZEN	ENST00000511725	2
PROVISIONAL_NOT_FROZEN	ENST00000221494	4
PROVISIONAL_NOT_FROZEN	ENST00000592618	1
PROVISIONAL_NOT_FROZEN	ENST00000522794	4
PROVISIONAL_NOT_FROZEN	ENST00000570985	4
PROVISIONAL_NOT_FROZEN	ENST00000546604	1
PROVISIONAL_NOT_FROZEN	ENST00000554426	4
PROVISIONAL_NOT_FROZEN	ENST00000474371	4
PROVISIONAL_NOT_FROZEN	ENST00000270451	0
PROVISIONAL_NOT_FROZEN	ENST00000308874	2
PROVISIONAL_NOT_FROZEN	ENST00000460760	0
PROVISIONAL_NOT_FROZEN	ENST00000550836	1
PROVISIONAL_NOT_FROZEN	ENST00000511766	4
PROVISIONAL_NOT_FROZEN	ENST00000378312	3
PROVISIONAL_NOT_FROZEN	ENST00000397496	2
PROVISIONAL_NOT_FROZEN	ENST00000432873	4
PROVISIONAL_NOT_FROZEN	ENST00000369710	2
PROVISIONAL_NOT_FROZEN	ENST00000484599	3
PROVISIONAL_NOT_FROZEN	ENST00000556654	2
PROVISIONAL_NOT_FROZEN	ENST00000537390	2
PROVISIONAL_NOT_FROZEN	ENST00000330883	3
PROVISIONAL_NOT_FROZEN	ENST00000557395	3
PROVISIONAL_NOT_FROZEN	ENST00000488500	0
PROVISIONAL_NOT_FROZEN	ENST00000406548	3
PROVISIONAL_NOT_FROZEN	ENST00000406329	0
PROVISIONAL_NOT_FROZEN	ENST00000471205	4
PROVISIONAL_NOT_FROZEN	ENST00000300151	0
PROVISIONAL_NOT_FROZEN	ENST00000506506	3
PROVISIONAL_NOT_FROZEN	ENST00000409545	1
PROVISIONAL_NOT_FROZEN	ENST00000489629	4
PROVISIONAL_NOT_FROZEN	ENST00000551620	3
PROVISIONAL_NOT_FROZEN	ENST00000414963	3
PROVISIONAL_NOT_FROZEN	ENST00000258947	2
PROVISIONAL_NOT_FROZEN	ENST00000566622	3
PROVISIONAL_NOT_FROZEN	ENST00000285116	4
PROVISIONAL_NOT_FROZEN	ENST00000314523	1
PROVISIONAL_NOT_FROZEN	ENST00000240423	1
PROVISIONAL_NOT_FROZEN	ENST00000594309	0
PROVISIONAL_NOT_FROZEN	ENST00000551793	4
PROVISIONAL_NOT_FROZEN	ENST00000570625	2
PROVISIONAL_NOT_FROZEN	ENST00000295702	1
PROVISIONAL_NOT_FROZEN	ENST00000463340	0
PROVISIONAL_NOT_FROZEN	ENST00000489532	0
PROVISIONAL_NOT_FROZEN	ENST00000464938	1
PROVISIONAL_NOT_FROZEN	ENST00000476212	0
PROVISIONAL_NOT_FROZEN	ENST00000300260	4
PROVISIONAL_NOT_FROZEN	ENST00000230461	0
PROVISIONAL_NOT_FROZEN	ENST00000428450	3
PROVISIONAL_NOT_FROZEN	ENST00000491266	0
PROVISIONAL_NOT_FROZEN	ENST00000446557	4
PROVISIONAL_NOT_FROZEN	ENST00000380325	3
PROVISIONAL_NOT_FROZEN	ENST00000473459	2
PROVISIONAL_NOT_FROZEN	ENST00000580353	2
PROVISIONAL_NOT_FROZEN	ENST00000423289	2
PROVISIONAL_NOT_FROZEN	ENST00000587758	0
PROVISIONAL_NOT_FROZEN	ENST00000591899	1
PROVISIONAL_NOT_FROZEN	ENST00000419736	1
PROVISIONAL_NOT_FROZEN	ENST00000612421	2
PROVISIONAL_NOT_FROZEN	ENST00000285814	0
PROVISIONAL_NOT_FROZEN	ENST00000300145	0
PROVISIONAL_NOT_FROZEN	ENST00000530646	4
PROVISIONAL_NOT_FROZEN	ENST00000474216	2
PROVISIONAL_NOT_FROZEN	ENST00000418900	4
PROVISIONAL_NOT_FROZEN	ENST00000423846	2
PROVISIONAL_NOT_FROZEN	ENST00000489799	4
PROVISIONAL_NOT_FROZEN	ENST00000456793	2
PROVISIONAL_NOT_FROZEN	ENST00000485122	1
PROVISIONAL_NOT_FROZEN	ENST00000367679	1
PROVISIONAL_NOT_FROZEN	ENST00000520911	4
PROVISIONAL_NOT_FROZEN	ENST00000264995	0
PROVISIONAL_NOT_FROZEN	ENST00000637113	4
PROVISIONAL_NOT_FROZEN	ENST00000506516	0
PROVISIONAL_NOT_FROZEN	ENST00000355693	1
PROVISIONAL_NOT_FROZEN	ENST00000498135	1
PROVISIONAL_NOT_FROZEN	ENST00000259229	2
PROVISIONAL_NOT_FROZEN	ENST00000396859	4
PROVISIONAL_NOT_FROZEN	ENST00000253462	3
PROVISIONAL_NOT_FROZEN	ENST00000466550	2
PROVISIONAL_NOT_FROZEN	ENST00000261845	4
PROVISIONAL_NOT_FROZEN	ENST00000553191	0
PROVISIONAL_NOT_FROZEN	ENST00000616395	2
PROVISIONAL_NOT_FROZEN	ENST00000586810	1
PROVISIONAL_NOT_FROZEN	ENST00000617119	2
PROVISIONAL_NOT_FROZEN	ENST00000561553	0
PROVISIONAL_NOT_FROZEN	ENST00000514398	2
PROVISIONAL_NOT_FROZEN	ENST00000493479	4
PROVISIONAL_NOT_FROZEN	ENST00000511316	4
PROVISIONAL_NOT_FROZEN	ENST00000361564	4
PROVISIONAL_NOT_FROZEN	ENST00000485781	0
PROVISIONAL_NOT_FROZEN	ENST00000339083	4
PROVISIONAL_NOT_FROZEN	ENST00000583772	2
PROVISIONAL_NOT_FROZEN	ENST00000471112	4
PROVISIONAL_NOT_FROZEN	ENST00000521088	0
PROVISIONAL_NOT_FROZEN	ENST00000450376	2
PROVISIONAL_NOT_FROZEN	ENST00000271373	1
PROVISIONAL_NOT_FROZEN	ENST00000393818	2
PROVISIONAL_NOT_FROZEN	ENST00000367926	2
PROVISIONAL_NOT_FROZEN	ENST00000374279	2
PROVISIONAL_NOT_FROZEN	ENST00000381722	2
PROVISIONAL_NOT_FROZEN	ENST00000484403	1
PROVISIONAL_NOT_FROZEN	ENST00000588299	4
PROVISIONAL_NOT_FROZEN	ENST00000552455	1
PROVISIONAL_NOT_FROZEN	ENST00000416457	1
PROVISIONAL_NOT_FROZEN	ENST00000404582	0
PROVISIONAL_NOT_FROZEN	ENST00000447998	0
PROVISIONAL_NOT_FROZEN	ENST00000053867	1
PROVISIONAL_NOT_FROZEN	ENST00000414390	0
PROVISIONAL_NOT_FROZEN	ENST00000492974	2
PROVISIONAL_NOT_FROZEN	ENST00000414061	2
PROVISIONAL_NOT_FROZEN	ENST00000436900	1
PROVISIONAL_NOT_FROZEN	ENST00000504211	1
PROVISIONAL_NOT_FROZEN	ENST00000534510	4
PROVISIONAL_NOT_FROZEN	ENST00000470180	3
PROVISIONAL_NOT_FROZEN	ENST00000602140	4
PROVISIONAL_NOT_FROZEN	ENST00000347770	4
PROVISIONAL_NOT_FROZEN	ENST00000591745	0
PROVISIONAL_NOT_FROZEN	ENST00000587502	0
PROVISIONAL_NOT_FROZEN	ENST00000413259	1
PROVISIONAL_NOT_FROZEN	ENST00000414397	4
PROVISIONAL_NOT_FROZEN	ENST00000546859	3
PROVISIONAL_NOT_FROZEN	ENST00000373212	1
PROVISIONAL_NOT_FROZEN	ENST00000555408	0
PROVISIONAL_NOT_FROZEN	ENST00000409322	4
PROVISIONAL_NOT_FROZEN	ENST00000533037	2
PROVISIONAL_NOT_FROZEN	ENST00000317943	2
PROVISIONAL_NOT_FROZEN	ENST00000404735	3
PROVISIONAL_NOT_FROZEN	ENST00000216832	0
PROVISIONAL_NOT_FROZEN	ENST00000540725	3
PROVISIONAL_NOT_FROZEN	ENST00000486584	3
PROVISIONAL_NOT_FROZEN	ENST00000590881	0
PROVISIONAL_NOT_FROZEN	ENST00000491245	1
PROVISIONAL_NOT_FROZEN	ENST00000454035	0
PROVISIONAL_NOT_FROZEN	ENST00000447653	4
PROVISIONAL_NOT_FROZEN	ENST00000517886	2
PROVISIONAL_NOT_FROZEN	ENST00000476216	3
PROVISIONAL_NOT_FROZEN	ENST00000441945	1
PROVISIONAL_NOT_FROZEN	ENST00000272317	3
PROVISIONAL_NOT_FROZEN	ENST00000566501	0
PROVISIONAL_NOT_FROZEN	ENST00000478175	1
PROVISIONAL_NOT_FROZEN	ENST00000469308	4
PROVISIONAL_NOT_FROZEN	ENST00000535434	0
PROVISIONAL_NOT_FROZEN	ENST00000313655	0
PROVISIONAL_NOT_FROZEN	ENST00000553934	2
PROVISIONAL_NOT_FROZEN	ENST00000471064	2
PROVISIONAL_NOT_FROZEN	ENST00000287038	1
PROVISIONAL_NOT_FROZEN	ENST00000399415	2
PROVISIONAL_NOT_FROZEN	ENST00000391791	1
PROVISIONAL_NOT_FROZEN	ENST00000542165	1
PROVISIONAL_NOT_FROZEN	ENST00000556367	4
PROVISIONAL_NOT_FROZEN	ENST00000575049	3
PROVISIONAL_NOT_FROZEN	ENST00000321792	1
PROVISIONAL_NOT_FROZEN	ENST00000450566	3
PROVISIONAL_NOT_FROZEN	ENST00000530608	0
PROVISIONAL_NOT_FROZEN	ENST00000404178	1
PROVISIONAL_NOT_FROZEN	ENST00000368235	0
PROVISIONAL_NOT_FROZEN	ENST00000184266	4
PROVISIONAL_NOT_FROZEN	ENST00000341753	3
PROVISIONAL_NOT_FROZEN	ENST00000579128	4
PROVISIONAL_NOT_FROZEN	ENST00000539977	0
PROVISIONAL_NOT_FROZEN	ENST00000552218	1
PROVISIONAL_NOT_FROZEN	ENST00000496289	0
PROVISIONAL_NOT_FROZEN	ENST00000585695	2
PROVISIONAL_NOT_FROZEN	ENST00000393490	0
PROVISIONAL_NOT_FROZEN	ENST00000482191	3
PROVISIONAL_NOT_FROZEN	ENST00000414790	2
PROVISIONAL_NOT_FROZEN	ENST00000591509	4
PROVISIONAL_NOT_FROZEN	ENST00000370050	0
PROVISIONAL_NOT_FROZEN	ENST00000459929	1
PROVISIONAL_NOT_FROZEN	ENST00000359362	1
PROVISIONAL_NOT_FROZEN	ENST00000479126	4
PROVISIONAL_NOT_FROZEN	ENST00000587648	0
PROVISIONAL_NOT_FROZEN	ENST00000538689	2
PROVISIONAL_NOT_FROZEN	ENST00000555914	3
PROVISIONAL_NOT_FROZEN	ENST00000480952	4
PROVISIONAL_NOT_FROZEN	ENST00000414898	3
PROVISIONAL_NOT_FROZEN	ENST00000546837	4
PROVISIONAL_NOT_FROZEN	ENST00000475482	4
PROVISIONAL_NOT_FROZEN	ENST00000530245	0
PROVISIONAL_NOT_FROZEN	ENST00000590150	4
PROVISIONAL_NOT_FROZEN	ENST00000432178	1
PROVISIONAL_NOT_FROZEN	ENST00000370645	2
PROVISIONAL_NOT_FROZEN	ENST00000409017	2
PROVISIONAL_NOT_FROZEN	ENST00000378198	0
PROVISIONAL_NOT_FROZEN	ENST00000454913	1
PROVISIONAL_NOT_FROZEN	ENST00000448750	0
PROVISIONAL_NOT_FROZEN	ENST00000557510	0
PROVISIONAL_NOT_FROZEN	ENST00000534234	4
PROVISIONAL_NOT_FROZEN	ENST00000422090	1
PROVISIONAL_NOT_FROZEN	ENST00000529355	1
PROVISIONAL_NOT_FROZEN	ENST00000423105	0
PROVISIONAL_NOT_FROZEN	ENST00000343810	3
PROVISIONAL_NOT_FROZEN	ENST00000394434	0
PROVISIONAL_NOT_FROZEN	ENST00000547229	2
PROVISIONAL_NOT_FROZEN	ENST00000494433	2
PROVISIONAL_NOT_FROZEN	ENST00000447630	3
PROVISIONAL_NOT_FROZEN	ENST00000412454	4
PROVISIONAL_NOT_FROZEN	ENST00000419370	3
PROVISIONAL_NOT_FROZEN	ENST00000522428	2
PROVISIONAL_NOT_FROZEN	ENST00000582782	0
PROVISIONAL_NOT_FROZEN	ENST00000550487	2
PROVISIONAL_NOT_FROZEN	ENST00000486854	2
PROVISIONAL_NOT_FROZEN	ENST00000359944	4
PROVISIONAL_NOT_FROZEN	ENST00000559081	2
PROVISIONAL_NOT_FROZEN	ENST00000582613	0
PROVISIONAL_NOT_FROZEN	ENST00000292314	2
PROVISIONAL_NOT_FROZEN	ENST00000278025	3
PROVISIONAL_NOT_FROZEN	ENST00000371579	2
PROVISIONAL_NOT_FROZEN	ENST00000616787	3
PROVISIONAL_NOT_FROZEN	ENST00000374391	2
PROVISIONAL_NOT_FROZEN	ENST00000559916	0
PROVISIONAL_NOT_FROZEN	ENST00000588709	1
PROVISIONAL_NOT_FROZEN	ENST00000374550	1
PROVISIONAL_NOT_FROZEN	ENST00000549385	0
PROVISIONAL_NOT_FROZEN	ENST00000535678	2
PROVISIONAL_NOT_FROZEN	ENST00000559345	4
PROVISIONAL_NOT_FROZEN	ENST00000607361	0
PROVISIONAL_NOT_FROZEN	ENST00000462630	3
PROVISIONAL_NOT_FROZEN	ENST00000379277	0
PROVISIONAL_NOT_FROZEN	ENST00000442181	0
PROVISIONAL_NOT_FROZEN	ENST00000463229	3
PROVISIONAL_NOT_FROZEN	ENST00000585060	2
PROVISIONAL_NOT_FROZEN	ENST00000552314	0
PROVISIONAL_NOT_FROZEN	ENST00000396973	1
PROVISIONAL_NOT_FROZEN	ENST00000559123	1
PROVISIONAL_NOT_FROZEN	ENST00000490921	1
PROVISIONAL_NOT_FROZEN	ENST00000314332	2
PROVISIONAL_NOT_FROZEN	ENST00000447267	2
PROVISIONAL_NOT_FROZEN	ENST00000479480	1
PROVISIONAL_NOT_FROZEN	ENST00000278756	0
PROVISIONAL_NOT_FROZEN	ENST00000536192	3
PROVISIONAL_NOT_FROZEN	ENST00000465335	2
PROVISIONAL_NOT_FROZEN	ENST00000370508	4
PROVISIONAL_NOT_FROZEN	ENST00000530913	0
PROVISIONAL_NOT_FROZEN	ENST00000447032	3
PROVISIONAL_NOT_FROZEN	ENST00000471488	4
PROVISIONAL_NOT_FROZEN	ENST00000491955	1
PROVISIONAL_NOT_FROZEN	ENST00000376936	2
PROVISIONAL_NOT_FROZEN	ENST00000453046	1
PROVISIONAL_NOT_FROZEN	ENST00000595782	2
PROVISIONAL_NOT_FROZEN	ENST00000402896	4
PROVISIONAL_NOT_FROZEN	ENST00000483416	0
PROVISIONAL_NOT_FROZEN	ENST00000341267	3
PROVISIONAL_NOT_FROZEN	ENST00000245046	4
PROVISIONAL_NOT_FROZEN	ENST00000462163	2
PROVISIONAL_NOT_FROZEN	ENST00000496387	3
PROVISIONAL_NOT_FROZEN	ENST00000597611	1
PROVISIONAL_NOT_FROZEN	ENST00000400175	4
PROVISIONAL_NOT_FROZEN	ENST00000436445	3
PROVISIONAL_NOT_FROZEN	ENST00000514075	1
PROVISIONAL_NOT_FROZEN	ENST00000248958	1
PROVISIONAL_NOT_FROZEN	ENST00000466195	4
PROVISIONAL_NOT_FROZEN	ENST00000366466	1
PROVISIONAL_NOT_FROZEN	ENST00000579716	0
PROVISIONAL_NOT_FROZEN	ENST00000458402	2
PROVISIONAL_NOT_FROZEN	ENST00000483815	3
PROVISIONAL_NOT_FROZEN	ENST00000529464	2
PROVISIONAL_NOT_FROZEN	ENST00000406385	1
PROVISIONAL_NOT_FROZEN	ENST00000471251	0
PROVISIONAL_NOT_FROZEN	ENST00000473038	2
PROVISIONAL_NOT_FROZEN	ENST00000275428	0
PROVISIONAL_NOT_FROZEN	ENST00000602959	3
PROVISIONAL_NOT_FROZEN	ENST00000562935	4
PROVISIONAL_NOT_FROZEN	ENST00000597423	3
PROVISIONAL_NOT_FROZEN	ENST00000567711	0
PROVISIONAL_NOT_FROZEN	ENST00000327300	3
PROVISIONAL_NOT_FROZEN	ENST00000586963	1
PROVISIONAL_NOT_FROZEN	ENST00000304786	4
PROVISIONAL_NOT_FROZEN	ENST00000304271	1
PROVISIONAL_NOT_FROZEN	ENST00000588315	2
PROVISIONAL_NOT_FROZEN	ENST00000416518	2
PROVISIONAL_NOT_FROZEN	ENST00000292644	1
PROVISIONAL_NOT_FROZEN	ENST00000487043	2
PROVISIONAL_NOT_FROZEN	ENST00000571138	1
PROVISIONAL_NOT_FROZEN	ENST00000402297	1
PROVISIONAL_NOT_FROZEN	ENST00000457444	1
PROVISIONAL_NOT_FROZEN	ENST00000503362	3
PROVISIONAL_NOT_FROZEN	ENST00000363286	4
PROVISIONAL_NOT_FROZEN	ENST00000359088	4
PROVISIONAL_NOT_FROZEN	ENST00000396861	4
PROVISIONAL_NOT_FROZEN	ENST00000603198	0
PROVISIONAL_NOT_FROZEN	ENST00000507845	1
PROVISIONAL_NOT_FROZEN	ENST00000342879	1
PROVISIONAL_NOT_FROZEN	ENST00000568794	0
PROVISIONAL_NOT_FROZEN	ENST00000584343	0
PROVISIONAL_NOT_FROZEN	ENST00000406984	4
PROVISIONAL_NOT_FROZEN	ENST00000435719	1
PROVISIONAL_NOT_FROZEN	ENST00000369937	0
PROVISIONAL_NOT_FROZEN	ENST00000216014	4
PROVISIONAL_NOT_FROZEN	ENST00000422465	2
PROVISIONAL_NOT_FROZEN	ENST00000274680	3
PROVISIONAL_NOT_FROZEN	ENST00000615760	0
PROVISIONAL_NOT_FROZEN	ENST00000533349	2
PROVISIONAL_NOT_FROZEN	ENST00000580887	2
PROVISIONAL_NOT_FROZEN	ENST00000433309	4
PROVISIONAL_NOT_FROZEN	ENST00000557348	4
PROVISIONAL_NOT_FROZEN	ENST00000358666	4
PROVISIONAL_NOT_FROZEN	ENST00000384390	0
PROVISIONAL_NOT_FROZEN	ENST00000470667	3
PROVISIONAL_NOT_FROZEN	ENST00000589494	2
PROVISIONAL_NOT_FROZEN	ENST00000368518	3
PROVISIONAL_NOT_FROZEN	ENST00000561139	0
PROVISIONAL_NOT_FROZEN	ENST00000495728	3
PROVISIONAL_NOT_FROZEN	ENST00000600160	1
PROVISIONAL_NOT_FROZEN	ENST00000509589	2
PROVISIONAL_NOT_FROZEN	ENST00000492170	4
PROVISIONAL_NOT_FROZEN	ENST00000484121	3
PROVISIONAL_NOT_FROZEN	ENST00000479209	3
PROVISIONAL_NOT_FROZEN	ENST00000394231	4
PROVISIONAL_NOT_FROZEN	ENST00000215071	2
PROVISIONAL_NOT_FROZEN	ENST00000622395	1
PROVISIONAL_NOT_FROZEN	ENST00000296511	3
PROVISIONAL_NOT_FROZEN	ENST00000344795	3
PROVISIONAL_NOT_FROZEN	ENST00000457119	0
PROVISIONAL_NOT_FROZEN	ENST00000553652	4
PROVISIONAL_NOT_FROZEN	ENST00000449856	4
PROVISIONAL_NOT_FROZEN	ENST00000561048	0
PROVISIONAL_NOT_FROZEN	ENST00000474823	4
PROVISIONAL_NOT_FROZEN	ENST00000335007	2
PROVISIONAL_NOT_FROZEN	ENST00000569403	3
PROVISIONAL_NOT_FROZEN	ENST00000533373	3
PROVISIONAL_NOT_FROZEN	ENST00000482093	3
PROVISIONAL_NOT_FROZEN	ENST00000411861	2
PROVISIONAL_NOT_FROZEN	ENST00000361211	4
PROVISIONAL_NOT_FROZEN	ENST00000550767	3
PROVISIONAL_NOT_FROZEN	ENST00000536674	2
PROVISIONAL_NOT_FROZEN	ENST00000588824	4
PROVISIONAL_NOT_FROZEN	ENST00000433436	4
PROVISIONAL_NOT_FROZEN	ENST00000489417	4
PROVISIONAL_NOT_FROZEN	ENST00000481456	3
PROVISIONAL_NOT_FROZEN	ENST00000473786	3
PROVISIONAL_NOT_FROZEN	ENST00000257013	0
PROVISIONAL_NOT_FROZEN	ENST00000432920	1
PROVISIONAL_NOT_FROZEN	ENST00000461351	1
PROVISIONAL_NOT_FROZEN	ENST00000365668	0
PROVISIONAL_NOT_FROZEN	ENST00000272252	1
PROVISIONAL_NOT_FROZEN	ENST00000537904	2
PROVISIONAL_NOT_FROZEN	ENST00000414474	3
PROVISIONAL_NOT_FROZEN	ENST00000411482	1
PROVISIONAL_NOT_FROZEN	ENST00000621737	4
PROVISIONAL_NOT_FROZEN	ENST00000551200	2
PROVISIONAL_NOT_FROZEN	ENST00000426440	4
PROVISIONAL_NOT_FROZEN	ENST00000528048	1
PROVISIONAL_NOT_FROZEN	ENST00000267113	0
PROVISIONAL_NOT_FROZEN	ENST00000388901	4
PROVISIONAL_NOT_FROZEN	ENST00000525634	4
PROVISIONAL_NOT_FROZEN	ENST00000372667	0
PROVISIONAL_NOT_FROZEN	ENST00000488934	4
PROVISIONAL_NOT_FROZEN	ENST00000489159	2
PROVISIONAL_NOT_FROZEN	ENST00000507886	0
PROVISIONAL_NOT_FROZEN	ENST00000470814	2
PROVISIONAL_NOT_FROZEN	ENST00000419562	4
PROVISIONAL_NOT_FROZEN	ENST00000590314	3
PROVISIONAL_NOT_FROZEN	ENST00000486414	4
PROVISIONAL_NOT_FROZEN	ENST00000471105	1
PROVISIONAL_NOT_FROZEN	ENST00000488538	0
PROVISIONAL_NOT_FROZEN	ENST00000263102	4
PROVISIONAL_NOT_FROZEN	ENST00000568834	2
PROVISIONAL_NOT_FROZEN	ENST00000376980	1
PROVISIONAL_NOT_FROZEN	ENST00000588032	1
PROVISIONAL_NOT_FROZEN	ENST00000600947	4
PROVISIONAL_NOT_FROZEN	ENST00000531822	3
PROVISIONAL_NOT_FROZEN	ENST00000356244	0
PROVISIONAL_NOT_FROZEN	ENST00000518338	1
PROVISIONAL_NOT_FROZEN	ENST00000584796	4
PROVISIONAL_NOT_FROZEN	ENST00000295766	3
PROVISIONAL_NOT_FROZEN	ENST00000449185	0
PROVISIONAL_NOT_FROZEN	ENST00000396663	4
PROVISIONAL_NOT_FROZEN	ENST00000341698	3
PROVISIONAL_NOT_FROZEN	ENST00000400090	2
PROVISIONAL_NOT_FROZEN	ENST00000373904	2
PROVISIONAL_NOT_FROZEN	ENST00000493356	2
PROVISIONAL_NOT_FROZEN	ENST00000440082	0
PROVISIONAL_NOT_FROZEN	ENST00000482209	0
PROVISIONAL_NOT_FROZEN	ENST00000593771	3
PROVISIONAL_NOT_FROZEN	ENST00000456632	0
PROVISIONAL_NOT_FROZEN	ENST00000531533	3
PROVISIONAL_NOT_FROZEN	ENST00000596904	2
PROVISIONAL_NOT_FROZEN	ENST00000434584	1
PROVISIONAL_NOT_FROZEN	ENST00000591515	0
PROVISIONAL_NOT_FROZEN	ENST00000580980	0
PROVISIONAL_NOT_FROZEN	ENST00000405731	4
PROVISIONAL_NOT_FROZEN	ENST00000357164	0
PROVISIONAL_NOT_FROZEN	ENST00000585242	0
PROVISIONAL_NOT_FROZEN	ENST00000589314	3
PROVISIONAL_NOT_FROZEN	ENST00000373163	2
PROVISIONAL_NOT_FROZEN	ENST00000227157	4
PROVISIONAL_NOT_FROZEN	ENST00000616552	3
PROVISIONAL_NOT_FROZEN	ENST00000575018	2
PROVISIONAL_NOT_FROZEN	ENST00000585321	0
PROVISIONAL_NOT_FROZEN	ENST00000296277	4
PROVISIONAL_NOT_FROZEN	ENST00000474024	0
PROVISIONAL_NOT_FROZEN	ENST00000455086	1
PROVISIONAL_NOT_FROZEN	ENST00000575957	2
PROVISIONAL_NOT_FROZEN	ENST00000367509	2
PROVISIONAL_NOT_FROZEN	ENST00000473638	0
PROVISIONAL_NOT_FROZEN	ENST00000475835	4
PROVISIONAL_NOT_FROZEN	ENST00000608295	0
PROVISIONAL_NOT_FROZEN	ENST00000454716	2
PROVISIONAL_NOT_FROZEN	ENST00000473900	1
PROVISIONAL_NOT_FROZEN	ENST00000574810	1
PROVISIONAL_NOT_FROZEN	ENST00000596405	1
PROVISIONAL_NOT_FROZEN	ENST00000490385	3
PROVISIONAL_NOT_FROZEN	ENST00000513435	3
PROVISIONAL_NOT_FROZEN	ENST00000590067	4
PROVISIONAL_NOT_FROZEN	ENST00000519848	4
PROVISIONAL_NOT_FROZEN	ENST00000373232	1
PROVISIONAL_NOT_FROZEN	ENST00000484026	4
PROVISIONAL_NOT_FROZEN	ENST00000458385	1
PROVISIONAL_NOT_FROZEN	ENST00000452670	0
PROVISIONAL_NOT_FROZEN	ENST00000491035	2
PROVISIONAL_NOT_FROZEN	ENST00000587993	1
PROVISIONAL_NOT_FROZEN	ENST00000449340	2
PROVISIONAL_NOT_FROZEN	ENST00000525587	4
PROVISIONAL_NOT_FROZEN	ENST00000494676	3
PROVISIONAL_NOT_FROZEN	ENST00000400217	1
PROVISIONAL_NOT_FROZEN	ENST00000392301	1
PROVISIONAL_NOT_FROZEN	ENST00000409291	3
PROVISIONAL_NOT_FROZEN	ENST00000409710	3
PROVISIONAL_NOT_FROZEN	ENST00000543465	2
PROVISIONAL_NOT_FROZEN	ENST00000536926	0
PROVISIONAL_NOT_FROZEN	ENST00000541726	3
PROVISIONAL_NOT_FROZEN	ENST00000229329	0
PROVISIONAL_NOT_FROZEN	ENST00000536606	0
PROVISIONAL_NOT_FROZEN	ENST00000265097	3
PROVISIONAL_NOT_FROZEN	ENST00000414329	3
PROVISIONAL_NOT_FROZEN	ENST00000409226	0
PROVISIONAL_NOT_FROZEN	ENST00000554364	1
PROVISIONAL_NOT_FROZEN	ENST00000310776	0
PROVISIONAL_NOT_FROZEN	ENST00000511078	1
PROVISIONAL_NOT_FROZEN	ENST00000484386	2
PROVISIONAL_NOT_FROZEN	ENST00000373699	4
PROVISIONAL_NOT_FROZEN	ENST00000580333	4
PROVISIONAL_NOT_FROZEN	ENST00000341209	4
PROVISIONAL_NOT_FROZEN	ENST00000466859	1
PROVISIONAL_NOT_FROZEN	ENST00000565588	1
PROVISIONAL_NOT_FROZEN	ENST00000461056	4
PROVISIONAL_NOT_FROZEN	ENST00000473610	3
PROVISIONAL_NOT_FROZEN	ENST00000526397	2
PROVISIONAL_NOT_FROZEN	ENST00000473590	1
PROVISIONAL_NOT_FROZEN	ENST00000261482	0
PROVISIONAL_NOT_FROZEN	ENST00000600000	1
PROVISIONAL_NOT_FROZEN	ENST00000341307	3
PROVISIONAL_NOT_FROZEN	ENST00000409683	1
PROVISIONAL_NOT_FROZEN	ENST00000552949	3
PROVISIONAL_NOT_FROZEN	ENST00000474892	2
PROVISIONAL_NOT_FROZEN	ENST00000518364	4
PROVISIONAL_NOT_FROZEN	ENST00000496153	3
PROVISIONAL_NOT_FROZEN	ENST00000267973	0
PROVISIONAL_NOT_FROZEN	ENST00000587327	0
PROVISIONAL_NOT_FROZEN	ENST00000494253	3
PROVISIONAL_NOT_FROZEN	ENST00000264451	0
PROVISIONAL_NOT_FROZEN	ENST00000301764	3
PROVISIONAL_NOT_FROZEN	ENST00000478382	4
PROVISIONAL_NOT_FROZEN	ENST00000514264	1
PROVISIONAL_NOT_FROZEN	ENST00000451517	4
PROVISIONAL_NOT_FROZEN	ENST00000437657	1
PROVISIONAL_NOT_FROZEN	ENST00000535090	0
PROVISIONAL_NOT_FROZEN	ENST00000369722	4
PROVISIONAL_NOT_FROZEN	ENST00000571986	1
PROVISIONAL_NOT_FROZEN	ENST00000596315	0
PROVISIONAL_NOT_FROZEN	ENST00000434715	2
PROVISIONAL_NOT_FROZEN	ENST00000487608	3
PROVISIONAL_NOT_FROZEN	ENST00000453641	3
PROVISIONAL_NOT_FROZEN	ENST00000284000	3
PROVISIONAL_NOT_FROZEN	ENST00000552914	1
PROVISIONAL_NOT_FROZEN	ENST00000428459	1
PROVISIONAL_NOT_FROZEN	ENST00000472367	4
PROVISIONAL_NOT_FROZEN	ENST00000552699	0
PROVISIONAL_NOT_FROZEN	ENST00000537473	2
PROVISIONAL_NOT_FROZEN	ENST00000552442	4
PROVISIONAL_NOT_FROZEN	ENST00000480263	2
PROVISIONAL_NOT_FROZEN	ENST00000526555	3
PROVISIONAL_NOT_FROZEN	ENST00000581138	2
PROVISIONAL_NOT_FROZEN	ENST00000505059	3
PROVISIONAL_NOT_FROZEN	ENST00000466592	4
PROVISIONAL_NOT_FROZEN	ENST00000577810	4
PROVISIONAL_NOT_FROZEN	ENST00000580800	2
PROVISIONAL_NOT_FROZEN	ENST00000436656	3
PROVISIONAL_NOT_FROZEN	ENST00000617791	0
PROVISIONAL_NOT_FROZEN	ENST00000591099	3
PROVISIONAL_NOT_FROZEN	ENST00000276079	0
PROVISIONAL_NOT_FROZEN	ENST00000537839	1
PROVISIONAL_NOT_FROZEN	ENST00000560055	3
PROVISIONAL_NOT_FROZEN	ENST00000533806	2
PROVISIONAL_NOT_FROZEN	ENST00000493949	2
PROVISIONAL_NOT_FROZEN	ENST00000560318	4
PROVISIONAL_NOT_FROZEN	ENST00000322776	3
PROVISIONAL_NOT_FROZEN	ENST00000376667	4
PROVISIONAL_NOT_FROZEN	ENST00000486085	0
PROVISIONAL_NOT_FROZEN	ENST00000517367	2
PROVISIONAL_NOT_FROZEN	ENST00000379649	3
PROVISIONAL_NOT_FROZEN	ENST00000550704	3
PROVISIONAL_NOT_FROZEN	ENST00000550550	1
PROVISIONAL_NOT_FROZEN	ENST00000300403	0
PROVISIONAL_NOT_FROZEN	ENST00000272065	2
PROVISIONAL_NOT_FROZEN	ENST00000475465	3
PROVISIONAL_NOT_FROZEN	ENST00000221930	1
PROVISIONAL_NOT_FROZEN	ENST00000477945	4
PROVISIONAL_NOT_FROZEN	ENST00000473447	0
PROVISIONAL_NOT_FROZEN	ENST00000615950	1
PROVISIONAL_NOT_FROZEN	ENST00000437845	3
PROVISIONAL_NOT_FROZEN	ENST00000303531	3
PROVISIONAL_NOT_FROZEN	ENST00000598355	3
PROVISIONAL_NOT_FROZEN	ENST00000527945	4
PROVISIONAL_NOT_FROZEN	ENST00000394883	3
PROVISIONAL_NOT_FROZEN	ENST00000320225	2
PROVISIONAL_NOT_FROZEN	ENST00000577222	2
PROVISIONAL_NOT_FROZEN	ENST00000535709	1
PROVISIONAL_NOT_FROZEN	ENST00000215882	2
PROVISIONAL_NOT_FROZEN	ENST00000343420	4
PROVISIONAL_NOT_FROZEN	ENST00000616756	3
PROVISIONAL_NOT_FROZEN	ENST00000559935	4
PROVISIONAL_NOT_FROZEN	ENST00000473552	0
PROVISIONAL_NOT_FROZEN	ENST00000497576	3
PROVISIONAL_NOT_FROZEN	ENST00000375882	1
PROVISIONAL_NOT_FROZEN	ENST00000394689	2
PROVISIONAL_NOT_FROZEN	ENST00000495805	0
PROVISIONAL_NOT_FROZEN	ENST00000570772	3
PROVISIONAL_NOT_FROZEN	ENST00000341376	3
PROVISIONAL_NOT_FROZEN	ENST00000574565	2
PROVISIONAL_NOT_FROZEN	ENST00000503744	0
PROVISIONAL_NOT_FROZEN	ENST00000416815	1
PROVISIONAL_NOT_FROZEN	ENST00000359690	3
PROVISIONAL_NOT_FROZEN	ENST00000352131	0
PROVISIONAL_NOT_FROZEN	ENST00000358794	4
PROVISIONAL_NOT_FROZEN	ENST00000322989	4
PROVISIONAL_NOT_FROZEN	ENST00000566304	1
PROVISIONAL_NOT_FROZEN	ENST00000546152	4
PROVISIONAL_NOT_FROZEN	ENST00000457231	1
PROVISIONAL_NOT_FROZEN	ENST00000598466	0
PROVISIONAL_NOT_FROZEN	ENST00000479017	4
PROVISIONAL_NOT_FROZEN	ENST00000510080	2
PROVISIONAL_NOT_FROZEN	ENST00000254821	4
PROVISIONAL_NOT_FROZEN	ENST00000326799	0
PROVISIONAL_NOT_FROZEN	ENST00000555373	4
PROVISIONAL_NOT_FROZEN	ENST00000222388	4
PROVISIONAL_NOT_FROZEN	ENST00000452259	2
PROVISIONAL_NOT_FROZEN	ENST00000331835	3
PROVISIONAL_NOT_FROZEN	ENST00000422360	0
PROVISIONAL_NOT_FROZEN	ENST00000559818	3
PROVISIONAL_NOT_FROZEN	ENST00000485947	1
PROVISIONAL_NOT_FROZEN	ENST00000524091	4
PROVISIONAL_NOT_FROZEN	ENST00000259254	0
PROVISIONAL_NOT_FROZEN	ENST00000460259	1
PROVISIONAL_NOT_FROZEN	ENST00000410044	1
PROVISIONAL_NOT_FROZEN	ENST00000510558	2
PROVISIONAL_NOT_FROZEN	ENST00000423181	1
PROVISIONAL_NOT_FROZEN	ENST00000525515	3
PROVISIONAL_NOT_FROZEN	ENST00000373944	3
PROVISIONAL_NOT_FROZEN	ENST00000344877	2
PROVISIONAL_NOT_FROZEN	ENST00000438325	3
PROVISIONAL_NOT_FROZEN	ENST00000541587	2
PROVISIONAL_NOT_FROZEN	ENST00000261401	0
PROVISIONAL_NOT_FROZEN	ENST00000592515	4
PROVISIONAL_NOT_FROZEN	ENST00000573262	1
PROVISIONAL_NOT_FROZEN	ENST00000446531	4
PROVISIONAL_NOT_FROZEN	ENST00000545215	4
PROVISIONAL_NOT_FROZEN	ENST00000271843	4
PROVISIONAL_NOT_FROZEN	ENST00000599895	0
PROVISIONAL_NOT_FROZEN	ENST00000409498	1
PROVISIONAL_NOT_FROZEN	ENST00000554961	4
PROVISIONAL_NOT_FROZEN	ENST00000436146	1
PROVISIONAL_NOT_FROZEN	ENST00000568562	3
PROVISIONAL_NOT_FROZEN	ENST00000576436	4
PROVISIONAL_NOT_FROZEN	ENST00000574823	2
PROVISIONAL_NOT_FROZEN	ENST00000472192	4
PROVISIONAL_NOT_FROZEN	ENST00000519948	3
PROVISIONAL_NOT_FROZEN	ENST00000395098	2
PROVISIONAL_NOT_FROZEN	ENST00000562264	0
PROVISIONAL_NOT_FROZEN	ENST00000416952	3
PROVISIONAL_NOT_FROZEN	ENST00000588056	4
PROVISIONAL_NOT_FROZEN	ENST00000589577	3
PROVISIONAL_NOT_FROZEN	ENST00000468425	3
PROVISIONAL_NOT_FROZEN	ENST00000600238	0
PROVISIONAL_NOT_FROZEN	ENST00000483348	1
PROVISIONAL_NOT_FROZEN	ENST00000488171	4
PROVISIONAL_NOT_FROZEN	ENST00000428704	4
PROVISIONAL_NOT_FROZEN	ENST00000624162	2
PROVISIONAL_NOT_FROZEN	ENST00000490277	0
PROVISIONAL_NOT_FROZEN	ENST00000555770	4
PROVISIONAL_NOT_FROZEN	ENST00000465535	3
PROVISIONAL_NOT_FROZEN	ENST00000293831	0
PROVISIONAL_NOT_FROZEN	ENST00000342206	0
PROVISIONAL_NOT_FROZEN	ENST00000451427	2
PROVISIONAL_NOT_FROZEN	ENST00000538315	4
PROVISIONAL_NOT_FROZEN	ENST00000554246	2
PROVISIONAL_NOT_FROZEN	ENST00000393979	3
PROVISIONAL_NOT_FROZEN	ENST00000405074	3
PROVISIONAL_NOT_FROZEN	ENST00000296289	2
PROVISIONAL_NOT_FROZEN	ENST00000403490	1
PROVISIONAL_NOT_FROZEN	ENST00000595443	1
PROVISIONAL_NOT_FROZEN	ENST00000585811	2
PROVISIONAL_NOT_FROZEN	ENST00000401695	2
PROVISIONAL_NOT_FROZEN	ENST00000216190	2
PROVISIONAL_NOT_FROZEN	ENST00000542238	3
PROVISIONAL_NOT_FROZEN	ENST00000381844	4
PROVISIONAL_NOT_FROZEN	ENST00000563774	0
PROVISIONAL_NOT_FROZEN	ENST00000532446	1
PROVISIONAL_NOT_FROZEN	ENST00000497042	1
PROVISIONAL_NOT_FROZEN	ENST00000394799	4
PROVISIONAL_NOT_FROZEN	ENST00000562622	1
PROVISIONAL_NOT_FROZEN	ENST00000483739	1
PROVISIONAL_NOT_FROZEN	ENST00000614820	0
PROVISIONAL_NOT_FROZEN	ENST00000504698	0
PROVISIONAL_NOT_FROZEN	ENST00000467951	0
PROVISIONAL_NOT_FROZEN	ENST00000443387	3
PROVISIONAL_NOT_FROZEN	ENST00000557487	4
PROVISIONAL_NOT_FROZEN	ENST00000582449	1
PROVISIONAL_NOT_FROZEN	ENST00000540667	1
PROVISIONAL_NOT_FROZEN	ENST00000627489	0
PROVISIONAL_NOT_FROZEN	ENST00000234301	1
PROVISIONAL_NOT_FROZEN	ENST00000550954	2
PROVISIONAL_NOT_FROZEN	ENST00000467168	2
PROVISIONAL_NOT_FROZEN	ENST00000379286	0
PROVISIONAL_NOT_FROZEN	ENST00000441633	2
PROVISIONAL_NOT_FROZEN	ENST00000418115	4
PROVISIONAL_NOT_FROZEN	ENST00000454214	0
PROVISIONAL_NOT_FROZEN	ENST00000367942	4
PROVISIONAL_NOT_FROZEN	ENST00000464116	0
PROVISIONAL_NOT_FROZEN	ENST00000454841	0
PROVISIONAL_NOT_FROZEN	ENST00000586425	2
PROVISIONAL_NOT_FROZEN	ENST00000375980	3
PROVISIONAL_NOT_FROZEN	ENST00000418207	3
PROVISIONAL_NOT_FROZEN	ENST00000549147	4
PROVISIONAL_NOT_FROZEN	ENST00000494689	4
PROVISIONAL_NOT_FROZEN	ENST00000517543	2
PROVISIONAL_NOT_FROZEN	ENST00000443590	2
PROVISIONAL_NOT_FROZEN	ENST00000481412	2
PROVISIONAL_NOT_FROZEN	ENST00000543532	2
PROVISIONAL_NOT_FROZEN	ENST00000587367	0
PROVISIONAL_NOT_FROZEN	ENST00000553022	0
PROVISIONAL_NOT_FROZEN	ENST00000491925	4
PROVISIONAL_NOT_FROZEN	ENST00000488213	2
PROVISIONAL_NOT_FROZEN	ENST00000529259	3
PROVISIONAL_NOT_FROZEN	ENST00000514202	3
PROVISIONAL_NOT_FROZEN	ENST00000548545	3
PROVISIONAL_NOT_FROZEN	ENST00000559704	3
PROVISIONAL_NOT_FROZEN	ENST00000588162	0
PROVISIONAL_NOT_FROZEN	ENST00000366922	0
PROVISIONAL_NOT_FROZEN	ENST00000461190	2
PROVISIONAL_NOT_FROZEN	ENST00000466501	4
PROVISIONAL_NOT_FROZEN	ENST00000372919	4
PROVISIONAL_NOT_FROZEN	ENST00000517403	4
PROVISIONAL_NOT_FROZEN	ENST00000559690	4
PROVISIONAL_NOT_FROZEN	ENST00000525104	0
PROVISIONAL_NOT_FROZEN	ENST00000411586	0
PROVISIONAL_NOT_FROZEN	ENST00000541305	1
PROVISIONAL_NOT_FROZEN	ENST00000474273	1
PROVISIONAL_NOT_FROZEN	ENST00000473012	3
PROVISIONAL_NOT_FROZEN	ENST00000515311	0
PROVISIONAL_NOT_FROZEN	ENST00000495528	1
PROVISIONAL_NOT_FROZEN	ENST00000379299	0
PROVISIONAL_NOT_FROZEN	ENST00000372792	1
PROVISIONAL_NOT_FROZEN	ENST00000415493	3
PROVISIONAL_NOT_FROZEN	ENST00000317089	1
PROVISIONAL_NOT_FROZEN	ENST00000196551	3
PROVISIONAL_NOT_FROZEN	ENST00000393717	2
PROVISIONAL_NOT_FROZEN	ENST00000488427	0
PROVISIONAL_NOT_FROZEN	ENST00000556554	4
PROVISIONAL_NOT_FROZEN	ENST00000610976	3
PROVISIONAL_NOT_FROZEN	ENST00000491662	0
PROVISIONAL_NOT_FROZEN	ENST00000514104	0
PROVISIONAL_NOT_FROZEN	ENST00000330244	3
PROVISIONAL_NOT_FROZEN	ENST00000439211	1
PROVISIONAL_NOT_FROZEN	ENST00000478266	2
PROVISIONAL_NOT_FROZEN	ENST00000508925	2
PROVISIONAL_NOT_FROZEN	ENST00000376263	2
PROVISIONAL_NOT_FROZEN	ENST00000464073	2
PROVISIONAL_NOT_FROZEN	ENST00000547130	3
PROVISIONAL_NOT_FROZEN	ENST00000415790	4
PROVISIONAL_NOT_FROZEN	ENST00000514816	0
PROVISIONAL_NOT_FROZEN	ENST00000295770	1
PROVISIONAL_NOT_FROZEN	ENST00000440049	3
PROVISIONAL_NOT_FROZEN	ENST00000577988	0
PROVISIONAL_NOT_FROZEN	ENST00000372393	0
PROVISIONAL_NOT_FROZEN	ENST00000596272	4
PROVISIONAL_NOT_FROZEN	ENST00000373477	2
PROVISIONAL_NOT_FROZEN	ENST00000267918	1
PROVISIONAL_NOT_FROZEN	ENST00000460830	2
PROVISIONAL_NOT_FROZEN	ENST00000232125	4
PROVISIONAL_NOT_FROZEN	ENST00000512768	2
PROVISIONAL_NOT_FROZEN	ENST00000376007	4
PROVISIONAL_NOT_FROZEN	ENST00000478597	2
PROVISIONAL_NOT_FROZEN	ENST00000512913	0
PROVISIONAL_NOT_FROZEN	ENST00000526445	4
PROVISIONAL_NOT_FROZEN	ENST00000482905	1
PROVISIONAL_NOT_FROZEN	ENST00000375114	3
PROVISIONAL_NOT_FROZEN	ENST00000435996	0
PROVISIONAL_NOT_FROZEN	ENST00000486941	1
PROVISIONAL_NOT_FROZEN	ENST00000383873	3
PROVISIONAL_NOT_FROZEN	ENST00000506593	1
PROVISIONAL_NOT_FROZEN	ENST00000374291	4
PROVISIONAL_NOT_FROZEN	ENST00000443345	4
PROVISIONAL_NOT_FROZEN	ENST00000513211	1
PROVISIONAL_NOT_FROZEN	ENST00000580261	0
PROVISIONAL_NOT_FROZEN	ENST00000376785	0
PROVISIONAL_NOT_FROZEN	ENST00000347587	3
PROVISIONAL_NOT_FROZEN	ENST00000548925	4
PROVISIONAL_NOT_FROZEN	ENST00000461665	1
PROVISIONAL_NOT_FROZEN	ENST00000380181	4
PROVISIONAL_NOT_FROZEN	ENST00000592643	4
PROVISIONAL_NOT_FROZEN	ENST00000480365	4
PROVISIONAL_NOT_FROZEN	ENST00000431781	4
PROVISIONAL_NOT_FROZEN	ENST00000450256	2
PROVISIONAL_NOT_FROZEN	ENST00000354618	2
PROVISIONAL_NOT_FROZEN	ENST00000257262	4
PROVISIONAL_NOT_FROZEN	ENST00000505935	0
PROVISIONAL_NOT_FROZEN	ENST00000528906	3
PROVISIONAL_NOT_FROZEN	ENST00000453064	4
PROVISIONAL_NOT_FROZEN	ENST00000540351	3
PROVISIONAL_NOT_FROZEN	ENST00000352327	2
PROVISIONAL_NOT_FROZEN	ENST00000592330	4
PROVISIONAL_NOT_FROZEN	ENST00000452777	3
PROVISIONAL_NOT_FROZEN	ENST00000412059	3
PROVISIONAL_NOT_FROZEN	ENST00000559176	3
PROVISIONAL_NOT_FROZEN	ENST00000541970	4
PROVISIONAL_NOT_FROZEN	ENST00000540698	2
PROVISIONAL_NOT_FROZEN	ENST00000396153	1
PROVISIONAL_NOT_FROZEN	ENST00000467573	3
PROVISIONAL_NOT_FROZEN	ENST00000487938	1
PROVISIONAL_NOT_FROZEN	ENST00000425653	4
PROVISIONAL_NOT_FROZEN	ENST00000489520	1
PROVISIONAL_NOT_FROZEN	ENST00000262225	4
PROVISIONAL_NOT_FROZEN	ENST00000335877	4
PROVISIONAL_NOT_FROZEN	ENST00000456958	4
PROVISIONAL_NOT_FROZEN	ENST00000497707	1
PROVISIONAL_NOT_FROZEN	ENST00000568556	2
PROVISIONAL_NOT_FROZEN	ENST00000409960	3
PROVISIONAL_NOT_FROZEN	ENST00000583931	0
PROVISIONAL_NOT_FROZEN	ENST00000480987	2
PROVISIONAL_NOT_FROZEN	ENST00000580026	2
PROVISIONAL_NOT_FROZEN	ENST00000614624	4
PROVISIONAL_NOT_FROZEN	ENST00000592364	4
PROVISIONAL_NOT_FROZEN	ENST00000418595	1
PROVISIONAL_NOT_FROZEN	ENST00000259043	1
PROVISIONAL_NOT_FROZEN	ENST00000601253	4
PROVISIONAL_NOT_FROZEN	ENST00000512623	2
PROVISIONAL_NOT_FROZEN	ENST00000393891	4
PROVISIONAL_NOT_FROZEN	ENST00000440938	4
PROVISIONAL_NOT_FROZEN	ENST00000460675	1
PROVISIONAL_NOT_FROZEN	ENST00000418311	1
PROVISIONAL_NOT_FROZEN	ENST00000373055	4
PROVISIONAL_NOT_FROZEN	ENST00000409248	4
PROVISIONAL_NOT_FROZEN	ENST00000515202	2
PROVISIONAL_NOT_FROZEN	ENST00000442944	1
PROVISIONAL_NOT_FROZEN	ENST00000443963	4
PROVISIONAL_NOT_FROZEN	ENST00000489462	3
PROVISIONAL_NOT_FROZEN	ENST00000450819	3
PROVISIONAL_NOT_FROZEN	ENST00000468891	1
PROVISIONAL_NOT_FROZEN	ENST00000528653	0
PROVISIONAL_NOT_FROZEN	ENST00000601267	2
PROVISIONAL_NOT_FROZEN	ENST00000462935	0
PROVISIONAL_NOT_FROZEN	ENST00000469541	1
PROVISIONAL_NOT_FROZEN	ENST00000477806	2
PROVISIONAL_NOT_FROZEN	ENST00000533861	4
PROVISIONAL_NOT_FROZEN	ENST00000569148	0
PROVISIONAL_NOT_FROZEN	ENST00000372950	1
PROVISIONAL_NOT_FROZEN	ENST00000517974	1
PROVISIONAL_NOT_FROZEN	ENST00000551744	2
PROVISIONAL_NOT_FROZEN	ENST00000295326	1
PROVISIONAL_NOT_FROZEN	ENST00000560639	3
PROVISIONAL_NOT_FROZEN	ENST00000559722	3
PROVISIONAL_NOT_FROZEN	ENST00000205636	1
PROVISIONAL_NOT_FROZEN	ENST00000561584	0
PROVISIONAL_NOT_FROZEN	ENST00000438807	2
PROVISIONAL_NOT_FROZEN	ENST00000336097	2
PROVISIONAL_NOT_FROZEN	ENST00000511706	2
PROVISIONAL_NOT_FROZEN	ENST00000503170	1
PROVISIONAL_NOT_FROZEN	ENST00000422304	2
PROVISIONAL_NOT_FROZEN	ENST00000571874	2
PROVISIONAL_NOT_FROZEN	ENST00000458337	0
PROVISIONAL_NOT_FROZEN	ENST00000612463	3
PROVISIONAL_NOT_FROZEN	ENST00000256460	0
PROVISIONAL_NOT_FROZEN	ENST00000495333	0
PROVISIONAL_NOT_FROZEN	ENST00000588777	1
PROVISIONAL_NOT_FROZEN	ENST00000546942	1
PROVISIONAL_NOT_FROZEN	ENST00000493053	3
PROVISIONAL_NOT_FROZEN	ENST00000584320	0
PROVISIONAL_NOT_FROZEN	ENST00000472898	1
PROVISIONAL_NOT_FROZEN	ENST00000515421	3
PROVISIONAL_NOT_FROZEN	ENST00000341369	1
PROVISIONAL_NOT_FROZEN	ENST00000484054	4
PROVISIONAL_NOT_FROZEN	ENST00000633965	2
PROVISIONAL_NOT_FROZEN	ENST00000472125	1
PROVISIONAL_NOT_FROZEN	ENST00000504432	1
PROVISIONAL_NOT_FROZEN	ENST00000372622	4
PROVISIONAL_NOT_FROZEN	ENST00000495355	3
PROVISIONAL_NOT_FROZEN	ENST00000439174	2
PROVISIONAL_NOT_FROZEN	ENST00000392539	4
PROVISIONAL_NOT_FROZEN	ENST00000413379	2
PROVISIONAL_NOT_FROZEN	ENST00000501133	3
PROVISIONAL_NOT_FROZEN	ENST00000470086	4
PROVISIONAL_NOT_FROZEN	ENST00000618159	1
PROVISIONAL_NOT_FROZEN	ENST00000432457	4
PROVISIONAL_NOT_FROZEN	ENST00000527942	3
PROVISIONAL_NOT_FROZEN	ENST00000325222	1
PROVISIONAL_NOT_FROZEN	ENST00000233121	3
PROVISIONAL_NOT_FROZEN	ENST00000551800	2
PROVISIONAL_NOT_FROZEN	ENST00000432855	2
PROVISIONAL_NOT_FROZEN	ENST00000578049	0
PROVISIONAL_NOT_FROZEN	ENST00000464004	1
PROVISIONAL_NOT_FROZEN	ENST00000571981	3
PROVISIONAL_NOT_FROZEN	ENST00000433132	1
PROVISIONAL_NOT_FROZEN	ENST00000428445	4
PROVISIONAL_NOT_FROZEN	ENST00000556162	4
PROVISIONAL_NOT_FROZEN	ENST00000435633	2
PROVISIONAL_NOT_FROZEN	ENST00000472283	3
PROVISIONAL_NOT_FROZEN	ENST00000372802	1
PROVISIONAL_NOT_FROZEN	ENST00000326677	1
PROVISIONAL_NOT_FROZEN	ENST00000496309	2
PROVISIONAL_NOT_FROZEN	ENST00000605454	4
PROVISIONAL_NOT_FROZEN	ENST00000490084	0
PROVISIONAL_NOT_FROZEN	ENST00000404724	4
PROVISIONAL_NOT_FROZEN	ENST00000510960	0
PROVISIONAL_NOT_FROZEN	ENST00000467016	1
PROVISIONAL_NOT_FROZEN	ENST00000527178	2
PROVISIONAL_NOT_FROZEN	ENST00000556566	4
PROVISIONAL_NOT_FROZEN	ENST00000333449	4
PROVISIONAL_NOT_FROZEN	ENST00000523944	1
PROVISIONAL_NOT_FROZEN	ENST00000358015	0
PROVISIONAL_NOT_FROZEN	ENST00000524576	3
PROVISIONAL_NOT_FROZEN	ENST00000474446	0
PROVISIONAL_NOT_FROZEN	ENST00000427417	0
PROVISIONAL_NOT_FROZEN	ENST00000356936	0
PROVISIONAL_NOT_FROZEN	ENST00000542615	0
PROVISIONAL_NOT_FROZEN	ENST00000543683	0
PROVISIONAL_NOT_FROZEN	ENST00000600875	1
PROVISIONAL_NOT_FROZEN	ENST00000560911	0
PROVISIONAL_NOT_FROZEN	ENST00000253686	3
PROVISIONAL_NOT_FROZEN	ENST00000342166	3
PROVISIONAL_NOT_FROZEN	ENST00000496455	1
PROVISIONAL_NOT_FROZEN	ENST00000525808	4
PROVISIONAL_NOT_FROZEN	ENST00000494591	3
PROVISIONAL_NOT_FROZEN	ENST00000382723	3
PROVISIONAL_NOT_FROZEN	ENST00000392713	2
PROVISIONAL_NOT_FROZEN	ENST00000543435	0
PROVISIONAL_NOT_FROZEN	ENST00000250498	0
PROVISIONAL_NOT_FROZEN	ENST00000597634	0
PROVISIONAL_NOT_FROZEN	ENST00000437992	4
PROVISIONAL_NOT_FROZEN	ENST00000562557	3
PROVISIONAL_NOT_FROZEN	ENST00000413110	2
PROVISIONAL_NOT_FROZEN	ENST00000544594	3
PROVISIONAL_NOT_FROZEN	ENST00000396821	0
PROVISIONAL_NOT_FROZEN	ENST00000409646	3
PROVISIONAL_NOT_FROZEN	ENST00000531591	2
PROVISIONAL_NOT_FROZEN	ENST00000493817	4
PROVISIONAL_NOT_FROZEN	ENST00000534336	0
PROVISIONAL_NOT_FROZEN	ENST00000596655	2
PROVISIONAL_NOT_FROZEN	ENST00000405418	2
PROVISIONAL_NOT_FROZEN	ENST00000480875	3
PROVISIONAL_NOT_FROZEN	ENST00000500576	1
PROVISIONAL_NOT_FROZEN	ENST00000579004	0
PROVISIONAL_NOT_FROZEN	ENST00000456969	2
PROVISIONAL_NOT_FROZEN	ENST00000570258	3
PROVISIONAL_NOT_FROZEN	ENST00000372836	0
PROVISIONAL_NOT_FROZEN	ENST00000523259	2
PROVISIONAL_NOT_FROZEN	ENST00000472163	2
PROVISIONAL_NOT_FROZEN	ENST00000254108	3
PROVISIONAL_NOT_FROZEN	ENST00000261942	3
PROVISIONAL_NOT_FROZEN	ENST00000483783	2
PROVISIONAL_NOT_FROZEN	ENST00000419498	2
PROVISIONAL_NOT_FROZEN	ENST00000533157	3
PROVISIONAL_NOT_FROZEN	ENST00000585331	4
PROVISIONAL_NOT_FROZEN	ENST00000598984	3
PROVISIONAL_NOT_FROZEN	ENST00000541679	0
PROVISIONAL_NOT_FROZEN	ENST00000349718	2
PROVISIONAL_NOT_FROZEN	ENST00000289416	0
PROVISIONAL_NOT_FROZEN	ENST00000472730	1
PROVISIONAL_NOT_FROZEN	ENST00000521262	1
PROVISIONAL_NOT_FROZEN	ENST00000594342	0
PROVISIONAL_NOT_FROZEN	ENST00000313468	3
PROVISIONAL_NOT_FROZEN	ENST00000467857	3
PROVISIONAL_NOT_FROZEN	ENST00000469207	1
PROVISIONAL_NOT_FROZEN	ENST00000530428	2
PROVISIONAL_NOT_FROZEN	ENST00000377768	4
PROVISIONAL_NOT_FROZEN	ENST00000462007	1
PROVISIONAL_NOT_FROZEN	ENST00000478909	0
PROVISIONAL_NOT_FROZEN	ENST00000374169	2
PROVISIONAL_NOT_FROZEN	ENST00000431692	0
PROVISIONAL_NOT_FROZEN	ENST00000557442	3
PROVISIONAL_NOT_FROZEN	ENST00000416765	4
PROVISIONAL_NOT_FROZEN	ENST00000377612	1
PROVISIONAL_NOT_FROZEN	ENST00000526033	2
PROVISIONAL_NOT_FROZEN	ENST00000408363	4
PROVISIONAL_NOT_FROZEN	ENST00000482895	4
PROVISIONAL_NOT_FROZEN	ENST00000507900	2
PROVISIONAL_NOT_FROZEN	ENST00000531596	2
PROVISIONAL_NOT_FROZEN	ENST00000531983	2
PROVISIONAL_NOT_FROZEN	ENST00000242776	2
PROVISIONAL_NOT_FROZEN	ENST00000488373	4
PROVISIONAL_NOT_FROZEN	ENST00000311832	0
PROVISIONAL_NOT_FROZEN	ENST00000572517	2
PROVISIONAL_NOT_FROZEN	ENST00000546500	1
PROVISIONAL_NOT_FROZEN	ENST00000615164	0
PROVISIONAL_NOT_FROZEN	ENST00000532303	3
PROVISIONAL_NOT_FROZEN	ENST00000460449	2
PROVISIONAL_NOT_FROZEN	ENST00000456038	0
PROVISIONAL_NOT_FROZEN	ENST00000588841	2
PROVISIONAL_NOT_FROZEN	ENST00000521216	0
PROVISIONAL_NOT_FROZEN	ENST00000494812	2
PROVISIONAL_NOT_FROZEN	ENST00000470789	1
PROVISIONAL_NOT_FROZEN	ENST00000528125	1
PROVISIONAL_NOT_FROZEN	ENST00000549581	2
PROVISIONAL_NOT_FROZEN	ENST00000469159	0
PROVISIONAL_NOT_FROZEN	ENST00000265100	3
PROVISIONAL_NOT_FROZEN	ENST00000427761	3
PROVISIONAL_NOT_FROZEN	ENST00000514318	1
PROVISIONAL_NOT_FROZEN	ENST00000446778	0
PROVISIONAL_NOT_FROZEN	ENST00000600535	4
PROVISIONAL_NOT_FROZEN	ENST00000628306	1
PROVISIONAL_NOT_FROZEN	ENST00000324913	0
PROVISIONAL_NOT_FROZEN	ENST00000399515	1
PROVISIONAL_NOT_FROZEN	ENST00000636836	3
PROVISIONAL_NOT_FROZEN	ENST00000365328	3
PROVISIONAL_NOT_FROZEN	ENST00000340170	4
PROVISIONAL_NOT_FROZEN	ENST00000539941	0
PROVISIONAL_NOT_FROZEN	ENST00000481586	1
PROVISIONAL_NOT_FROZEN	ENST00000504788	2
PROVISIONAL_NOT_FROZEN	ENST00000497086	3
PROVISIONAL_NOT_FROZEN	ENST00000472468	4
PROVISIONAL_NOT_FROZEN	ENST00000489308	2
PROVISIONAL_NOT_FROZEN	ENST00000453589	4
PROVISIONAL_NOT_FROZEN	ENST00000415039	0
PROVISIONAL_NOT_FROZEN	ENST00000483598	2
PROVISIONAL_NOT_FROZEN	ENST00000478485	4
PROVISIONAL_NOT_FROZEN	ENST00000479457	4
PROVISIONAL_NOT_FROZEN	ENST00000594527	4
PROVISIONAL_NOT_FROZEN	ENST00000465312	3
PROVISIONAL_NOT_FROZEN	ENST00000418631	3
PROVISIONAL_NOT_FROZEN	ENST00000568434	3
PROVISIONAL_NOT_FROZEN	ENST00000597692	4
PROVISIONAL_NOT_FROZEN	ENST00000412731	1
PROVISIONAL_NOT_FROZEN	ENST00000396448	2
PROVISIONAL_NOT_FROZEN	ENST00000463546	1
PROVISIONAL_NOT_FROZEN	ENST00000579374	4
PROVISIONAL_NOT_FROZEN	ENST00000453551	4
PROVISIONAL_NOT_FROZEN	ENST00000551104	0
PROVISIONAL_NOT_FROZEN	ENST00000327158	1
PROVISIONAL_NOT_FROZEN	ENST00000528805	1
PROVISIONAL_NOT_FROZEN	ENST00000427072	4
PROVISIONAL_NOT_FROZEN	ENST00000468027	1
PROVISIONAL_NOT_FROZEN	ENST00000489841	1
PROVISIONAL_NOT_FROZEN	ENST00000370693	3
PROVISIONAL_NOT_FROZEN	ENST00000560899	3
PROVISIONAL_NOT_FROZEN	ENST00000472765	2
PROVISIONAL_NOT_FROZEN	ENST00000447543	2
PROVISIONAL_NOT_FROZEN	ENST00000479532	3
PROVISIONAL_NOT_FROZEN	ENST00000583408	3
PROVISIONAL_NOT_FROZEN	ENST00000406581	0
PROVISIONAL_NOT_FROZEN	ENST00000485550	1
PROVISIONAL_NOT_FROZEN	ENST00000465786	1
PROVISIONAL_NOT_FROZEN	ENST00000450535	1
PROVISIONAL_NOT_FROZEN	ENST00000540297	2
PROVISIONAL_NOT_FROZEN	ENST00000579456	3
PROVISIONAL_NOT_FROZEN	ENST00000555531	1
PROVISIONAL_NOT_FROZEN	ENST00000558945	4
PROVISIONAL_NOT_FROZEN	ENST00000447901	0
PROVISIONAL_NOT_FROZEN	ENST00000506046	3
PROVISIONAL_NOT_FROZEN	ENST00000415680	3
PROVISIONAL_NOT_FROZEN	ENST00000425053	4
PROVISIONAL_NOT_FROZEN	ENST00000588767	2
PROVISIONAL_NOT_FROZEN	ENST00000559596	4
PROVISIONAL_NOT_FROZEN	ENST00000483031	2
PROVISIONAL_NOT_FROZEN	ENST00000461267	2
PROVISIONAL_NOT_FROZEN	ENST00000481473	2
PROVISIONAL_NOT_FROZEN	ENST00000447375	0
PROVISIONAL_NOT_FROZEN	ENST00000264720	0
PROVISIONAL_NOT_FROZEN	ENST00000601060	4
PROVISIONAL_NOT_FROZEN	ENST00000568773	1
PROVISIONAL_NOT_FROZEN	ENST00000375627	3
PROVISIONAL_NOT_FROZEN	ENST00000610837	2
PROVISIONAL_NOT_FROZEN	ENST00000085068	1
PROVISIONAL_NOT_FROZEN	ENST00000422008	3
PROVISIONAL_NOT_FROZEN	ENST00000587226	1
PROVISIONAL_NOT_FROZEN	ENST00000359995	1
PROVISIONAL_NOT_FROZEN	ENST00000615720	4
PROVISIONAL_NOT_FROZEN	ENST00000573236	1
PROVISIONAL_NOT_FROZEN	ENST00000504231	1
PROVISIONAL_NOT_FROZEN	ENST00000495005	4
PROVISIONAL_NOT_FROZEN	ENST00000615116	4
PROVISIONAL_NOT_FROZEN	ENST00000417352	0
PROVISIONAL_NOT_FROZEN	ENST00000552842	1
PROVISIONAL_NOT_FROZEN	ENST00000445109	4
PROVISIONAL_NOT_FROZEN	ENST00000544017	3
PROVISIONAL_NOT_FROZEN	ENST00000564903	0
PROVISIONAL_NOT_FROZEN	ENST00000517480	0
PROVISIONAL_NOT_FROZEN	ENST00000532105	3
PROVISIONAL_NOT_FROZEN	ENST00000454516	1
PROVISIONAL_NOT_FROZEN	ENST00000490372	2
PROVISIONAL_NOT_FROZEN	ENST00000619898	1
PROVISIONAL_NOT_FROZEN	ENST00000435675	4
PROVISIONAL_NOT_FROZEN	ENST00000599253	4
PROVISIONAL_NOT_FROZEN	ENST00000601350	1
PROVISIONAL_NOT_FROZEN	ENST00000598345	2
PROVISIONAL_NOT_FROZEN	ENST00000290299	4
PROVISIONAL_NOT_FROZEN	ENST00000522337	2
PROVISIONAL_NOT_FROZEN	ENST00000529631	2
PROVISIONAL_NOT_FROZEN	ENST00000437396	0
PROVISIONAL_NOT_FROZEN	ENST00000639153	0
PROVISIONAL_NOT_FROZEN	ENST00000590686	1
PROVISIONAL_NOT_FROZEN	ENST00000504707	0
PROVISIONAL_NOT_FROZEN	ENST00000370223	0
PROVISIONAL_NOT_FROZEN	ENST00000507631	2
PROVISIONAL_NOT_FROZEN	ENST00000566519	0
PROVISIONAL_NOT_FROZEN	ENST00000446619	4
PROVISIONAL_NOT_FROZEN	ENST00000502346	4
PROVISIONAL_NOT_FROZEN	ENST00000508095	0
PROVISIONAL_NOT_FROZEN	ENST00000429133	3
PROVISIONAL_NOT_FROZEN	ENST00000480372	3
PROVISIONAL_NOT_FROZEN	ENST00000569825	0
PROVISIONAL_NOT_FROZEN	ENST00000389400	0
PROVISIONAL_NOT_FROZEN	ENST00000371477	2
PROVISIONAL_NOT_FROZEN	ENST00000508056	2
PROVISIONAL_NOT_FROZEN	ENST00000531188	2
PROVISIONAL_NOT_FROZEN	ENST00000261772	0
PROVISIONAL_NOT_FROZEN	ENST00000443528	2
PROVISIONAL_NOT_FROZEN	ENST00000403230	0
PROVISIONAL_NOT_FROZEN	ENST00000252603	2
PROVISIONAL_NOT_FROZEN	ENST00000338663	1
PROVISIONAL_NOT_FROZEN	ENST00000508987	3
PROVISIONAL_NOT_FROZEN	ENST00000625364	1
PROVISIONAL_NOT_FROZEN	ENST00000514674	1
PROVISIONAL_NOT_FROZEN	ENST00000496582	3
PROVISIONAL_NOT_FROZEN	ENST00000551516	1
PROVISIONAL_NOT_FROZEN	ENST00000441619	0
PROVISIONAL_NOT_FROZEN	ENST00000335181	0
PROVISIONAL_NOT_FROZEN	ENST00000433683	0
PROVISIONAL_NOT_FROZEN	ENST00000491966	2
PROVISIONAL_NOT_FROZEN	ENST00000460828	0
PROVISIONAL_NOT_FROZEN	ENST00000493362	2
PROVISIONAL_NOT_FROZEN	ENST00000371437	4
PROVISIONAL_NOT_FROZEN	ENST00000422246	3
PROVISIONAL_NOT_FROZEN	ENST00000614327	2
PROVISIONAL_NOT_FROZEN	ENST00000379516	1
PROVISIONAL_NOT_FROZEN	ENST00000465432	4
PROVISIONAL_NOT_FROZEN	ENST00000375391	1
PROVISIONAL_NOT_FROZEN	ENST00000482604	4
PROVISIONAL_NOT_FROZEN	ENST00000555536	2
PROVISIONAL_NOT_FROZEN	ENST00000423085	3
PROVISIONAL_NOT_FROZEN	ENST00000564581	4
PROVISIONAL_NOT_FROZEN	ENST00000509263	1
PROVISIONAL_NOT_FROZEN	ENST00000614445	2
PROVISIONAL_NOT_FROZEN	ENST00000366510	0
PROVISIONAL_NOT_FROZEN	ENST00000619601	4
PROVISIONAL_NOT_FROZEN	ENST00000409468	0
PROVISIONAL_NOT_FROZEN	ENST00000523646	3
PROVISIONAL_NOT_FROZEN	ENST00000536011	3
PROVISIONAL_NOT_FROZEN	ENST00000453527	4
PROVISIONAL_NOT_FROZEN	ENST00000357103	0
PROVISIONAL_NOT_FROZEN	ENST00000557054	2
PROVISIONAL_NOT_FROZEN	ENST00000495392	3
PROVISIONAL_NOT_FROZEN	ENST00000593017	2
PROVISIONAL_NOT_FROZEN	ENST00000539317	0
PROVISIONAL_NOT_FROZEN	ENST00000224073	3
PROVISIONAL_NOT_FROZEN	ENST00000547859	0
PROVISIONAL_NOT_FROZEN	ENST00000484960	2
PROVISIONAL_NOT_FROZEN	ENST00000483201	0
PROVISIONAL_NOT_FROZEN	ENST00000600955	0
PROVISIONAL_NOT_FROZEN	ENST00000484358	0
PROVISIONAL_NOT_FROZEN	ENST00000447489	0
PROVISIONAL_NOT_FROZEN	ENST00000517881	1
PROVISIONAL_NOT_FROZEN	ENST00000529492	0
PROVISIONAL_NOT_FROZEN	ENST00000603289	1
PROVISIONAL_NOT_FROZEN	ENST00000509995	2
PROVISIONAL_NOT_FROZEN	ENST00000382199	2
PROVISIONAL_NOT_FROZEN	ENST00000509800	1
PROVISIONAL_NOT_FROZEN	ENST00000551556	2
PROVISIONAL_NOT_FROZEN	ENST00000492417	1
PROVISIONAL_NOT_FROZEN	ENST00000425660	2
PROVISIONAL_NOT_FROZEN	ENST00000508667	0
PROVISIONAL_NOT_FROZEN	ENST00000524349	1
PROVISIONAL_NOT_FROZEN	ENST00000476103	1
PROVISIONAL_NOT_FROZEN	ENST00000603788	4
PROVISIONAL_NOT_FROZEN	ENST00000456162	0
PROVISIONAL_NOT_FROZEN	ENST00000395565	3
PROVISIONAL_NOT_FROZEN	ENST00000249071	0
PROVISIONAL_NOT_FROZEN	ENST00000458276	1
PROVISIONAL_NOT_FROZEN	ENST00000440480	2
PROVISIONAL_NOT_FROZEN	ENST00000318911	2
PROVISIONAL_NOT_FROZEN	ENST00000496292	4
PROVISIONAL_NOT_FROZEN	ENST00000472539	4
PROVISIONAL_NOT_FROZEN	ENST00000540592	3
PROVISIONAL_NOT_FROZEN	ENST00000443006	1
PROVISIONAL_NOT_FROZEN	ENST00000375036	4
PROVISIONAL_NOT_FROZEN	ENST00000475953	4
PROVISIONAL_NOT_FROZEN	ENST00000371761	3
PROVISIONAL_NOT_FROZEN	ENST00000470606	3
PROVISIONAL_NOT_FROZEN	ENST00000255631	2
PROVISIONAL_NOT_FROZEN	ENST00000539919	3
PROVISIONAL_NOT_FROZEN	ENST00000625172	2
PROVISIONAL_NOT_FROZEN	ENST00000419004	4
PROVISIONAL_NOT_FROZEN	ENST00000494756	3
PROVISIONAL_NOT_FROZEN	ENST00000591151	2
PROVISIONAL_NOT_FROZEN	ENST00000276062	2
PROVISIONAL_NOT_FROZEN	ENST00000286091	4
PROVISIONAL_NOT_FROZEN	ENST00000526822	0
PROVISIONAL_NOT_FROZEN	ENST00000491306	2
PROVISIONAL_NOT_FROZEN	ENST00000285670	1
PROVISIONAL_NOT_FROZEN	ENST00000307363	1
PROVISIONAL_NOT_FROZEN	ENST00000554331	2
PROVISIONAL_NOT_FROZEN	ENST00000507591	3
PROVISIONAL_NOT_FROZEN	ENST00000474945	1
PROVISIONAL_NOT_FROZEN	ENST00000527610	2
PROVISIONAL_NOT_FROZEN	ENST00000424559	2
PROVISIONAL_NOT_FROZEN	ENST00000484365	0
PROVISIONAL_NOT_FROZEN	ENST00000597995	3
PROVISIONAL_NOT_FROZEN	ENST00000480908	4
PROVISIONAL_NOT_FROZEN	ENST00000461550	2
PROVISIONAL_NOT_FROZEN	ENST00000510129	1
PROVISIONAL_NOT_FROZEN	ENST00000281187	0
PROVISIONAL_NOT_FROZEN	ENST00000444354	2
PROVISIONAL_NOT_FROZEN	ENST00000475142	3
PROVISIONAL_NOT_FROZEN	ENST00000568706	2
PROVISIONAL_NOT_FROZEN	ENST00000431254	4
PROVISIONAL_NOT_FROZEN	ENST00000469173	1
PROVISIONAL_NOT_FROZEN	ENST00000454220	1
PROVISIONAL_NOT_FROZEN	ENST00000618970	3
PROVISIONAL_NOT_FROZEN	ENST00000597421	3
PROVISIONAL_NOT_FROZEN	ENST00000261714	4
PROVISIONAL_NOT_FROZEN	ENST00000466088	0
PROVISIONAL_NOT_FROZEN	ENST00000589737	0
PROVISIONAL_NOT_FROZEN	ENST00000364502	3
PROVISIONAL_NOT_FROZEN	ENST00000368590	4
PROVISIONAL_NOT_FROZEN	ENST00000569370	4
PROVISIONAL_NOT_FROZEN	ENST00000440613	1
PROVISIONAL_NOT_FROZEN	ENST00000391851	3
PROVISIONAL_NOT_FROZEN	ENST00000331979	4
PROVISIONAL_NOT_FROZEN	ENST00000447929	3
PROVISIONAL_NOT_FROZEN	ENST00000217971	2
PROVISIONAL_NOT_FROZEN	ENST00000339091	0
PROVISIONAL_NOT_FROZEN	ENST00000253814	2
PROVISIONAL_NOT_FROZEN	ENST00000547120	3
PROVISIONAL_NOT_FROZEN	ENST00000480392	3
PROVISIONAL_NOT_FROZEN	ENST00000515798	0
PROVISIONAL_NOT_FROZEN	ENST00000417181	4
PROVISIONAL_NOT_FROZEN	ENST00000259512	4
PROVISIONAL_NOT_FROZEN	ENST00000335890	0
PROVISIONAL_NOT_FROZEN	ENST00000612413	2
PROVISIONAL_NOT_FROZEN	ENST00000586587	4
PROVISIONAL_NOT_FROZEN	ENST00000494695	0
PROVISIONAL_NOT_FROZEN	ENST00000487465	4
PROVISIONAL_NOT_FROZEN	ENST00000490780	3
PROVISIONAL_NOT_FROZEN	ENST00000523014	2
PROVISIONAL_NOT_FROZEN	ENST00000432648	3
PROVISIONAL_NOT_FROZEN	ENST00000377759	4
PROVISIONAL_NOT_FROZEN	ENST00000496438	3
PROVISIONAL_NOT_FROZEN	ENST00000336133	1
PROVISIONAL_NOT_FROZEN	ENST00000588025	4
PROVISIONAL_NOT_FROZEN	ENST00000463278	3
PROVISIONAL_NOT_FROZEN	ENST00000349777	3
PROVISIONAL_NOT_FROZEN	ENST00000342741	1
PROVISIONAL_NOT_FROZEN	ENST00000559365	3
PROVISIONAL_NOT_FROZEN	ENST00000514194	4
PROVISIONAL_NOT_FROZEN	ENST00000560610	0
PROVISIONAL_NOT_FROZEN	ENST00000535788	4
PROVISIONAL_NOT_FROZEN	ENST00000415328	1
PROVISIONAL_NOT_FROZEN	ENST00000588523	0
PROVISIONAL_NOT_FROZEN	ENST00000532074	1
PROVISIONAL_NOT_FROZEN	ENST00000551840	3
PROVISIONAL_NOT_FROZEN	ENST00000429670	0
PROVISIONAL_NOT_FROZEN	ENST00000550750	2
PROVISIONAL_NOT_FROZEN	ENST00000538831	2
PROVISIONAL_NOT_FROZEN	ENST00000419181	3
PROVISIONAL_NOT_FROZEN	ENST00000394641	4
PROVISIONAL_NOT_FROZEN	ENST00000496761	3
PROVISIONAL_NOT_FROZEN	ENST00000478214	1
PROVISIONAL_NOT_FROZEN	ENST00000478753	2
PROVISIONAL_NOT_FROZEN	ENST00000589333	1
PROVISIONAL_NOT_FROZEN	ENST00000473326	4
PROVISIONAL_NOT_FROZEN	ENST00000463675	4
PROVISIONAL_NOT_FROZEN	ENST00000600588	2
PROVISIONAL_NOT_FROZEN	ENST00000585665	4
PROVISIONAL_NOT_FROZEN	ENST00000509143	1
PROVISIONAL_NOT_FROZEN	ENST00000433283	3
PROVISIONAL_NOT_FROZEN	ENST00000347617	1
PROVISIONAL_NOT_FROZEN	ENST00000368262	2
PROVISIONAL_NOT_FROZEN	ENST00000534791	4
PROVISIONAL_NOT_FROZEN	ENST00000533166	3
PROVISIONAL_NOT_FROZEN	ENST00000261692	4
PROVISIONAL_NOT_FROZEN	ENST00000551396	3
PROVISIONAL_NOT_FROZEN	ENST00000293328	0
PROVISIONAL_NOT_FROZEN	ENST00000477341	2
PROVISIONAL_NOT_FROZEN	ENST00000252809	2
PROVISIONAL_NOT_FROZEN	ENST00000399489	1
PROVISIONAL_NOT_FROZEN	ENST00000526975	0
PROVISIONAL_NOT_FROZEN	ENST00000468449	3
PROVISIONAL_NOT_FROZEN	ENST00000491270	2
PROVISIONAL_NOT_FROZEN	ENST00000475808	3
PROVISIONAL_NOT_FROZEN	ENST00000467389	3
PROVISIONAL_NOT_FROZEN	ENST00000395319	4
PROVISIONAL_NOT_FROZEN	ENST00000395284	4
PROVISIONAL_NOT_FROZEN	ENST00000316856	0
PROVISIONAL_NOT_FROZEN	ENST00000488775	4
PROVISIONAL_NOT_FROZEN	ENST00000421068	3
PROVISIONAL_NOT_FROZEN	ENST00000459905	4
PROVISIONAL_NOT_FROZEN	ENST00000568517	4
PROVISIONAL_NOT_FROZEN	ENST00000556866	4
PROVISIONAL_NOT_FROZEN	ENST00000304434	1
PROVISIONAL_NOT_FROZEN	ENST00000477943	2
PROVISIONAL_NOT_FROZEN	ENST00000511048	0
PROVISIONAL_NOT_FROZEN	ENST00000555523	0
PROVISIONAL_NOT_FROZEN	ENST00000466652	4
PROVISIONAL_NOT_FROZEN	ENST00000638439	1
PROVISIONAL_NOT_FROZEN	ENST00000593254	4
PROVISIONAL_NOT_FROZEN	ENST00000614145	2
PROVISIONAL_NOT_FROZEN	ENST00000603504	0
PROVISIONAL_NOT_FROZEN	ENST00000580320	0
PROVISIONAL_NOT_FROZEN	ENST00000372344	0
PROVISIONAL_NOT_FROZEN	ENST00000573320	3
PROVISIONAL_NOT_FROZEN	ENST00000538498	0
PROVISIONAL_NOT_FROZEN	ENST00000564609	3
PROVISIONAL_NOT_FROZEN	ENST00000520039	1
PROVISIONAL_NOT_FROZEN	ENST00000598968	1
PROVISIONAL_NOT_FROZEN	ENST00000547492	1
PROVISIONAL_NOT_FROZEN	ENST00000507543	2
PROVISIONAL_NOT_FROZEN	ENST00000428792	3
PROVISIONAL_NOT_FROZEN	ENST00000425761	4
PROVISIONAL_NOT_FROZEN	ENST00000534440	2
PROVISIONAL_NOT_FROZEN	ENST00000521226	4
PROVISIONAL_NOT_FROZEN	ENST00000434819	2
PROVISIONAL_NOT_FROZEN	ENST00000526083	4
PROVISIONAL_NOT_FROZEN	ENST00000373493	2
PROVISIONAL_NOT_FROZEN	ENST00000507000	1
PROVISIONAL_NOT_FROZEN	ENST00000377978	0
PROVISIONAL_NOT_FROZEN	ENST00000246548	0
PROVISIONAL_NOT_FROZEN	ENST00000477394	2
PROVISIONAL_NOT_FROZEN	ENST00000579849	1
PROVISIONAL_NOT_FROZEN	ENST00000314754	4
PROVISIONAL_NOT_FROZEN	ENST00000461873	0
PROVISIONAL_NOT_FROZEN	ENST00000585716	1
PROVISIONAL_NOT_FROZEN	ENST00000319942	0
PROVISIONAL_NOT_FROZEN	ENST00000399794	1
PROVISIONAL_NOT_FROZEN	ENST00000389805	1
PROVISIONAL_NOT_FROZEN	ENST00000476468	2
PROVISIONAL_NOT_FROZEN	ENST00000463605	0
PROVISIONAL_NOT_FROZEN	ENST00000409500	4
PROVISIONAL_NOT_FROZEN	ENST00000515638	1
PROVISIONAL_NOT_FROZEN	ENST00000430953	1
PROVISIONAL_NOT_FROZEN	ENST00000440329	2
PROVISIONAL_NOT_FROZEN	ENST00000449758	3
PROVISIONAL_NOT_FROZEN	ENST00000542154	1
PROVISIONAL_NOT_FROZEN	ENST00000586396	4
PROVISIONAL_NOT_FROZEN	ENST00000356648	4
PROVISIONAL_NOT_FROZEN	ENST00000404972	1
PROVISIONAL_NOT_FROZEN	ENST00000474626	3
PROVISIONAL_NOT_FROZEN	ENST00000369811	1
PROVISIONAL_NOT_FROZEN	ENST00000464696	0
PROVISIONAL_NOT_FROZEN	ENST00000378654	4
PROVISIONAL_NOT_FROZEN	ENST00000596300	3
PROVISIONAL_NOT_FROZEN	ENST00000364849	1
PROVISIONAL_NOT_FROZEN	ENST00000282058	4
PROVISIONAL_NOT_FROZEN	ENST00000239944	3
PROVISIONAL_NOT_FROZEN	ENST00000444897	2
PROVISIONAL_NOT_FROZEN	ENST00000544888	2
PROVISIONAL_NOT_FROZEN	ENST00000465351	4
PROVISIONAL_NOT_FROZEN	ENST00000399683	2
PROVISIONAL_NOT_FROZEN	ENST00000533626	0
PROVISIONAL_NOT_FROZEN	ENST00000536503	1
PROVISIONAL_NOT_FROZEN	ENST00000410036	2
PROVISIONAL_NOT_FROZEN	ENST00000367885	1
PROVISIONAL_NOT_FROZEN	ENST00000587932	0
PROVISIONAL_NOT_FROZEN	ENST00000541346	1
PROVISIONAL_NOT_FROZEN	ENST00000426475	1
PROVISIONAL_NOT_FROZEN	ENST00000535624	2
PROVISIONAL_NOT_FROZEN	ENST00000457309	2
PROVISIONAL_NOT_FROZEN	ENST00000502586	3
PROVISIONAL_NOT_FROZEN	ENST00000517736	2
PROVISIONAL_NOT_FROZEN	ENST00000624406	4
PROVISIONAL_NOT_FROZEN	ENST00000334454	0
PROVISIONAL_NOT_FROZEN	ENST00000463032	1
PROVISIONAL_NOT_FROZEN	ENST00000536483	3
PROVISIONAL_NOT_FROZEN	ENST00000592741	0
PROVISIONAL_NOT_FROZEN	ENST00000510719	1
PROVISIONAL_NOT_FROZEN	ENST00000639996	3
PROVISIONAL_NOT_FROZEN	ENST00000555039	4
PROVISIONAL_NOT_FROZEN	ENST00000582074	0
PROVISIONAL_NOT_FROZEN	ENST00000296577	3
PROVISIONAL_NOT_FROZEN	ENST00000497404	0
PROVISIONAL_NOT_FROZEN	ENST00000339997	3
PROVISIONAL_NOT_FROZEN	ENST00000371485	1
PROVISIONAL_NOT_FROZEN	ENST00000361264	2
PROVISIONAL_NOT_FROZEN	ENST00000371755	3
PROVISIONAL_NOT_FROZEN	ENST00000415861	4
PROVISIONAL_NOT_FROZEN	ENST00000464369	0
PROVISIONAL_NOT_FROZEN	ENST00000580070	0
PROVISIONAL_NOT_FROZEN	ENST00000372695	3
PROVISIONAL_NOT_FROZEN	ENST00000487637	4
PROVISIONAL_NOT_FROZEN	ENST00000367833	1
PROVISIONAL_NOT_FROZEN	ENST00000416427	1
PROVISIONAL_NOT_FROZEN	ENST00000490826	2
PROVISIONAL_NOT_FROZEN	ENST00000532091	2
PROVISIONAL_NOT_FROZEN	ENST00000222247	0
PROVISIONAL_NOT_FROZEN	ENST00000475189	4
PROVISIONAL_NOT_FROZEN	ENST00000583392	4
PROVISIONAL_NOT_FROZEN	ENST00000379215	3
PROVISIONAL_NOT_FROZEN	ENST00000545521	3
PROVISIONAL_NOT_FROZEN	ENST00000476106	1
PROVISIONAL_NOT_FROZEN	ENST00000485155	0
PROVISIONAL_NOT_FROZEN	ENST00000264993	3
PROVISIONAL_NOT_FROZEN	ENST00000387069	3
PROVISIONAL_NOT_FROZEN	ENST00000394125	0
PROVISIONAL_NOT_FROZEN	ENST00000423635	0
PROVISIONAL_NOT_FROZEN	ENST00000409368	1
PROVISIONAL_NOT_FROZEN	ENST00000305218	4
PROVISIONAL_NOT_FROZEN	ENST00000621281	4
PROVISIONAL_NOT_FROZEN	ENST00000541372	1
PROVISIONAL_NOT_FROZEN	ENST00000598306	4
PROVISIONAL_NOT_FROZEN	ENST00000496875	2
PROVISIONAL_NOT_FROZEN	ENST00000482455	4
PROVISIONAL_NOT_FROZEN	ENST00000465957	2
PROVISIONAL_NOT_FROZEN	ENST00000529109	2
PROVISIONAL_NOT_FROZEN	ENST00000496809	0
PROVISIONAL_NOT_FROZEN	ENST00000519369	1
PROVISIONAL_NOT_FROZEN	ENST00000361641	3
PROVISIONAL_NOT_FROZEN	ENST00000506126	0
PROVISIONAL_NOT_FROZEN	ENST00000568784	3
PROVISIONAL_NOT_FROZEN	ENST00000549077	3
PROVISIONAL_NOT_FROZEN	ENST00000494666	3
PROVISIONAL_NOT_FROZEN	ENST00000560466	3
PROVISIONAL_NOT_FROZEN	ENST00000344700	3
PROVISIONAL_NOT_FROZEN	ENST00000280326	1
PROVISIONAL_NOT_FROZEN	ENST00000216330	1
PROVISIONAL_NOT_FROZEN	ENST00000557904	3
PROVISIONAL_NOT_FROZEN	ENST00000519973	2
PROVISIONAL_NOT_FROZEN	ENST00000251968	0
PROVISIONAL_NOT_FROZEN	ENST00000612683	1
PROVISIONAL_NOT_FROZEN	ENST00000497498	2
PROVISIONAL_NOT_FROZEN	ENST00000547187	0
PROVISIONAL_NOT_FROZEN	ENST00000422565	4
PROVISIONAL_NOT_FROZEN	ENST00000333119	0
PROVISIONAL_NOT_FROZEN	ENST00000544855	0
PROVISIONAL_NOT_FROZEN	ENST00000536637	3
PROVISIONAL_NOT_FROZEN	ENST00000593637	1
PROVISIONAL_NOT_FROZEN	ENST00000439829	4
PROVISIONAL_NOT_FROZEN	ENST00000617874	2
PROVISIONAL_NOT_FROZEN	ENST00000468496	0
PROVISIONAL_NOT_FROZEN	ENST00000562272	3
PROVISIONAL_NOT_FROZEN	ENST00000563974	3
PROVISIONAL_NOT_FROZEN	ENST00000436455	0
PROVISIONAL_NOT_FROZEN	ENST00000613215	4
PROVISIONAL_NOT_FROZEN	ENST00000569585	0
PROVISIONAL_NOT_FROZEN	ENST00000458438	1
PROVISIONAL_NOT_FROZEN	ENST00000368309	2
PROVISIONAL_NOT_FROZEN	ENST00000262570	0
PROVISIONAL_NOT_FROZEN	ENST00000532585	0
PROVISIONAL_NOT_FROZEN	ENST00000418438	0
PROVISIONAL_NOT_FROZEN	ENST00000637669	1
PROVISIONAL_NOT_FROZEN	ENST00000414293	3
PROVISIONAL_NOT_FROZEN	ENST00000591755	2
PROVISIONAL_NOT_FROZEN	ENST00000276689	2
PROVISIONAL_NOT_FROZEN	ENST00000373609	0
PROVISIONAL_NOT_FROZEN	ENST00000587474	4
PROVISIONAL_NOT_FROZEN	ENST00000446643	4
PROVISIONAL_NOT_FROZEN	ENST00000424932	1
PROVISIONAL_NOT_FROZEN	ENST00000323205	4
PROVISIONAL_NOT_FROZEN	ENST00000471856	2
PROVISIONAL_NOT_FROZEN	ENST00000526546	4
PROVISIONAL_NOT_FROZEN	ENST00000513048	1
PROVISIONAL_NOT_FROZEN	ENST00000469465	3
PROVISIONAL_NOT_FROZEN	ENST00000366615	2
PROVISIONAL_NOT_FROZEN	ENST00000490164	3
PROVISIONAL_NOT_FROZEN	ENST00000420296	4
PROVISIONAL_NOT_FROZEN	ENST00000597960	1
PROVISIONAL_NOT_FROZEN	ENST00000577249	0
PROVISIONAL_NOT_FROZEN	ENST00000302362	3
PROVISIONAL_NOT_FROZEN	ENST00000490733	3
PROVISIONAL_NOT_FROZEN	ENST00000447132	0
PROVISIONAL_NOT_FROZEN	ENST00000552448	0
PROVISIONAL_NOT_FROZEN	ENST00000591599	3
PROVISIONAL_NOT_FROZEN	ENST00000472311	0
PROVISIONAL_NOT_FROZEN	ENST00000398603	0
PROVISIONAL_NOT_FROZEN	ENST00000259037	4
PROVISIONAL_NOT_FROZEN	ENST00000475046	1
PROVISIONAL_NOT_FROZEN	ENST00000525807	3
PROVISIONAL_NOT_FROZEN	ENST00000519100	4
PROVISIONAL_NOT_FROZEN	ENST00000518134	0
PROVISIONAL_NOT_FROZEN	ENST00000243501	0
PROVISIONAL_NOT_FROZEN	ENST00000515815	2
PROVISIONAL_NOT_FROZEN	ENST00000425941	4
PROVISIONAL_NOT_FROZEN	ENST00000504860	2
PROVISIONAL_NOT_FROZEN	ENST00000396690	0
PROVISIONAL_NOT_FROZEN	ENST00000495642	4
PROVISIONAL_NOT_FROZEN	ENST00000560303	1
PROVISIONAL_NOT_FROZEN	ENST00000600654	1
PROVISIONAL_NOT_FROZEN	ENST00000480306	4
PROVISIONAL_NOT_FROZEN	ENST00000475321	2
PROVISIONAL_NOT_FROZEN	ENST00000638170	1
PROVISIONAL_NOT_FROZEN	ENST00000530115	1
PROVISIONAL_NOT_FROZEN	ENST00000430901	3
PROVISIONAL_NOT_FROZEN	ENST00000446050	3
PROVISIONAL_NOT_FROZEN	ENST00000574734	1
PROVISIONAL_NOT_FROZEN	ENST00000577624	0
PROVISIONAL_NOT_FROZEN	ENST00000428039	3
PROVISIONAL_NOT_FROZEN	ENST00000541113	4
PROVISIONAL_NOT_FROZEN	ENST00000446057	4
PROVISIONAL_NOT_FROZEN	ENST00000337554	3
PROVISIONAL_NOT_FROZEN	ENST00000527348	3
PROVISIONAL_NOT_FROZEN	ENST00000465678	3
PROVISIONAL_NOT_FROZEN	ENST00000380753	4
PROVISIONAL_NOT_FROZEN	ENST00000538084	1
PROVISIONAL_NOT_FROZEN	ENST00000481253	0
PROVISIONAL_NOT_FROZEN	ENST00000635481	3
PROVISIONAL_NOT_FROZEN	ENST00000559950	3
PROVISIONAL_NOT_FROZEN	ENST00000479347	4
PROVISIONAL_NOT_FROZEN	ENST00000381401	4
PROVISIONAL_NOT_FROZEN	ENST00000310396	1
PROVISIONAL_NOT_FROZEN	ENST00000555761	1
PROVISIONAL_NOT_FROZEN	ENST00000451607	3
PROVISIONAL_NOT_FROZEN	ENST00000497944	1
PROVISIONAL_NOT_FROZEN	ENST00000461280	3
PROVISIONAL_NOT_FROZEN	ENST00000446285	3
PROVISIONAL_NOT_FROZEN	ENST00000464015	1
PROVISIONAL_NOT_FROZEN	ENST00000366607	4
PROVISIONAL_NOT_FROZEN	ENST00000595028	3
PROVISIONAL_NOT_FROZEN	ENST00000374072	3
PROVISIONAL_NOT_FROZEN	ENST00000372386	0
PROVISIONAL_NOT_FROZEN	ENST00000485827	2
PROVISIONAL_NOT_FROZEN	ENST00000615631	2
PROVISIONAL_NOT_FROZEN	ENST00000514183	1
PROVISIONAL_NOT_FROZEN	ENST00000486101	0
PROVISIONAL_NOT_FROZEN	ENST00000463900	1
PROVISIONAL_NOT_FROZEN	ENST00000493288	4
PROVISIONAL_NOT_FROZEN	ENST00000369632	4
PROVISIONAL_NOT_FROZEN	ENST00000514861	3
PROVISIONAL_NOT_FROZEN	ENST00000409800	3
PROVISIONAL_NOT_FROZEN	ENST00000216297	4
PROVISIONAL_NOT_FROZEN	ENST00000555883	3
PROVISIONAL_NOT_FROZEN	ENST00000412138	0
PROVISIONAL_NOT_FROZEN	ENST00000426651	1
PROVISIONAL_NOT_FROZEN	ENST00000389680	0
PROVISIONAL_NOT_FROZEN	ENST00000474540	3
PROVISIONAL_NOT_FROZEN	ENST00000505719	1
PROVISIONAL_NOT_FROZEN	ENST00000320152	1
PROVISIONAL_NOT_FROZEN	ENST00000445635	0
PROVISIONAL_NOT_FROZEN	ENST00000610426	0
PROVISIONAL_NOT_FROZEN	ENST00000522113	3
PROVISIONAL_NOT_FROZEN	ENST00000486241	1
PROVISIONAL_NOT_FROZEN	ENST00000464138	3
PROVISIONAL_NOT_FROZEN	ENST00000481013	0
PROVISIONAL_NOT_FROZEN	ENST00000557367	3
PROVISIONAL_NOT_FROZEN	ENST00000533494	4
PROVISIONAL_NOT_FROZEN	ENST00000479303	4
PROVISIONAL_NOT_FROZEN	ENST00000550638	3
PROVISIONAL_NOT_FROZEN	ENST00000581693	2
PROVISIONAL_NOT_FROZEN	ENST00000432311	3
PROVISIONAL_NOT_FROZEN	ENST00000254803	2
PROVISIONAL_NOT_FROZEN	ENST00000532615	0
PROVISIONAL_NOT_FROZEN	ENST00000551079	2
PROVISIONAL_NOT_FROZEN	ENST00000538057	1
PROVISIONAL_NOT_FROZEN	ENST00000356978	4
PROVISIONAL_NOT_FROZEN	ENST00000527056	0
PROVISIONAL_NOT_FROZEN	ENST00000490738	3
PROVISIONAL_NOT_FROZEN	ENST00000600118	1
PROVISIONAL_NOT_FROZEN	ENST00000372171	0
PROVISIONAL_NOT_FROZEN	ENST00000432506	0
PROVISIONAL_NOT_FROZEN	ENST00000520842	4
PROVISIONAL_NOT_FROZEN	ENST00000539093	1
PROVISIONAL_NOT_FROZEN	ENST00000468715	1
PROVISIONAL_NOT_FROZEN	ENST00000495562	1
PROVISIONAL_NOT_FROZEN	ENST00000330133	3
PROVISIONAL_NOT_FROZEN	ENST00000418852	2
PROVISIONAL_NOT_FROZEN	ENST00000617138	3
PROVISIONAL_NOT_FROZEN	ENST00000218089	3
PROVISIONAL_NOT_FROZEN	ENST00000322428	3
PROVISIONAL_NOT_FROZEN	ENST00000371989	2
PROVISIONAL_NOT_FROZEN	ENST00000388749	1
PROVISIONAL_NOT_FROZEN	ENST00000373626	1
PROVISIONAL_NOT_FROZEN	ENST00000592798	3
PROVISIONAL_NOT_FROZEN	ENST00000552461	0
PROVISIONAL_NOT_FROZEN	ENST00000549116	1
PROVISIONAL_NOT_FROZEN	ENST00000296504	4
PROVISIONAL_NOT_FROZEN	ENST00000537776	4
PROVISIONAL_NOT_FROZEN	ENST00000396021	3
PROVISIONAL_NOT_FROZEN	ENST00000380394	0
PROVISIONAL_NOT_FROZEN	ENST00000589674	1
PROVISIONAL_NOT_FROZEN	ENST00000404241	2
PROVISIONAL_NOT_FROZEN	ENST00000423140	4
PROVISIONAL_NOT_FROZEN	ENST00000521652	0
PROVISIONAL_NOT_FROZEN	ENST00000372686	2
PROVISIONAL_NOT_FROZEN	ENST00000589163	2
PROVISIONAL_NOT_FROZEN	ENST00000444633	4
PROVISIONAL_NOT_FROZEN	ENST00000547649	1
PROVISIONAL_NOT_FROZEN	ENST00000490406	4
PROVISIONAL_NOT_FROZEN	ENST00000557347	2
PROVISIONAL_NOT_FROZEN	ENST00000530361	3
PROVISIONAL_NOT_FROZEN	ENST00000611749	0
PROVISIONAL_NOT_FROZEN	ENST00000372688	2
PROVISIONAL_NOT_FROZEN	ENST00000519272	3
PROVISIONAL_NOT_FROZEN	ENST00000626868	3
PROVISIONAL_NOT_FROZEN	ENST00000528073	1
PROVISIONAL_NOT_FROZEN	ENST00000395566	3
PROVISIONAL_NOT_FROZEN	ENST00000594338	4
PROVISIONAL_NOT_FROZEN	ENST00000533749	4
PROVISIONAL_NOT_FROZEN	ENST00000436442	0
PROVISIONAL_NOT_FROZEN	ENST00000558043	2
PROVISIONAL_NOT_FROZEN	ENST00000290855	4
PROVISIONAL_NOT_FROZEN	ENST00000529503	1
PROVISIONAL_NOT_FROZEN	ENST00000374612	4
PROVISIONAL_NOT_FROZEN	ENST00000585937	0
PROVISIONAL_NOT_FROZEN	ENST00000286448	2
PROVISIONAL_NOT_FROZEN	ENST00000565438	0
PROVISIONAL_NOT_FROZEN	ENST00000530451	2
PROVISIONAL_NOT_FROZEN	ENST00000586788	1
PROVISIONAL_NOT_FROZEN	ENST00000467196	3
PROVISIONAL_NOT_FROZEN	ENST00000236017	2
PROVISIONAL_NOT_FROZEN	ENST00000523511	4
PROVISIONAL_NOT_FROZEN	ENST00000419682	1
PROVISIONAL_NOT_FROZEN	ENST00000409476	0
PROVISIONAL_NOT_FROZEN	ENST00000582252	2
PROVISIONAL_NOT_FROZEN	ENST00000348108	1
PROVISIONAL_NOT_FROZEN	ENST00000518587	1
PROVISIONAL_NOT_FROZEN	ENST00000547808	2
PROVISIONAL_NOT_FROZEN	ENST00000244711	4
PROVISIONAL_NOT_FROZEN	ENST00000328703	3
PROVISIONAL_NOT_FROZEN	ENST00000402520	2
PROVISIONAL_NOT_FROZEN	ENST00000483521	1
PROVISIONAL_NOT_FROZEN	ENST00000482557	1
PROVISIONAL_NOT_FROZEN	ENST00000261254	4
PROVISIONAL_NOT_FROZEN	ENST00000471449	0
PROVISIONAL_NOT_FROZEN	ENST00000298130	4
PROVISIONAL_NOT_FROZEN	ENST00000593166	2
PROVISIONAL_NOT_FROZEN	ENST00000553413	2
PROVISIONAL_NOT_FROZEN	ENST00000536661	3
PROVISIONAL_NOT_FROZEN	ENST00000588422	4
PROVISIONAL_NOT_FROZEN	ENST00000542103	2
PROVISIONAL_NOT_FROZEN	ENST00000554775	1
PROVISIONAL_NOT_FROZEN	ENST00000480420	1
PROVISIONAL_NOT_FROZEN	ENST00000477240	0
PROVISIONAL_NOT_FROZEN	ENST00000463475	1
PROVISIONAL_NOT_FROZEN	ENST00000431388	0
PROVISIONAL_NOT_FROZEN	ENST00000227524	4
PROVISIONAL_NOT_FROZEN	ENST00000612977	2
PROVISIONAL_NOT_FROZEN	ENST00000393345	2
PROVISIONAL_NOT_FROZEN	ENST00000490240	3
PROVISIONAL_NOT_FROZEN	ENST00000398219	0
PROVISIONAL_NOT_FROZEN	ENST00000321751	4
PROVISIONAL_NOT_FROZEN	ENST00000543337	0
PROVISIONAL_NOT_FROZEN	ENST00000438362	4
PROVISIONAL_NOT_FROZEN	ENST00000345519	4
PROVISIONAL_NOT_FROZEN	ENST00000354473	0
PROVISIONAL_NOT_FROZEN	ENST00000559250	1
PROVISIONAL_NOT_FROZEN	ENST00000609189	0
PROVISIONAL_NOT_FROZEN	ENST00000406576	3
PROVISIONAL_NOT_FROZEN	ENST00000287936	4
PROVISIONAL_NOT_FROZEN	ENST00000518345	3
PROVISIONAL_NOT_FROZEN	ENST00000441323	4
PROVISIONAL_NOT_FROZEN	ENST00000361236	0
PROVISIONAL_NOT_FROZEN	ENST00000432536	3
PROVISIONAL_NOT_FROZEN	ENST00000424492	2
PROVISIONAL_NOT_FROZEN	ENST00000216121	2
PROVISIONAL_NOT_FROZEN	ENST00000490023	2
PROVISIONAL_NOT_FROZEN	ENST00000260210	3
PROVISIONAL_NOT_FROZEN	ENST00000482069	1
PROVISIONAL_NOT_FROZEN	ENST00000565267	1
PROVISIONAL_NOT_FROZEN	ENST00000266991	0
PROVISIONAL_NOT_FROZEN	ENST00000225430	4
PROVISIONAL_NOT_FROZEN	ENST00000366988	1
PROVISIONAL_NOT_FROZEN	ENST00000449913	4
PROVISIONAL_NOT_FROZEN	ENST00000567159	1
PROVISIONAL_NOT_FROZEN	ENST00000489739	0
PROVISIONAL_NOT_FROZEN	ENST00000405801	1
PROVISIONAL_NOT_FROZEN	ENST00000470761	2
PROVISIONAL_NOT_FROZEN	ENST00000341942	2
PROVISIONAL_NOT_FROZEN	ENST00000524553	0
PROVISIONAL_NOT_FROZEN	ENST00000577731	0
PROVISIONAL_NOT_FROZEN	ENST00000430176	1
PROVISIONAL_NOT_FROZEN	ENST00000629438	4
PROVISIONAL_NOT_FROZEN	ENST00000487791	4
PROVISIONAL_NOT_FROZEN	ENST00000286794	2
PROVISIONAL_NOT_FROZEN	ENST00000498339	3
PROVISIONAL_NOT_FROZEN	ENST00000378512	0
PROVISIONAL_NOT_FROZEN	ENST00000472066	3
PROVISIONAL_NOT_FROZEN	ENST00000354915	3
PROVISIONAL_NOT_FROZEN	ENST00000492280	1
PROVISIONAL_NOT_FROZEN	ENST00000571149	2
PROVISIONAL_NOT_FROZEN	ENST00000594443	0
PROVISIONAL_NOT_FROZEN	ENST00000496427	0
PROVISIONAL_NOT_FROZEN	ENST00000394305	3
PROVISIONAL_NOT_FROZEN	ENST00000595164	1
PROVISIONAL_NOT_FROZEN	ENST00000373842	2
PROVISIONAL_NOT_FROZEN	ENST00000435252	4
PROVISIONAL_NOT_FROZEN	ENST00000404894	4
PROVISIONAL_NOT_FROZEN	ENST00000470017	0
PROVISIONAL_NOT_FROZEN	ENST00000613856	2
PROVISIONAL_NOT_FROZEN	ENST00000369496	4
PROVISIONAL_NOT_FROZEN	ENST00000384172	3
PROVISIONAL_NOT_FROZEN	ENST00000477238	2
PROVISIONAL_NOT_FROZEN	ENST00000312397	1
PROVISIONAL_NOT_FROZEN	ENST00000596362	4
PROVISIONAL_NOT_FROZEN	ENST00000485500	1
PROVISIONAL_NOT_FROZEN	ENST00000473021	2
PROVISIONAL_NOT_FROZEN	ENST00000392201	3
PROVISIONAL_NOT_FROZEN	ENST00000526811	1
PROVISIONAL_NOT_FROZEN	ENST00000567105	3
PROVISIONAL_NOT_FROZEN	ENST00000405661	1
PROVISIONAL_NOT_FROZEN	ENST00000374206	1
PROVISIONAL_NOT_FROZEN	ENST00000221419	1
PROVISIONAL_NOT_FROZEN	ENST00000463078	3
PROVISIONAL_NOT_FROZEN	ENST00000493643	2
PROVISIONAL_NOT_FROZEN	ENST00000590331	2
PROVISIONAL_NOT_FROZEN	ENST00000413858	0
PROVISIONAL_NOT_FROZEN	ENST00000436882	4
PROVISIONAL_NOT_FROZEN	ENST00000493368	3
PROVISIONAL_NOT_FROZEN	ENST00000491703	4
PROVISIONAL_NOT_FROZEN	ENST00000566882	1
PROVISIONAL_NOT_FROZEN	ENST00000618112	0
PROVISIONAL_NOT_FROZEN	ENST00000392269	0
PROVISIONAL_NOT_FROZEN	ENST00000438918	2
PROVISIONAL_NOT_FROZEN	ENST00000362076	3
PROVISIONAL_NOT_FROZEN	ENST00000551679	1
PROVISIONAL_NOT_FROZEN	ENST00000532601	2
PROVISIONAL_NOT_FROZEN	ENST00000476391	4
PROVISIONAL_NOT_FROZEN	ENST00000473095	2
PROVISIONAL_NOT_FROZEN	ENST00000394593	3
PROVISIONAL_NOT_FROZEN	ENST00000492324	3
PROVISIONAL_NOT_FROZEN	ENST00000488464	0
PROVISIONAL_NOT_FROZEN	ENST00000403425	3
PROVISIONAL_NOT_FROZEN	ENST00000569690	0
PROVISIONAL_NOT_FROZEN	ENST00000475592	4
PROVISIONAL_NOT_FROZEN	ENST00000367998	1
PROVISIONAL_NOT_FROZEN	ENST00000503040	4
PROVISIONAL_NOT_FROZEN	ENST00000514505	0
PROVISIONAL_NOT_FROZEN	ENST00000620022	0
PROVISIONAL_NOT_FROZEN	ENST00000341991	4
PROVISIONAL_NOT_FROZEN	ENST00000590217	4
PROVISIONAL_NOT_FROZEN	ENST00000462297	1
PROVISIONAL_NOT_FROZEN	ENST00000261947	4
PROVISIONAL_NOT_FROZEN	ENST00000418389	3
PROVISIONAL_NOT_FROZEN	ENST00000223864	0
PROVISIONAL_NOT_FROZEN	ENST00000377185	4
PROVISIONAL_NOT_FROZEN	ENST00000489724	0
PROVISIONAL_NOT_FROZEN	ENST00000498107	3
PROVISIONAL_NOT_FROZEN	ENST00000372656	3
PROVISIONAL_NOT_FROZEN	ENST00000617041	3
PROVISIONAL_NOT_FROZEN	ENST00000452790	0
PROVISIONAL_NOT_FROZEN	ENST00000318386	1
PROVISIONAL_NOT_FROZEN	ENST00000617365	1
PROVISIONAL_NOT_FROZEN	ENST00000377911	4
PROVISIONAL_NOT_FROZEN	ENST00000380636	2
PROVISIONAL_NOT_FROZEN	ENST00000312184	3
PROVISIONAL_NOT_FROZEN	ENST00000380430	1
PROVISIONAL_NOT_FROZEN	ENST00000489349	4
PROVISIONAL_NOT_FROZEN	ENST00000372616	1
PROVISIONAL_NOT_FROZEN	ENST00000563490	4
PROVISIONAL_NOT_FROZEN	ENST00000437586	0
PROVISIONAL_NOT_FROZEN	ENST00000465524	3
PROVISIONAL_NOT_FROZEN	ENST00000579480	4
PROVISIONAL_NOT_FROZEN	ENST00000591275	2
PROVISIONAL_NOT_FROZEN	ENST00000619730	2
PROVISIONAL_NOT_FROZEN	ENST00000448136	0
PROVISIONAL_NOT_FROZEN	ENST00000564359	0
PROVISIONAL_NOT_FROZEN	ENST00000482499	2
PROVISIONAL_NOT_FROZEN	ENST00000594724	4
PROVISIONAL_NOT_FROZEN	ENST00000372418	1
PROVISIONAL_NOT_FROZEN	ENST00000272438	4
PROVISIONAL_NOT_FROZEN	ENST00000440274	0
PROVISIONAL_NOT_FROZEN	ENST00000491254	3
PROVISIONAL_NOT_FROZEN	ENST00000594193	1
PROVISIONAL_NOT_FROZEN	ENST00000320776	1
PROVISIONAL_NOT_FROZEN	ENST00000323250	4
PROVISIONAL_NOT_FROZEN	ENST00000241600	0
PROVISIONAL_NOT_FROZEN	ENST00000546710	0
PROVISIONAL_NOT_FROZEN	ENST00000396307	3
PROVISIONAL_NOT_FROZEN	ENST00000510692	2
PROVISIONAL_NOT_FROZEN	ENST00000620902	0
PROVISIONAL_NOT_FROZEN	ENST00000359543	0
PROVISIONAL_NOT_FROZEN	ENST00000366860	3
PROVISIONAL_NOT_FROZEN	ENST00000531013	3
PROVISIONAL_NOT_FROZEN	ENST00000309579	1
PROVISIONAL_NOT_FROZEN	ENST00000531908	4
PROVISIONAL_NOT_FROZEN	ENST00000556461	2
PROVISIONAL_NOT_FROZEN	ENST00000512257	0
PROVISIONAL_NOT_FROZEN	ENST00000415527	4
PROVISIONAL_NOT_FROZEN	ENST00000290649	1
PROVISIONAL_NOT_FROZEN	ENST00000511684	4
PROVISIONAL_NOT_FROZEN	ENST00000503643	2
PROVISIONAL_NOT_FROZEN	ENST00000378853	4
PROVISIONAL_NOT_FROZEN	ENST00000544496	0
PROVISIONAL_NOT_FROZEN	ENST00000373298	1
PROVISIONAL_NOT_FROZEN	ENST00000556956	2
PROVISIONAL_NOT_FROZEN	ENST00000346213	3
PROVISIONAL_NOT_FROZEN	ENST00000468031	4
PROVISIONAL_NOT_FROZEN	ENST00000595073	1
PROVISIONAL_NOT_FROZEN	ENST00000591258	0
PROVISIONAL_NOT_FROZEN	ENST00000527906	0
PROVISIONAL_NOT_FROZEN	ENST00000475656	4
PROVISIONAL_NOT_FROZEN	ENST00000436321	0
PROVISIONAL_NOT_FROZEN	ENST00000447303	0
PROVISIONAL_NOT_FROZEN	ENST00000452087	3
PROVISIONAL_NOT_FROZEN	ENST00000430795	1
PROVISIONAL_NOT_FROZEN	ENST00000491299	0
PROVISIONAL_NOT_FROZEN	ENST00000492277	4
PROVISIONAL_NOT_FROZEN	ENST00000262027	1
PROVISIONAL_NOT_FROZEN	ENST00000222330	4
PROVISIONAL_NOT_FROZEN	ENST00000396466	4
PROVISIONAL_NOT_FROZEN	ENST00000368439	0
PROVISIONAL_NOT_FROZEN	ENST00000367481	3
PROVISIONAL_NOT_FROZEN	ENST00000424997	4
PROVISIONAL_NOT_FROZEN	ENST00000371873	2
PROVISIONAL_NOT_FROZEN	ENST00000222005	4
PROVISIONAL_NOT_FROZEN	ENST00000393860	3
PROVISIONAL_NOT_FROZEN	ENST00000483994	4
PROVISIONAL_NOT_FROZEN	ENST00000334220	3
PROVISIONAL_NOT_FROZEN	ENST00000466490	1
PROVISIONAL_NOT_FROZEN	ENST00000420743	3
PROVISIONAL_NOT_FROZEN	ENST00000481963	2
PROVISIONAL_NOT_FROZEN	ENST00000419267	1
PROVISIONAL_NOT_FROZEN	ENST00000497963	1
PROVISIONAL_NOT_FROZEN	ENST00000294623	4
PROVISIONAL_NOT_FROZEN	ENST00000270792	1
PROVISIONAL_NOT_FROZEN	ENST00000527355	3
PROVISIONAL_NOT_FROZEN	ENST00000479743	3
PROVISIONAL_NOT_FROZEN	ENST00000638617	0
PROVISIONAL_NOT_FROZEN	ENST00000464190	3
PROVISIONAL_NOT_FROZEN	ENST00000510154	0
PROVISIONAL_NOT_FROZEN	ENST00000361283	2
PROVISIONAL_NOT_FROZEN	ENST00000442050	1
PROVISIONAL_NOT_FROZEN	ENST00000536807	2
PROVISIONAL_NOT_FROZEN	ENST00000547534	4
PROVISIONAL_NOT_FROZEN	ENST00000233084	0
PROVISIONAL_NOT_FROZEN	ENST00000439981	0
PROVISIONAL_NOT_FROZEN	ENST00000617904	2
PROVISIONAL_NOT_FROZEN	ENST00000573778	2
PROVISIONAL_NOT_FROZEN	ENST00000613840	4
PROVISIONAL_NOT_FROZEN	ENST00000320848	0
PROVISIONAL_NOT_FROZEN	ENST00000550639	1
PROVISIONAL_NOT_FROZEN	ENST00000607768	1
PROVISIONAL_NOT_FROZEN	ENST00000494576	0
PROVISIONAL_NOT_FROZEN	ENST00000564153	3
PROVISIONAL_NOT_FROZEN	ENST00000483839	1
PROVISIONAL_NOT_FROZEN	ENST00000490096	2
PROVISIONAL_NOT_FROZEN	ENST00000629232	1
PROVISIONAL_NOT_FROZEN	ENST00000535077	0
PROVISIONAL_NOT_FROZEN	ENST00000356464	4
PROVISIONAL_NOT_FROZEN	ENST00000463185	3
PROVISIONAL_NOT_FROZEN	ENST00000282892	1
PROVISIONAL_NOT_FROZEN	ENST00000294981	0
PROVISIONAL_NOT_FROZEN	ENST00000557008	0
PROVISIONAL_NOT_FROZEN	ENST00000550390	3
PROVISIONAL_NOT_FROZEN	ENST00000534211	4
PROVISIONAL_NOT_FROZEN	ENST00000464595	0
PROVISIONAL_NOT_FROZEN	ENST00000560793	4
PROVISIONAL_NOT_FROZEN	ENST00000508232	0
PROVISIONAL_NOT_FROZEN	ENST00000540499	1
PROVISIONAL_NOT_FROZEN	ENST00000587730	2
PROVISIONAL_NOT_FROZEN	ENST00000593008	2
PROVISIONAL_NOT_FROZEN	ENST00000576874	3
PROVISIONAL_NOT_FROZEN	ENST00000485803	3
PROVISIONAL_NOT_FROZEN	ENST00000410062	3
PROVISIONAL_NOT_FROZEN	ENST00000535638	0
PROVISIONAL_NOT_FROZEN	ENST00000467531	3
PROVISIONAL_NOT_FROZEN	ENST00000558132	3
PROVISIONAL_NOT_FROZEN	ENST00000484563	4
PROVISIONAL_NOT_FROZEN	ENST00000377191	4
PROVISIONAL_NOT_FROZEN	ENST00000291386	2
PROVISIONAL_NOT_FROZEN	ENST00000488267	1
PROVISIONAL_NOT_FROZEN	ENST00000568312	3
PROVISIONAL_NOT_FROZEN	ENST00000485333	0
PROVISIONAL_NOT_FROZEN	ENST00000368304	0
PROVISIONAL_NOT_FROZEN	ENST00000409574	1
PROVISIONAL_NOT_FROZEN	ENST00000560288	1
PROVISIONAL_NOT_FROZEN	ENST00000359374	0
PROVISIONAL_NOT_FROZEN	ENST00000444778	2
PROVISIONAL_NOT_FROZEN	ENST00000474281	4
PROVISIONAL_NOT_FROZEN	ENST00000595550	1
PROVISIONAL_NOT_FROZEN	ENST00000403184	1
PROVISIONAL_NOT_FROZEN	ENST00000084795	2
PROVISIONAL_NOT_FROZEN	ENST00000254193	0
PROVISIONAL_NOT_FROZEN	ENST00000506600	1
PROVISIONAL_NOT_FROZEN	ENST00000313010	0
PROVISIONAL_NOT_FROZEN	ENST00000341394	3
PROVISIONAL_NOT_FROZEN	ENST00000491851	1
PROVISIONAL_NOT_FROZEN	ENST00000262096	3
PROVISIONAL_NOT_FROZEN	ENST00000541182	1
PROVISIONAL_NOT_FROZEN	ENST00000342480	1
PROVISIONAL_NOT_FROZEN	ENST00000215574	1
PROVISIONAL_NOT_FROZEN	ENST00000307126	2
PROVISIONAL_NOT_FROZEN	ENST00000219473	3
PROVISIONAL_NOT_FROZEN	ENST00000600336	3
PROVISIONAL_NOT_FROZEN	ENST00000261811	2
PROVISIONAL_NOT_FROZEN	ENST00000505366	3
PROVISIONAL_NOT_FROZEN	ENST00000443851	1
PROVISIONAL_NOT_FROZEN	ENST00000444627	3
PROVISIONAL_NOT_FROZEN	ENST00000279839	1
PROVISIONAL_NOT_FROZEN	ENST00000480203	0
PROVISIONAL_NOT_FROZEN	ENST00000539524	1
PROVISIONAL_NOT_FROZEN	ENST00000372797	1
PROVISIONAL_NOT_FROZEN	ENST00000489316	1
PROVISIONAL_NOT_FROZEN	ENST00000569669	3
PROVISIONAL_NOT_FROZEN	ENST00000490759	2
PROVISIONAL_NOT_FROZEN	ENST00000489567	0
PROVISIONAL_NOT_FROZEN	ENST00000526409	0
PROVISIONAL_NOT_FROZEN	ENST00000481300	2
PROVISIONAL_NOT_FROZEN	ENST00000583065	4
PROVISIONAL_NOT_FROZEN	ENST00000485608	1
PROVISIONAL_NOT_FROZEN	ENST00000429064	4
PROVISIONAL_NOT_FROZEN	ENST00000347067	3
PROVISIONAL_NOT_FROZEN	ENST00000405315	3
PROVISIONAL_NOT_FROZEN	ENST00000467270	0
PROVISIONAL_NOT_FROZEN	ENST00000527359	3
PROVISIONAL_NOT_FROZEN	ENST00000397294	4
PROVISIONAL_NOT_FROZEN	ENST00000590158	1
PROVISIONAL_NOT_FROZEN	ENST00000367518	3
PROVISIONAL_NOT_FROZEN	ENST00000535859	3
PROVISIONAL_NOT_FROZEN	ENST00000546588	1
PROVISIONAL_NOT_FROZEN	ENST00000532383	2
PROVISIONAL_NOT_FROZEN	ENST00000228140	4
PROVISIONAL_NOT_FROZEN	ENST00000484925	0
PROVISIONAL_NOT_FROZEN	ENST00000588750	4
PROVISIONAL_NOT_FROZEN	ENST00000610726	4
PROVISIONAL_NOT_FROZEN	ENST00000409783	2
PROVISIONAL_NOT_FROZEN	ENST00000424673	4
PROVISIONAL_NOT_FROZEN	ENST00000407721	2
PROVISIONAL_NOT_FROZEN	ENST00000468925	3
PROVISIONAL_NOT_FROZEN	ENST00000538631	0
PROVISIONAL_NOT_FROZEN	ENST00000482262	4
PROVISIONAL_NOT_FROZEN	ENST00000510878	1
PROVISIONAL_NOT_FROZEN	ENST00000550770	1
PROVISIONAL_NOT_FROZEN	ENST00000579446	2
PROVISIONAL_NOT_FROZEN	ENST00000547708	1
PROVISIONAL_NOT_FROZEN	ENST00000541893	4
PROVISIONAL_NOT_FROZEN	ENST00000415330	2
PROVISIONAL_NOT_FROZEN	ENST00000362507	0
PROVISIONAL_NOT_FROZEN	ENST00000491768	3
PROVISIONAL_NOT_FROZEN	ENST00000463968	1
PROVISIONAL_NOT_FROZEN	ENST00000373509	1
PROVISIONAL_NOT_FROZEN	ENST00000381125	4
PROVISIONAL_NOT_FROZEN	ENST00000470744	4
PROVISIONAL_NOT_FROZEN	ENST00000579039	0
PROVISIONAL_NOT_FROZEN	ENST00000496430	3
PROVISIONAL_NOT_FROZEN	ENST00000584239	4
PROVISIONAL_NOT_FROZEN	ENST00000322244	2
PROVISIONAL_NOT_FROZEN	ENST00000491407	1
PROVISIONAL_NOT_FROZEN	ENST00000519625	3
PROVISIONAL_NOT_FROZEN	ENST00000553291	3
PROVISIONAL_NOT_FROZEN	ENST00000536973	4
PROVISIONAL_NOT_FROZEN	ENST00000380770	2
PROVISIONAL_NOT_FROZEN	ENST00000497339	2
PROVISIONAL_NOT_FROZEN	ENST00000294507	0
PROVISIONAL_NOT_FROZEN	ENST00000577541	2
PROVISIONAL_NOT_FROZEN	ENST00000546485	0
PROVISIONAL_NOT_FROZEN	ENST00000327892	2
PROVISIONAL_NOT_FROZEN	ENST00000598807	3
PROVISIONAL_NOT_FROZEN	ENST00000342555	4
PROVISIONAL_NOT_FROZEN	ENST00000547203	0
PROVISIONAL_NOT_FROZEN	ENST00000279281	1
PROVISIONAL_NOT_FROZEN	ENST00000312989	1
PROVISIONAL_NOT_FROZEN	ENST00000508200	4
PROVISIONAL_NOT_FROZEN	ENST00000409320	2
PROVISIONAL_NOT_FROZEN	ENST00000492316	1
PROVISIONAL_NOT_FROZEN	ENST00000321680	3
PROVISIONAL_NOT_FROZEN	ENST00000367188	4
PROVISIONAL_NOT_FROZEN	ENST00000552085	3
PROVISIONAL_NOT_FROZEN	ENST00000549370	2
PROVISIONAL_NOT_FROZEN	ENST00000476185	1
PROVISIONAL_NOT_FROZEN	ENST00000618312	4
PROVISIONAL_NOT_FROZEN	ENST00000206474	2
PROVISIONAL_NOT_FROZEN	ENST00000482532	2
PROVISIONAL_NOT_FROZEN	ENST00000447677	3
PROVISIONAL_NOT_FROZEN	ENST00000502897	0
PROVISIONAL_NOT_FROZEN	ENST00000511644	1
PROVISIONAL_NOT_FROZEN	ENST00000518966	0
PROVISIONAL_NOT_FROZEN	ENST00000287957	3
PROVISIONAL_NOT_FROZEN	ENST00000484203	2
PROVISIONAL_NOT_FROZEN	ENST00000535035	4
PROVISIONAL_NOT_FROZEN	ENST00000470941	4
PROVISIONAL_NOT_FROZEN	ENST00000216452	1
PROVISIONAL_NOT_FROZEN	ENST00000498236	4
PROVISIONAL_NOT_FROZEN	ENST00000413663	2
PROVISIONAL_NOT_FROZEN	ENST00000462957	3
PROVISIONAL_NOT_FROZEN	ENST00000522528	0
PROVISIONAL_NOT_FROZEN	ENST00000473744	0
PROVISIONAL_NOT_FROZEN	ENST00000350021	1
PROVISIONAL_NOT_FROZEN	ENST00000361681	1
PROVISIONAL_NOT_FROZEN	ENST00000328834	1
PROVISIONAL_NOT_FROZEN	ENST00000316836	3
PROVISIONAL_NOT_FROZEN	ENST00000465454	4
PROVISIONAL_NOT_FROZEN	ENST00000620941	4
PROVISIONAL_NOT_FROZEN	ENST00000370151	2
PROVISIONAL_NOT_FROZEN	ENST00000413447	3
PROVISIONAL_NOT_FROZEN	ENST00000302278	0
PROVISIONAL_NOT_FROZEN	ENST00000444159	3
PROVISIONAL_NOT_FROZEN	ENST00000517990	4
PROVISIONAL_NOT_FROZEN	ENST00000585591	1
PROVISIONAL_NOT_FROZEN	ENST00000347512	2
PROVISIONAL_NOT_FROZEN	ENST00000492657	4
PROVISIONAL_NOT_FROZEN	ENST00000540504	0
PROVISIONAL_NOT_FROZEN	ENST00000337910	0
PROVISIONAL_NOT_FROZEN	ENST00000302271	4
PROVISIONAL_NOT_FROZEN	ENST00000400770	0
PROVISIONAL_NOT_FROZEN	ENST00000470490	0
PROVISIONAL_NOT_FROZEN	ENST00000530726	0
PROVISIONAL_NOT_FROZEN	ENST00000617429	2
PROVISIONAL_NOT_FROZEN	ENST00000477371	0
PROVISIONAL_NOT_FROZEN	ENST00000011473	0
PROVISIONAL_NOT_FROZEN	ENST00000585557	4
PROVISIONAL_NOT_FROZEN	ENST00000579031	0
PROVISIONAL_NOT_FROZEN	ENST00000361093	1
PROVISIONAL_NOT_FROZEN	ENST00000591247	0
PROVISIONAL_NOT_FROZEN	ENST00000394323	3
PROVISIONAL_NOT_FROZEN	ENST00000368003	0
PROVISIONAL_NOT_FROZEN	ENST00000548556	4
PROVISIONAL_NOT_FROZEN	ENST00000425675	1
PROVISIONAL_NOT_FROZEN	ENST00000527673	2
PROVISIONAL_NOT_FROZEN	ENST00000494076	2
PROVISIONAL_NOT_FROZEN	ENST00000562209	1
PROVISIONAL_NOT_FROZEN	ENST00000381683	2
PROVISIONAL_NOT_FROZEN	ENST00000339471	1
PROVISIONAL_NOT_FROZEN	ENST00000520286	4
PROVISIONAL_NOT_FROZEN	ENST00000592372	2
PROVISIONAL_NOT_FROZEN	ENST00000480579	2
PROVISIONAL_NOT_FROZEN	ENST00000234590	2
PROVISIONAL_NOT_FROZEN	ENST00000489623	3
PROVISIONAL_NOT_FROZEN	ENST00000480482	2
PROVISIONAL_NOT_FROZEN	ENST00000559729	3
PROVISIONAL_NOT_FROZEN	ENST00000546971	1
PROVISIONAL_NOT_FROZEN	ENST00000367034	1
PROVISIONAL_NOT_FROZEN	ENST00000610929	2
PROVISIONAL_NOT_FROZEN	ENST00000355841	0
PROVISIONAL_NOT_FROZEN	ENST00000377194	4
PROVISIONAL_NOT_FROZEN	ENST00000451957	3
PROVISIONAL_NOT_FROZEN	ENST00000389253	4
PROVISIONAL_NOT_FROZEN	ENST00000627714	4
PROVISIONAL_NOT_FROZEN	ENST00000427217	3
PROVISIONAL_NOT_FROZEN	ENST00000422772	1
PROVISIONAL_NOT_FROZEN	ENST00000489040	0
PROVISIONAL_NOT_FROZEN	ENST00000493893	1
PROVISIONAL_NOT_FROZEN	ENST00000310653	1
PROVISIONAL_NOT_FROZEN	ENST00000515417	1
PROVISIONAL_NOT_FROZEN	ENST00000459854	4
PROVISIONAL_NOT_FROZEN	ENST00000257904	2
PROVISIONAL_NOT_FROZEN	ENST00000469351	2
PROVISIONAL_NOT_FROZEN	ENST00000435882	1
PROVISIONAL_NOT_FROZEN	ENST00000547870	1
PROVISIONAL_NOT_FROZEN	ENST00000496795	3
PROVISIONAL_NOT_FROZEN	ENST00000262186	3
PROVISIONAL_NOT_FROZEN	ENST00000461911	4
PROVISIONAL_NOT_FROZEN	ENST00000399568	2
PROVISIONAL_NOT_FROZEN	ENST00000585661	1
PROVISIONAL_NOT_FROZEN	ENST00000460469	0
PROVISIONAL_NOT_FROZEN	ENST00000443417	3
PROVISIONAL_NOT_FROZEN	ENST00000404933	3
PROVISIONAL_NOT_FROZEN	ENST00000599612	0
PROVISIONAL_NOT_FROZEN	ENST00000271764	1
PROVISIONAL_NOT_FROZEN	ENST00000555085	4
PROVISIONAL_NOT_FROZEN	ENST00000541954	1
PROVISIONAL_NOT_FROZEN	ENST00000555743	4
PROVISIONAL_NOT_FROZEN	ENST00000549130	0
PROVISIONAL_NOT_FROZEN	ENST00000515116	2
PROVISIONAL_NOT_FROZEN	ENST00000416139	1
PROVISIONAL_NOT_FROZEN	ENST00000629534	4
PROVISIONAL_NOT_FROZEN	ENST00000493161	2
PROVISIONAL_NOT_FROZEN	ENST00000373891	3
PROVISIONAL_NOT_FROZEN	ENST00000465398	4
PROVISIONAL_NOT_FROZEN	ENST00000339399	1
PROVISIONAL_NOT_FROZEN	ENST00000496439	3
PROVISIONAL_NOT_FROZEN	ENST00000542235	4
PROVISIONAL_NOT_FROZEN	ENST00000475415	3
PROVISIONAL_NOT_FROZEN	ENST00000392662	3
PROVISIONAL_NOT_FROZEN	ENST00000371019	4
PROVISIONAL_NOT_FROZEN	ENST00000600289	2
PROVISIONAL_NOT_FROZEN	ENST00000558134	3
PROVISIONAL_NOT_FROZEN	ENST00000471885	1
PROVISIONAL_NOT_FROZEN	ENST00000270225	2
PROVISIONAL_NOT_FROZEN	ENST00000557135	2
PROVISIONAL_NOT_FROZEN	ENST00000590540	2
PROVISIONAL_NOT_FROZEN	ENST00000368858	3
PROVISIONAL_NOT_FROZEN	ENST00000442614	0
PROVISIONAL_NOT_FROZEN	ENST00000418403	1
PROVISIONAL_NOT_FROZEN	ENST00000591216	2
PROVISIONAL_NOT_FROZEN	ENST00000556820	3
PROVISIONAL_NOT_FROZEN	ENST00000594958	1
PROVISIONAL_NOT_FROZEN	ENST00000446158	2
PROVISIONAL_NOT_FROZEN	ENST00000372875	2
PROVISIONAL_NOT_FROZEN	ENST00000475354	4
PROVISIONAL_NOT_FROZEN	ENST00000534710	4
PROVISIONAL_NOT_FROZEN	ENST00000455239	2
PROVISIONAL_NOT_FROZEN	ENST00000467084	0
PROVISIONAL_NOT_FROZEN	ENST00000497671	0
PROVISIONAL_NOT_FROZEN	ENST00000335756	4
PROVISIONAL_NOT_FROZEN	ENST00000299705	0
PROVISIONAL_NOT_FROZEN	ENST00000372921	4
PROVISIONAL_NOT_FROZEN	ENST00000571941	1
PROVISIONAL_NOT_FROZEN	ENST00000451736	0
PROVISIONAL_NOT_FROZEN	ENST00000525936	3
PROVISIONAL_NOT_FROZEN	ENST00000372422	4
PROVISIONAL_NOT_FROZEN	ENST00000551749	2
PROVISIONAL_NOT_FROZEN	ENST00000470205	2
PROVISIONAL_NOT_FROZEN	ENST00000484381	4
PROVISIONAL_NOT_FROZEN	ENST00000555097	4
PROVISIONAL_NOT_FROZEN	ENST00000459994	4
PROVISIONAL_NOT_FROZEN	ENST00000428810	2
PROVISIONAL_NOT_FROZEN	ENST00000575977	1
PROVISIONAL_NOT_FROZEN	ENST00000608461	0
PROVISIONAL_NOT_FROZEN	ENST00000359087	4
PROVISIONAL_NOT_FROZEN	ENST00000443580	0
PROVISIONAL_NOT_FROZEN	ENST00000557665	3
PROVISIONAL_NOT_FROZEN	ENST00000586277	2
PROVISIONAL_NOT_FROZEN	ENST00000606719	0
PROVISIONAL_NOT_FROZEN	ENST00000551520	4
PROVISIONAL_NOT_FROZEN	ENST00000513013	0
PROVISIONAL_NOT_FROZEN	ENST00000493763	4
PROVISIONAL_NOT_FROZEN	ENST00000401811	2
PROVISIONAL_NOT_FROZEN	ENST00000590212	0
PROVISIONAL_NOT_FROZEN	ENST00000242592	1
PROVISIONAL_NOT_FROZEN	ENST00000516507	0
PROVISIONAL_NOT_FROZEN	ENST00000439647	4
PROVISIONAL_NOT_FROZEN	ENST00000525604	0
PROVISIONAL_NOT_FROZEN	ENST00000596015	1
PROVISIONAL_NOT_FROZEN	ENST00000551673	1
PROVISIONAL_NOT_FROZEN	ENST00000550009	2
PROVISIONAL_NOT_FROZEN	ENST00000370025	3
PROVISIONAL_NOT_FROZEN	ENST00000544417	0
PROVISIONAL_NOT_FROZEN	ENST00000361309	0
PROVISIONAL_NOT_FROZEN	ENST00000533012	1
PROVISIONAL_NOT_FROZEN	ENST00000422154	0
PROVISIONAL_NOT_FROZEN	ENST00000469458	3
PROVISIONAL_NOT_FROZEN	ENST00000568397	1
PROVISIONAL_NOT_FROZEN	ENST00000481274	1
PROVISIONAL_NOT_FROZEN	ENST00000429172	1
PROVISIONAL_NOT_FROZEN	ENST00000316660	3
PROVISIONAL_NOT_FROZEN	ENST00000553960	1
PROVISIONAL_NOT_FROZEN	ENST00000397970	3
PROVISIONAL_NOT_FROZEN	ENST00000484772	1
PROVISIONAL_NOT_FROZEN	ENST00000565184	0
PROVISIONAL_NOT_FROZEN	ENST00000444761	3
PROVISIONAL_NOT_FROZEN	ENST00000477813	2
PROVISIONAL_NOT_FROZEN	ENST00000546954	0
PROVISIONAL_NOT_FROZEN	ENST00000565057	4
PROVISIONAL_NOT_FROZEN	ENST00000372394	0
PROVISIONAL_NOT_FROZEN	ENST00000518100	3
PROVISIONAL_NOT_FROZEN	ENST00000552351	3
PROVISIONAL_NOT_FROZEN	ENST00000520817	0
PROVISIONAL_NOT_FROZEN	ENST00000222219	1
PROVISIONAL_NOT_FROZEN	ENST00000559720	0
PROVISIONAL_NOT_FROZEN	ENST00000545688	3
PROVISIONAL_NOT_FROZEN	ENST00000244776	3
PROVISIONAL_NOT_FROZEN	ENST00000426793	1
PROVISIONAL_NOT_FROZEN	ENST00000527194	4
PROVISIONAL_NOT_FROZEN	ENST00000392514	0
PROVISIONAL_NOT_FROZEN	ENST00000592141	3
PROVISIONAL_NOT_FROZEN	ENST00000483583	1
PROVISIONAL_NOT_FROZEN	ENST00000380120	2
PROVISIONAL_NOT_FROZEN	ENST00000533692	4
PROVISIONAL_NOT_FROZEN	ENST00000554401	4
PROVISIONAL_NOT_FROZEN	ENST00000624474	1
PROVISIONAL_NOT_FROZEN	ENST00000535814	0
PROVISIONAL_NOT_FROZEN	ENST00000464889	0
PROVISIONAL_NOT_FROZEN	ENST00000372549	1
PROVISIONAL_NOT_FROZEN	ENST00000396979	0
PROVISIONAL_NOT_FROZEN	ENST00000627972	4
PROVISIONAL_NOT_FROZEN	ENST00000551806	2
PROVISIONAL_NOT_FROZEN	ENST00000513128	0
PROVISIONAL_NOT_FROZEN	ENST00000511181	4
PROVISIONAL_NOT_FROZEN	ENST00000355264	2
PROVISIONAL_NOT_FROZEN	ENST00000332707	1
PROVISIONAL_NOT_FROZEN	ENST00000422100	2
PROVISIONAL_NOT_FROZEN	ENST00000216714	2
PROVISIONAL_NOT_FROZEN	ENST00000480134	3
PROVISIONAL_NOT_FROZEN	ENST00000262844	0
PROVISIONAL_NOT_FROZEN	ENST00000466112	1
PROVISIONAL_NOT_FROZEN	ENST00000439082	3
PROVISIONAL_NOT_FROZEN	ENST00000442303	2
PROVISIONAL_NOT_FROZEN	ENST00000600434	1
PROVISIONAL_NOT_FROZEN	ENST00000566146	0
PROVISIONAL_NOT_FROZEN	ENST00000539330	0
PROVISIONAL_NOT_FROZEN	ENST00000517523	0
PROVISIONAL_NOT_FROZEN	ENST00000476448	3
PROVISIONAL_NOT_FROZEN	ENST00000407075	2
PROVISIONAL_NOT_FROZEN	ENST00000546591	0
PROVISIONAL_NOT_FROZEN	ENST00000490847	4
PROVISIONAL_NOT_FROZEN	ENST00000438320	2
PROVISIONAL_NOT_FROZEN	ENST00000455878	1
PROVISIONAL_NOT_FROZEN	ENST00000616316	1
PROVISIONAL_NOT_FROZEN	ENST00000551527	3
PROVISIONAL_NOT_FROZEN	ENST00000394938	3
PROVISIONAL_NOT_FROZEN	ENST00000369531	1
PROVISIONAL_NOT_FROZEN	ENST00000007390	2
PROVISIONAL_NOT_FROZEN	ENST00000548944	1
PROVISIONAL_NOT_FROZEN	ENST00000553374	4
PROVISIONAL_NOT_FROZEN	ENST00000469362	3
PROVISIONAL_NOT_FROZEN	ENST00000480093	0
PROVISIONAL_NOT_FROZEN	ENST00000377542	0
PROVISIONAL_NOT_FROZEN	ENST00000464451	0
PROVISIONAL_NOT_FROZEN	ENST00000489392	1
PROVISIONAL_NOT_FROZEN	ENST00000504293	3
PROVISIONAL_NOT_FROZEN	ENST00000479207	0
PROVISIONAL_NOT_FROZEN	ENST00000623753	3
PROVISIONAL_NOT_FROZEN	ENST00000534784	0
PROVISIONAL_NOT_FROZEN	ENST00000617694	4
PROVISIONAL_NOT_FROZEN	ENST00000412791	0
PROVISIONAL_NOT_FROZEN	ENST00000595974	3
PROVISIONAL_NOT_FROZEN	ENST00000550515	0
PROVISIONAL_NOT_FROZEN	ENST00000326925	3
PROVISIONAL_NOT_FROZEN	ENST00000614056	4
PROVISIONAL_NOT_FROZEN	ENST00000603011	4
PROVISIONAL_NOT_FROZEN	ENST00000433543	4
PROVISIONAL_NOT_FROZEN	ENST00000573872	0
PROVISIONAL_NOT_FROZEN	ENST00000604027	1
PROVISIONAL_NOT_FROZEN	ENST00000418729	3
PROVISIONAL_NOT_FROZEN	ENST00000367261	4
PROVISIONAL_NOT_FROZEN	ENST00000380118	2
PROVISIONAL_NOT_FROZEN	ENST00000486157	4
PROVISIONAL_NOT_FROZEN	ENST00000463445	2
PROVISIONAL_NOT_FROZEN	ENST00000620309	1
PROVISIONAL_NOT_FROZEN	ENST00000539891	1
PROVISIONAL_NOT_FROZEN	ENST00000545212	0
PROVISIONAL_NOT_FROZEN	ENST00000557357	0
PROVISIONAL_NOT_FROZEN	ENST00000435123	0
PROVISIONAL_NOT_FROZEN	ENST00000522717	3
PROVISIONAL_NOT_FROZEN	ENST00000519046	1
PROVISIONAL_NOT_FROZEN	ENST00000466080	3
PROVISIONAL_NOT_FROZEN	ENST00000316199	0
PROVISIONAL_NOT_FROZEN	ENST00000353047	4
PROVISIONAL_NOT_FROZEN	ENST00000502917	1
PROVISIONAL_NOT_FROZEN	ENST00000528439	2
PROVISIONAL_NOT_FROZEN	ENST00000407537	1
PROVISIONAL_NOT_FROZEN	ENST00000490163	0
PROVISIONAL_NOT_FROZEN	ENST00000339438	4
PROVISIONAL_NOT_FROZEN	ENST00000392708	2
PROVISIONAL_NOT_FROZEN	ENST00000475372	3
PROVISIONAL_NOT_FROZEN	ENST00000425081	3
PROVISIONAL_NOT_FROZEN	ENST00000334828	3
PROVISIONAL_NOT_FROZEN	ENST00000522934	1
PROVISIONAL_NOT_FROZEN	ENST00000536528	4
PROVISIONAL_NOT_FROZEN	ENST00000576861	1
PROVISIONAL_NOT_FROZEN	ENST00000441864	4
PROVISIONAL_NOT_FROZEN	ENST00000546826	3
PROVISIONAL_NOT_FROZEN	ENST00000395701	1
PROVISIONAL_NOT_FROZEN	ENST00000555117	4
PROVISIONAL_NOT_FROZEN	ENST00000343986	1
PROVISIONAL_NOT_FROZEN	ENST00000424442	0
PROVISIONAL_NOT_FROZEN	ENST00000482091	4
PROVISIONAL_NOT_FROZEN	ENST00000533371	3
PROVISIONAL_NOT_FROZEN	ENST00000439124	3
PROVISIONAL_NOT_FROZEN	ENST00000495834	0
PROVISIONAL_NOT_FROZEN	ENST00000380525	2
PROVISIONAL_NOT_FROZEN	ENST00000551914	0
PROVISIONAL_NOT_FROZEN	ENST00000492365	2
PROVISIONAL_NOT_FROZEN	ENST00000577741	4
PROVISIONAL_NOT_FROZEN	ENST00000471560	0
PROVISIONAL_NOT_FROZEN	ENST00000366514	1
PROVISIONAL_NOT_FROZEN	ENST00000358368	0
PROVISIONAL_NOT_FROZEN	ENST00000494862	4
PROVISIONAL_NOT_FROZEN	ENST00000398259	1
PROVISIONAL_NOT_FROZEN	ENST00000576547	2
PROVISIONAL_NOT_FROZEN	ENST00000469145	0
PROVISIONAL_NOT_FROZEN	ENST00000252674	2
PROVISIONAL_NOT_FROZEN	ENST00000432393	0
PROVISIONAL_NOT_FROZEN	ENST00000350435	1
PROVISIONAL_NOT_FROZEN	ENST00000496187	0
PROVISIONAL_NOT_FROZEN	ENST00000394440	3
PROVISIONAL_NOT_FROZEN	ENST00000508282	1
PROVISIONAL_NOT_FROZEN	ENST00000589656	4
PROVISIONAL_NOT_FROZEN	ENST00000259154	2
PROVISIONAL_NOT_FROZEN	ENST00000428892	0
PROVISIONAL_NOT_FROZEN	ENST00000403475	4
PROVISIONAL_NOT_FROZEN	ENST00000445822	3
PROVISIONAL_NOT_FROZEN	ENST00000474863	0
PROVISIONAL_NOT_FROZEN	ENST00000219313	1
PROVISIONAL_NOT_FROZEN	ENST00000569141	0
PROVISIONAL_NOT_FROZEN	ENST00000358156	1
PROVISIONAL_NOT_FROZEN	ENST00000581392	4
PROVISIONAL_NOT_FROZEN	ENST00000533186	2
PROVISIONAL_NOT_FROZEN	ENST00000447986	3
PROVISIONAL_NOT_FROZEN	ENST00000528798	0
PROVISIONAL_NOT_FROZEN	ENST00000523636	4
PROVISIONAL_NOT_FROZEN	ENST00000556310	2
PROVISIONAL_NOT_FROZEN	ENST00000570215	2
PROVISIONAL_NOT_FROZEN	ENST00000524851	2
PROVISIONAL_NOT_FROZEN	ENST00000464443	1
PROVISIONAL_NOT_FROZEN	ENST00000424576	1
PROVISIONAL_NOT_FROZEN	ENST00000428073	0
PROVISIONAL_NOT_FROZEN	ENST00000313104	0
PROVISIONAL_NOT_FROZEN	ENST00000417137	0
PROVISIONAL_NOT_FROZEN	ENST00000487376	1
PROVISIONAL_NOT_FROZEN	ENST00000567983	3
PROVISIONAL_NOT_FROZEN	ENST00000415103	3
PROVISIONAL_NOT_FROZEN	ENST00000358154	4
PROVISIONAL_NOT_FROZEN	ENST00000227525	0
PROVISIONAL_NOT_FROZEN	ENST00000469089	2
PROVISIONAL_NOT_FROZEN	ENST00000373943	1
PROVISIONAL_NOT_FROZEN	ENST00000495565	3
PROVISIONAL_NOT_FROZEN	ENST00000310999	3
PROVISIONAL_NOT_FROZEN	ENST00000473074	4
PROVISIONAL_NOT_FROZEN	ENST00000493143	2
PROVISIONAL_NOT_FROZEN	ENST00000438261	1
PROVISIONAL_NOT_FROZEN	ENST00000581305	0
PROVISIONAL_NOT_FROZEN	ENST00000413917	3
PROVISIONAL_NOT_FROZEN	ENST00000541550	3
PROVISIONAL_NOT_FROZEN	ENST00000328434	0
PROVISIONAL_NOT_FROZEN	ENST00000475267	1
PROVISIONAL_NOT_FROZEN	ENST00000335420	3
PROVISIONAL_NOT_FROZEN	ENST00000460732	2
PROVISIONAL_NOT_FROZEN	ENST00000343255	2
PROVISIONAL_NOT_FROZEN	ENST00000415792	0
PROVISIONAL_NOT_FROZEN	ENST00000392133	3
PROVISIONAL_NOT_FROZEN	ENST00000531180	2
PROVISIONAL_NOT_FROZEN	ENST00000510503	4
PROVISIONAL_NOT_FROZEN	ENST00000588490	0
PROVISIONAL_NOT_FROZEN	ENST00000225696	3
PROVISIONAL_NOT_FROZEN	ENST00000584341	2
PROVISIONAL_NOT_FROZEN	ENST00000514482	3
PROVISIONAL_NOT_FROZEN	ENST00000563055	1
PROVISIONAL_NOT_FROZEN	ENST00000295598	4
PROVISIONAL_NOT_FROZEN	ENST00000584364	0
PROVISIONAL_NOT_FROZEN	ENST00000557529	4
PROVISIONAL_NOT_FROZEN	ENST00000540975	4
PROVISIONAL_NOT_FROZEN	ENST00000615060	0
PROVISIONAL_NOT_FROZEN	ENST00000371466	1
PROVISIONAL_NOT_FROZEN	ENST00000533217	0
PROVISIONAL_NOT_FROZEN	ENST00000291295	4
PROVISIONAL_NOT_FROZEN	ENST00000231198	2
PROVISIONAL_NOT_FROZEN	ENST00000551412	1
PROVISIONAL_NOT_FROZEN	ENST00000409727	3
PROVISIONAL_NOT_FROZEN	ENST00000585244	0
PROVISIONAL_NOT_FROZEN	ENST00000436604	4
PROVISIONAL_NOT_FROZEN	ENST00000460903	4
PROVISIONAL_NOT_FROZEN	ENST00000493378	4
PROVISIONAL_NOT_FROZEN	ENST00000412093	1
PROVISIONAL_NOT_FROZEN	ENST00000511062	3
PROVISIONAL_NOT_FROZEN	ENST00000432074	0
PROVISIONAL_NOT_FROZEN	ENST00000591462	0
PROVISIONAL_NOT_FROZEN	ENST00000396060	1
PROVISIONAL_NOT_FROZEN	ENST00000591299	4
PROVISIONAL_NOT_FROZEN	ENST00000395573	4
PROVISIONAL_NOT_FROZEN	ENST00000574444	0
PROVISIONAL_NOT_FROZEN	ENST00000413971	4
PROVISIONAL_NOT_FROZEN	ENST00000480662	1
PROVISIONAL_NOT_FROZEN	ENST00000563390	4
PROVISIONAL_NOT_FROZEN	ENST00000599047	1
PROVISIONAL_NOT_FROZEN	ENST00000469238	3
PROVISIONAL_NOT_FROZEN	ENST00000222308	1
PROVISIONAL_NOT_FROZEN	ENST00000484412	4
PROVISIONAL_NOT_FROZEN	ENST00000454376	3
PROVISIONAL_NOT_FROZEN	ENST00000436894	0
PROVISIONAL_NOT_FROZEN	ENST00000262105	1
PROVISIONAL_NOT_FROZEN	ENST00000405506	0
PROVISIONAL_NOT_FROZEN	ENST00000456586	2
PROVISIONAL_NOT_FROZEN	ENST00000485527	2
PROVISIONAL_NOT_FROZEN	ENST00000480842	1
PROVISIONAL_NOT_FROZEN	ENST00000579380	4
PROVISIONAL_NOT_FROZEN	ENST00000571133	2
PROVISIONAL_NOT_FROZEN	ENST00000584549	2
PROVISIONAL_NOT_FROZEN	ENST00000552164	4
PROVISIONAL_NOT_FROZEN	ENST00000409115	1
PROVISIONAL_NOT_FROZEN	ENST00000488353	0
PROVISIONAL_NOT_FROZEN	ENST00000576380	2
PROVISIONAL_NOT_FROZEN	ENST00000610907	4
PROVISIONAL_NOT_FROZEN	ENST00000525353	2
PROVISIONAL_NOT_FROZEN	ENST00000428154	3
PROVISIONAL_NOT_FROZEN	ENST00000362545	2
PROVISIONAL_NOT_FROZEN	ENST00000438704	4
PROVISIONAL_NOT_FROZEN	ENST00000464664	0
PROVISIONAL_NOT_FROZEN	ENST00000322177	0
PROVISIONAL_NOT_FROZEN	ENST00000359637	3
PROVISIONAL_NOT_FROZEN	ENST00000494920	1
PROVISIONAL_NOT_FROZEN	ENST00000451876	3
PROVISIONAL_NOT_FROZEN	ENST00000273550	2
PROVISIONAL_NOT_FROZEN	ENST00000254759	3
PROVISIONAL_NOT_FROZEN	ENST00000581458	4
PROVISIONAL_NOT_FROZEN	ENST00000282388	0
PROVISIONAL_NOT_FROZEN	ENST00000601403	3
PROVISIONAL_NOT_FROZEN	ENST00000435330	4
PROVISIONAL_NOT_FROZEN	ENST00000510409	2
PROVISIONAL_NOT_FROZEN	ENST00000286621	3
PROVISIONAL_NOT_FROZEN	ENST00000529294	3
PROVISIONAL_NOT_FROZEN	ENST00000489081	0
PROVISIONAL_NOT_FROZEN	ENST00000622432	4
PROVISIONAL_NOT_FROZEN	ENST00000445332	0
PROVISIONAL_NOT_FROZEN	ENST00000188376	4
PROVISIONAL_NOT_FROZEN	ENST00000281871	2
PROVISIONAL_NOT_FROZEN	ENST00000572110	2
PROVISIONAL_NOT_FROZEN	ENST00000589334	2
PROVISIONAL_NOT_FROZEN	ENST00000593095	1
PROVISIONAL_NOT_FROZEN	ENST00000374436	2
PROVISIONAL_NOT_FROZEN	ENST00000370321	3
PROVISIONAL_NOT_FROZEN	ENST00000328663	4
PROVISIONAL_NOT_FROZEN	ENST00000441075	1
PROVISIONAL_NOT_FROZEN	ENST00000375880	1
PROVISIONAL_NOT_FROZEN	ENST00000618539	2
PROVISIONAL_NOT_FROZEN	ENST00000532317	2
PROVISIONAL_NOT_FROZEN	ENST00000425339	1
PROVISIONAL_NOT_FROZEN	ENST00000464385	1
PROVISIONAL_NOT_FROZEN	ENST00000442609	1
PROVISIONAL_NOT_FROZEN	ENST00000417475	3
PROVISIONAL_NOT_FROZEN	ENST00000548044	1
PROVISIONAL_NOT_FROZEN	ENST00000621356	3
PROVISIONAL_NOT_FROZEN	ENST00000528272	3
PROVISIONAL_NOT_FROZEN	ENST00000506339	0
PROVISIONAL_NOT_FROZEN	ENST00000376925	2
PROVISIONAL_NOT_FROZEN	ENST00000534781	2
PROVISIONAL_NOT_FROZEN	ENST00000527571	4
PROVISIONAL_NOT_FROZEN	ENST00000437765	3
PROVISIONAL_NOT_FROZEN	ENST00000545507	0
PROVISIONAL_NOT_FROZEN	ENST00000439887	1
PROVISIONAL_NOT_FROZEN	ENST00000585842	4
PROVISIONAL_NOT_FROZEN	ENST00000555410	2
PROVISIONAL_NOT_FROZEN	ENST00000423485	2
PROVISIONAL_NOT_FROZEN	ENST00000477040	3
PROVISIONAL_NOT_FROZEN	ENST00000303698	3
PROVISIONAL_NOT_FROZEN	ENST00000564858	0
PROVISIONAL_NOT_FROZEN	ENST00000548400	1
PROVISIONAL_NOT_FROZEN	ENST00000586534	0
PROVISIONAL_NOT_FROZEN	ENST00000472345	1
PROVISIONAL_NOT_FROZEN	ENST00000504789	0
PROVISIONAL_NOT_FROZEN	ENST00000526248	2
PROVISIONAL_NOT_FROZEN	ENST00000610680	0
PROVISIONAL_NOT_FROZEN	ENST00000553878	4
PROVISIONAL_NOT_FROZEN	ENST00000542784	1
PROVISIONAL_NOT_FROZEN	ENST00000588815	1
PROVISIONAL_NOT_FROZEN	ENST00000375571	2
PROVISIONAL_NOT_FROZEN	ENST00000303319	2
PROVISIONAL_NOT_FROZEN	ENST00000544960	4
PROVISIONAL_NOT_FROZEN	ENST00000399032	3
PROVISIONAL_NOT_FROZEN	ENST00000594761	2
PROVISIONAL_NOT_FROZEN	ENST00000621973	0
PROVISIONAL_NOT_FROZEN	ENST00000451203	2
PROVISIONAL_NOT_FROZEN	ENST00000492343	2
PROVISIONAL_NOT_FROZEN	ENST00000554482	0
PROVISIONAL_NOT_FROZEN	ENST00000381724	0
PROVISIONAL_NOT_FROZEN	ENST00000533602	3
PROVISIONAL_NOT_FROZEN	ENST00000483605	0
PROVISIONAL_NOT_FROZEN	ENST00000456324	3
PROVISIONAL_NOT_FROZEN	ENST00000444752	0
PROVISIONAL_NOT_FROZEN	ENST00000264824	1
PROVISIONAL_NOT_FROZEN	ENST00000475157	2
PROVISIONAL_NOT_FROZEN	ENST00000589931	0
PROVISIONAL_NOT_FROZEN	ENST00000394801	1
PROVISIONAL_NOT_FROZEN	ENST00000228306	0
PROVISIONAL_NOT_FROZEN	ENST00000430246	3
PROVISIONAL_NOT_FROZEN	ENST00000376281	2
PROVISIONAL_NOT_FROZEN	ENST00000225504	0
PROVISIONAL_NOT_FROZEN	ENST00000432483	0
PROVISIONAL_NOT_FROZEN	ENST00000592839	4
PROVISIONAL_NOT_FROZEN	ENST00000456600	2
PROVISIONAL_NOT_FROZEN	ENST00000374517	2
PROVISIONAL_NOT_FROZEN	ENST00000467020	0
PROVISIONAL_NOT_FROZEN	ENST00000370654	4
PROVISIONAL_NOT_FROZEN	ENST00000592001	2
PROVISIONAL_NOT_FROZEN	ENST00000436333	3
PROVISIONAL_NOT_FROZEN	ENST00000454346	1
PROVISIONAL_NOT_FROZEN	ENST00000272348	1
PROVISIONAL_NOT_FROZEN	ENST00000216037	2
PROVISIONAL_NOT_FROZEN	ENST00000553300	3
PROVISIONAL_NOT_FROZEN	ENST00000475254	2
PROVISIONAL_NOT_FROZEN	ENST00000263956	4
PROVISIONAL_NOT_FROZEN	ENST00000596983	3
PROVISIONAL_NOT_FROZEN	ENST00000256682	1
PROVISIONAL_NOT_FROZEN	ENST00000479815	0
PROVISIONAL_NOT_FROZEN	ENST00000295087	2
PROVISIONAL_NOT_FROZEN	ENST00000432918	2
PROVISIONAL_NOT_FROZEN	ENST00000533141	1
PROVISIONAL_NOT_FROZEN	ENST00000544387	1
PROVISIONAL_NOT_FROZEN	ENST00000425028	3
PROVISIONAL_NOT_FROZEN	ENST00000588088	0
PROVISIONAL_NOT_FROZEN	ENST00000605401	4
PROVISIONAL_NOT_FROZEN	ENST00000434299	2
PROVISIONAL_NOT_FROZEN	ENST00000382456	4
PROVISIONAL_NOT_FROZEN	ENST00000635956	4
PROVISIONAL_NOT_FROZEN	ENST00000550757	1
PROVISIONAL_NOT_FROZEN	ENST00000471960	0
PROVISIONAL_NOT_FROZEN	ENST00000578492	4
PROVISIONAL_NOT_FROZEN	ENST00000568319	0
PROVISIONAL_NOT_FROZEN	ENST00000380876	2
PROVISIONAL_NOT_FROZEN	ENST00000414070	2
PROVISIONAL_NOT_FROZEN	ENST00000345084	0
PROVISIONAL_NOT_FROZEN	ENST00000216639	1
PROVISIONAL_NOT_FROZEN	ENST00000568583	3
PROVISIONAL_NOT_FROZEN	ENST00000614136	4
PROVISIONAL_NOT_FROZEN	ENST00000525577	0
PROVISIONAL_NOT_FROZEN	ENST00000369550	0
PROVISIONAL_NOT_FROZEN	ENST00000402023	1
PROVISIONAL_NOT_FROZEN	ENST00000480143	2
PROVISIONAL_NOT_FROZEN	ENST00000471772	3
PROVISIONAL_NOT_FROZEN	ENST00000492925	1
PROVISIONAL_NOT_FROZEN	ENST00000530633	1
PROVISIONAL_NOT_FROZEN	ENST00000568822	0
PROVISIONAL_NOT_FROZEN	ENST00000338193	1
PROVISIONAL_NOT_FROZEN	ENST00000233699	2
PROVISIONAL_NOT_FROZEN	ENST00000529288	1
PROVISIONAL_NOT_FROZEN	ENST00000368685	4
PROVISIONAL_NOT_FROZEN	ENST00000367142	1
PROVISIONAL_NOT_FROZEN	ENST00000595633	1
PROVISIONAL_NOT_FROZEN	ENST00000621781	2
PROVISIONAL_NOT_FROZEN	ENST00000619426	1
PROVISIONAL_NOT_FROZEN	ENST00000503368	1
PROVISIONAL_NOT_FROZEN	ENST00000508743	3
PROVISIONAL_NOT_FROZEN	ENST00000462982	4
PROVISIONAL_NOT_FROZEN	ENST00000554620	4
PROVISIONAL_NOT_FROZEN	ENST00000467867	3
PROVISIONAL_NOT_FROZEN	ENST00000312970	4
PROVISIONAL_NOT_FROZEN	ENST00000345042	1
PROVISIONAL_NOT_FROZEN	ENST00000545394	0
PROVISIONAL_NOT_FROZEN	ENST00000616035	0
PROVISIONAL_NOT_FROZEN	ENST00000453844	3
PROVISIONAL_NOT_FROZEN	ENST00000466725	0
PROVISIONAL_NOT_FROZEN	ENST00000523575	2
PROVISIONAL_NOT_FROZEN	ENST00000303127	2
PROVISIONAL_NOT_FROZEN	ENST00000532710	2
PROVISIONAL_NOT_FROZEN	ENST00000596271	4
PROVISIONAL_NOT_FROZEN	ENST00000428091	4
PROVISIONAL_NOT_FROZEN	ENST00000409952	1
PROVISIONAL_NOT_FROZEN	ENST00000488494	0
PROVISIONAL_NOT_FROZEN	ENST00000391971	2
PROVISIONAL_NOT_FROZEN	ENST00000309594	2
PROVISIONAL_NOT_FROZEN	ENST00000439549	3
PROVISIONAL_NOT_FROZEN	ENST00000483588	4
PROVISIONAL_NOT_FROZEN	ENST00000449723	1
PROVISIONAL_NOT_FROZEN	ENST00000460218	2
PROVISIONAL_NOT_FROZEN	ENST00000508361	0
PROVISIONAL_NOT_FROZEN	ENST00000357194	1
PROVISIONAL_NOT_FROZEN	ENST00000582402	0
PROVISIONAL_NOT_FROZEN	ENST00000288344	1
PROVISIONAL_NOT_FROZEN	ENST00000533098	4
PROVISIONAL_NOT_FROZEN	ENST00000474718	3
PROVISIONAL_NOT_FROZEN	ENST00000274849	1
PROVISIONAL_NOT_FROZEN	ENST00000466894	1
PROVISIONAL_NOT_FROZEN	ENST00000300688	0
PROVISIONAL_NOT_FROZEN	ENST00000329421	2
PROVISIONAL_NOT_FROZEN	ENST00000278422	3
PROVISIONAL_NOT_FROZEN	ENST00000416373	0
PROVISIONAL_NOT_FROZEN	ENST00000590887	4
PROVISIONAL_NOT_FROZEN	ENST00000484769	4
PROVISIONAL_NOT_FROZEN	ENST00000528610	4
PROVISIONAL_NOT_FROZEN	ENST00000445143	0
PROVISIONAL_NOT_FROZEN	ENST00000252622	0
PROVISIONAL_NOT_FROZEN	ENST00000487773	4
PROVISIONAL_NOT_FROZEN	ENST00000281453	0
PROVISIONAL_NOT_FROZEN	ENST00000374214	0
PROVISIONAL_NOT_FROZEN	ENST00000579126	3
PROVISIONAL_NOT_FROZEN	ENST00000626067	1
PROVISIONAL_NOT_FROZEN	ENST00000261167	0
PROVISIONAL_NOT_FROZEN	ENST00000320857	0
PROVISIONAL_NOT_FROZEN	ENST00000243040	3
PROVISIONAL_NOT_FROZEN	ENST00000358932	3
PROVISIONAL_NOT_FROZEN	ENST00000582588	0
PROVISIONAL_NOT_FROZEN	ENST00000619020	3
PROVISIONAL_NOT_FROZEN	ENST00000276096	2
PROVISIONAL_NOT_FROZEN	ENST00000568717	1
PROVISIONAL_NOT_FROZEN	ENST00000472418	2
PROVISIONAL_NOT_FROZEN	ENST00000468681	4
PROVISIONAL_NOT_FROZEN	ENST00000471023	3
PROVISIONAL_NOT_FROZEN	ENST00000449428	4
PROVISIONAL_NOT_FROZEN	ENST00000533818	4
PROVISIONAL_NOT_FROZEN	ENST00000522055	4
PROVISIONAL_NOT_FROZEN	ENST00000269122	3
PROVISIONAL_NOT_FROZEN	ENST00000506750	2
PROVISIONAL_NOT_FROZEN	ENST00000433843	0
PROVISIONAL_NOT_FROZEN	ENST00000374050	3
PROVISIONAL_NOT_FROZEN	ENST00000577958	4
PROVISIONAL_NOT_FROZEN	ENST00000604841	1
PROVISIONAL_NOT_FROZEN	ENST00000537445	4
PROVISIONAL_NOT_FROZEN	ENST00000620927	3
PROVISIONAL_NOT_FROZEN	ENST00000396526	4
PROVISIONAL_NOT_FROZEN	ENST00000560389	3
PROVISIONAL_NOT_FROZEN	ENST00000624736	1
PROVISIONAL_NOT_FROZEN	ENST00000440966	4
PROVISIONAL_NOT_FROZEN	ENST00000338970	2
PROVISIONAL_NOT_FROZEN	ENST00000478358	4
PROVISIONAL_NOT_FROZEN	ENST00000605337	0
PROVISIONAL_NOT_FROZEN	ENST00000551173	4
PROVISIONAL_NOT_FROZEN	ENST00000527344	0
PROVISIONAL_NOT_FROZEN	ENST00000555339	0
PROVISIONAL_NOT_FROZEN	ENST00000399808	1
PROVISIONAL_NOT_FROZEN	ENST00000591063	3
PROVISIONAL_NOT_FROZEN	ENST00000531917	1
PROVISIONAL_NOT_FROZEN	ENST00000380201	4
PROVISIONAL_NOT_FROZEN	ENST00000350995	1
PROVISIONAL_NOT_FROZEN	ENST00000640290	0
PROVISIONAL_NOT_FROZEN	ENST00000533908	0
PROVISIONAL_NOT_FROZEN	ENST00000476590	4
PROVISIONAL_NOT_FROZEN	ENST00000480567	1
PROVISIONAL_NOT_FROZEN	ENST00000431134	1
PROVISIONAL_NOT_FROZEN	ENST00000491521	3
PROVISIONAL_NOT_FROZEN	ENST00000539196	2
PROVISIONAL_NOT_FROZEN	ENST00000424674	3
PROVISIONAL_NOT_FROZEN	ENST00000395938	0
PROVISIONAL_NOT_FROZEN	ENST00000470598	1
PROVISIONAL_NOT_FROZEN	ENST00000537716	3
PROVISIONAL_NOT_FROZEN	ENST00000546758	2
PROVISIONAL_NOT_FROZEN	ENST00000366553	0
PROVISIONAL_NOT_FROZEN	ENST00000457085	3
PROVISIONAL_NOT_FROZEN	ENST00000550482	1
PROVISIONAL_NOT_FROZEN	ENST00000394847	4
PROVISIONAL_NOT_FROZEN	ENST00000431268	3
PROVISIONAL_NOT_FROZEN	ENST00000352178	1
PROVISIONAL_NOT_FROZEN	ENST00000226299	2
PROVISIONAL_NOT_FROZEN	ENST00000377819	3
PROVISIONAL_NOT_FROZEN	ENST00000484969	2
PROVISIONAL_NOT_FROZEN	ENST00000588985	4
PROVISIONAL_NOT_FROZEN	ENST00000425487	3
PROVISIONAL_NOT_FROZEN	ENST00000589745	0
PROVISIONAL_NOT_FROZEN	ENST00000492618	3
PROVISIONAL_NOT_FROZEN	ENST00000295304	2
PROVISIONAL_NOT_FROZEN	ENST00000369636	4
PROVISIONAL_NOT_FROZEN	ENST00000424565	2
PROVISIONAL_NOT_FROZEN	ENST00000473578	3
PROVISIONAL_NOT_FROZEN	ENST00000528503	2
PROVISIONAL_NOT_FROZEN	ENST00000262948	4
PROVISIONAL_NOT_FROZEN	ENST00000461464	2
PROVISIONAL_NOT_FROZEN	ENST00000330899	3
PROVISIONAL_NOT_FROZEN	ENST00000316052	3
PROVISIONAL_NOT_FROZEN	ENST00000553665	4
PROVISIONAL_NOT_FROZEN	ENST00000416905	2
PROVISIONAL_NOT_FROZEN	ENST00000545555	2
PROVISIONAL_NOT_FROZEN	ENST00000223641	4
PROVISIONAL_NOT_FROZEN	ENST00000598298	1
PROVISIONAL_NOT_FROZEN	ENST00000447751	4
PROVISIONAL_NOT_FROZEN	ENST00000543589	1
PROVISIONAL_NOT_FROZEN	ENST00000402485	3
PROVISIONAL_NOT_FROZEN	ENST00000533865	1
PROVISIONAL_NOT_FROZEN	ENST00000430783	2
PROVISIONAL_NOT_FROZEN	ENST00000467700	0
PROVISIONAL_NOT_FROZEN	ENST00000223500	1
PROVISIONAL_NOT_FROZEN	ENST00000556491	0
PROVISIONAL_NOT_FROZEN	ENST00000508618	0
PROVISIONAL_NOT_FROZEN	ENST00000471245	0
PROVISIONAL_NOT_FROZEN	ENST00000585932	4
PROVISIONAL_NOT_FROZEN	ENST00000466193	3
PROVISIONAL_NOT_FROZEN	ENST00000496050	3
PROVISIONAL_NOT_FROZEN	ENST00000559559	3
PROVISIONAL_NOT_FROZEN	ENST00000593678	2
PROVISIONAL_NOT_FROZEN	ENST00000222190	1
PROVISIONAL_NOT_FROZEN	ENST00000626355	4
PROVISIONAL_NOT_FROZEN	ENST00000261798	0
PROVISIONAL_NOT_FROZEN	ENST00000564043	1
PROVISIONAL_NOT_FROZEN	ENST00000523674	3
PROVISIONAL_NOT_FROZEN	ENST00000502803	3
PROVISIONAL_NOT_FROZEN	ENST00000473413	3
PROVISIONAL_NOT_FROZEN	ENST00000367993	2
PROVISIONAL_NOT_FROZEN	ENST00000479509	1
PROVISIONAL_NOT_FROZEN	ENST00000415894	3
PROVISIONAL_NOT_FROZEN	ENST00000592506	1
PROVISIONAL_NOT_FROZEN	ENST00000418823	3
PROVISIONAL_NOT_FROZEN	ENST00000240364	0
PROVISIONAL_NOT_FROZEN	ENST00000602475	3
PROVISIONAL_NOT_FROZEN	ENST00000466498	2
PROVISIONAL_NOT_FROZEN	ENST00000526446	3
PROVISIONAL_NOT_FROZEN	ENST00000525665	3
PROVISIONAL_NOT_FROZEN	ENST00000515379	0
PROVISIONAL_NOT_FROZEN	ENST00000349379	3
PROVISIONAL_NOT_FROZEN	ENST00000396203	2
PROVISIONAL_NOT_FROZEN	ENST00000582911	4
PROVISIONAL_NOT_FROZEN	ENST00000485784	0
PROVISIONAL_NOT_FROZEN	ENST00000512309	0
PROVISIONAL_NOT_FROZEN	ENST00000555593	4
PROVISIONAL_NOT_FROZEN	ENST00000371620	1
PROVISIONAL_NOT_FROZEN	ENST00000523006	2
PROVISIONAL_NOT_FROZEN	ENST00000392367	0
PROVISIONAL_NOT_FROZEN	ENST00000468611	3
PROVISIONAL_NOT_FROZEN	ENST00000528949	1
PROVISIONAL_NOT_FROZEN	ENST00000502271	2
PROVISIONAL_NOT_FROZEN	ENST00000273411	0
PROVISIONAL_NOT_FROZEN	ENST00000579682	0
PROVISIONAL_NOT_FROZEN	ENST00000249776	2
PROVISIONAL_NOT_FROZEN	ENST00000524762	0
PROVISIONAL_NOT_FROZEN	ENST00000398822	3
PROVISIONAL_NOT_FROZEN	ENST00000580461	0
PROVISIONAL_NOT_FROZEN	ENST00000392524	4
PROVISIONAL_NOT_FROZEN	ENST00000461952	3
PROVISIONAL_NOT_FROZEN	ENST00000595158	4
PROVISIONAL_NOT_FROZEN	ENST00000526341	1
PROVISIONAL_NOT_FROZEN	ENST00000369633	4
PROVISIONAL_NOT_FROZEN	ENST00000474671	2
PROVISIONAL_NOT_FROZEN	ENST00000553422	4
PROVISIONAL_NOT_FROZEN	ENST00000367330	3
PROVISIONAL_NOT_FROZEN	ENST00000480423	2
PROVISIONAL_NOT_FROZEN	ENST00000265304	3
PROVISIONAL_NOT_FROZEN	ENST00000481094	4
PROVISIONAL_NOT_FROZEN	ENST00000284811	2
PROVISIONAL_NOT_FROZEN	ENST00000368589	4
PROVISIONAL_NOT_FROZEN	ENST00000515100	4
PROVISIONAL_NOT_FROZEN	ENST00000552346	3
PROVISIONAL_NOT_FROZEN	ENST00000552742	3
PROVISIONAL_NOT_FROZEN	ENST00000421012	0
PROVISIONAL_NOT_FROZEN	ENST00000438684	3
PROVISIONAL_NOT_FROZEN	ENST00000419016	1
PROVISIONAL_NOT_FROZEN	ENST00000421680	2
PROVISIONAL_NOT_FROZEN	ENST00000465172	1
PROVISIONAL_NOT_FROZEN	ENST00000600467	0
PROVISIONAL_NOT_FROZEN	ENST00000615977	3
PROVISIONAL_NOT_FROZEN	ENST00000373237	2
PROVISIONAL_NOT_FROZEN	ENST00000456179	1
PROVISIONAL_NOT_FROZEN	ENST00000502784	4
PROVISIONAL_NOT_FROZEN	ENST00000369307	3
PROVISIONAL_NOT_FROZEN	ENST00000372550	1
PROVISIONAL_NOT_FROZEN	ENST00000351986	1
PROVISIONAL_NOT_FROZEN	ENST00000397592	0
PROVISIONAL_NOT_FROZEN	ENST00000414577	4
PROVISIONAL_NOT_FROZEN	ENST00000566906	3
PROVISIONAL_NOT_FROZEN	ENST00000373586	4
PROVISIONAL_NOT_FROZEN	ENST00000546395	1
PROVISIONAL_NOT_FROZEN	ENST00000361813	2
PROVISIONAL_NOT_FROZEN	ENST00000587191	4
PROVISIONAL_NOT_FROZEN	ENST00000564544	0
PROVISIONAL_NOT_FROZEN	ENST00000322157	0
PROVISIONAL_NOT_FROZEN	ENST00000448364	3
PROVISIONAL_NOT_FROZEN	ENST00000249364	4
PROVISIONAL_NOT_FROZEN	ENST00000599084	0
PROVISIONAL_NOT_FROZEN	ENST00000428806	1
PROVISIONAL_NOT_FROZEN	ENST00000370986	3
PROVISIONAL_NOT_FROZEN	ENST00000367439	2
PROVISIONAL_NOT_FROZEN	ENST00000422735	3
PROVISIONAL_NOT_FROZEN	ENST00000464703	3
PROVISIONAL_NOT_FROZEN	ENST00000527146	1
PROVISIONAL_NOT_FROZEN	ENST00000501079	1
PROVISIONAL_NOT_FROZEN	ENST00000537289	1
PROVISIONAL_NOT_FROZEN	ENST00000575515	1
PROVISIONAL_NOT_FROZEN	ENST00000481981	0
PROVISIONAL_NOT_FROZEN	ENST00000511295	0
PROVISIONAL_NOT_FROZEN	ENST00000529770	0
PROVISIONAL_NOT_FROZEN	ENST00000576122	0
PROVISIONAL_NOT_FROZEN	ENST00000589640	2
PROVISIONAL_NOT_FROZEN	ENST00000394349	3
PROVISIONAL_NOT_FROZEN	ENST00000473453	0
PROVISIONAL_NOT_FROZEN	ENST00000506310	2
PROVISIONAL_NOT_FROZEN	ENST00000276914	2
PROVISIONAL_NOT_FROZEN	ENST00000296503	4
PROVISIONAL_NOT_FROZEN	ENST00000345415	3
PROVISIONAL_NOT_FROZEN	ENST00000478299	0
PROVISIONAL_NOT_FROZEN	ENST00000471220	0
PROVISIONAL_NOT_FROZEN	ENST00000371740	3
PROVISIONAL_NOT_FROZEN	ENST00000552705	2
PROVISIONAL_NOT_FROZEN	ENST00000450882	2
PROVISIONAL_NOT_FROZEN	ENST00000562833	0
PROVISIONAL_NOT_FROZEN	ENST00000599870	0
PROVISIONAL_NOT_FROZEN	ENST00000556854	3
PROVISIONAL_NOT_FROZEN	ENST00000495235	4
PROVISIONAL_NOT_FROZEN	ENST00000559948	3
PROVISIONAL_NOT_FROZEN	ENST00000511175	0
PROVISIONAL_NOT_FROZEN	ENST00000413987	4
PROVISIONAL_NOT_FROZEN	ENST00000392622	1
PROVISIONAL_NOT_FROZEN	ENST00000415999	2
PROVISIONAL_NOT_FROZEN	ENST00000485717	1
PROVISIONAL_NOT_FROZEN	ENST00000455190	4
PROVISIONAL_NOT_FROZEN	ENST00000557240	0
PROVISIONAL_NOT_FROZEN	ENST00000481985	0
PROVISIONAL_NOT_FROZEN	ENST00000258739	0
PROVISIONAL_NOT_FROZEN	ENST00000584441	0
PROVISIONAL_NOT_FROZEN	ENST00000434222	4
PROVISIONAL_NOT_FROZEN	ENST00000555592	0
PROVISIONAL_NOT_FROZEN	ENST00000255641	3
PROVISIONAL_NOT_FROZEN	ENST00000494411	0
PROVISIONAL_NOT_FROZEN	ENST00000592562	2
PROVISIONAL_NOT_FROZEN	ENST00000217233	1
PROVISIONAL_NOT_FROZEN	ENST00000550223	2
PROVISIONAL_NOT_FROZEN	ENST00000468810	3
PROVISIONAL_NOT_FROZEN	ENST00000602028	3
PROVISIONAL_NOT_FROZEN	ENST00000577922	2
PROVISIONAL_NOT_FROZEN	ENST00000368209	0
PROVISIONAL_NOT_FROZEN	ENST00000296048	4
PROVISIONAL_NOT_FROZEN	ENST00000479123	0
PROVISIONAL_NOT_FROZEN	ENST00000422781	4
PROVISIONAL_NOT_FROZEN	ENST00000309328	1
PROVISIONAL_NOT_FROZEN	ENST00000261438	4
PROVISIONAL_NOT_FROZEN	ENST00000548974	1
PROVISIONAL_NOT_FROZEN	ENST00000470473	1
PROVISIONAL_NOT_FROZEN	ENST00000456064	1
PROVISIONAL_NOT_FROZEN	ENST00000313433	4
PROVISIONAL_NOT_FROZEN	ENST00000536185	1
PROVISIONAL_NOT_FROZEN	ENST00000581497	2
PROVISIONAL_NOT_FROZEN	ENST00000229633	0
PROVISIONAL_NOT_FROZEN	ENST00000431908	3
PROVISIONAL_NOT_FROZEN	ENST00000492719	4
PROVISIONAL_NOT_FROZEN	ENST00000609574	0
PROVISIONAL_NOT_FROZEN	ENST00000480937	1
PROVISIONAL_NOT_FROZEN	ENST00000539754	1
PROVISIONAL_NOT_FROZEN	ENST00000507193	3
PROVISIONAL_NOT_FROZEN	ENST00000601630	1
PROVISIONAL_NOT_FROZEN	ENST00000520008	1
PROVISIONAL_NOT_FROZEN	ENST00000312156	1
PROVISIONAL_NOT_FROZEN	ENST00000405786	0
PROVISIONAL_NOT_FROZEN	ENST00000532878	0
PROVISIONAL_NOT_FROZEN	ENST00000358528	4
PROVISIONAL_NOT_FROZEN	ENST00000591715	4
PROVISIONAL_NOT_FROZEN	ENST00000470922	2
PROVISIONAL_NOT_FROZEN	ENST00000520619	1
PROVISIONAL_NOT_FROZEN	ENST00000612612	4
PROVISIONAL_NOT_FROZEN	ENST00000216520	4
PROVISIONAL_NOT_FROZEN	ENST00000455621	3
PROVISIONAL_NOT_FROZEN	ENST00000530797	2
PROVISIONAL_NOT_FROZEN	ENST00000463579	1
PROVISIONAL_NOT_FROZEN	ENST00000586895	4
PROVISIONAL_NOT_FROZEN	ENST00000468880	2
PROVISIONAL_NOT_FROZEN	ENST00000265462	0
PROVISIONAL_NOT_FROZEN	ENST00000448912	0
PROVISIONAL_NOT_FROZEN	ENST00000264193	4
PROVISIONAL_NOT_FROZEN	ENST00000616661	2
PROVISIONAL_NOT_FROZEN	ENST00000479865	0
PROVISIONAL_NOT_FROZEN	ENST00000510993	0
PROVISIONAL_NOT_FROZEN	ENST00000532256	4
PROVISIONAL_NOT_FROZEN	ENST00000428316	1
PROVISIONAL_NOT_FROZEN	ENST00000335179	4
PROVISIONAL_NOT_FROZEN	ENST00000430198	2
PROVISIONAL_NOT_FROZEN	ENST00000566249	2
PROVISIONAL_NOT_FROZEN	ENST00000361557	2
PROVISIONAL_NOT_FROZEN	ENST00000571029	1
PROVISIONAL_NOT_FROZEN	ENST00000373230	1
PROVISIONAL_NOT_FROZEN	ENST00000596021	2
PROVISIONAL_NOT_FROZEN	ENST00000578112	4
PROVISIONAL_NOT_FROZEN	ENST00000455840	3
PROVISIONAL_NOT_FROZEN	ENST00000581066	2
PROVISIONAL_NOT_FROZEN	ENST00000375429	1
PROVISIONAL_NOT_FROZEN	ENST00000481899	4
PROVISIONAL_NOT_FROZEN	ENST00000455726	3
PROVISIONAL_NOT_FROZEN	ENST00000349139	0
PROVISIONAL_NOT_FROZEN	ENST00000572851	2
PROVISIONAL_NOT_FROZEN	ENST00000552130	1
PROVISIONAL_NOT_FROZEN	ENST00000543774	4
PROVISIONAL_NOT_FROZEN	ENST00000437890	0
PROVISIONAL_NOT_FROZEN	ENST00000553585	4
PROVISIONAL_NOT_FROZEN	ENST00000462990	1
PROVISIONAL_NOT_FROZEN	ENST00000366654	4
PROVISIONAL_NOT_FROZEN	ENST00000364451	0
PROVISIONAL_NOT_FROZEN	ENST00000381809	0
PROVISIONAL_NOT_FROZEN	ENST00000599705	1
PROVISIONAL_NOT_FROZEN	ENST00000590558	2
PROVISIONAL_NOT_FROZEN	ENST00000375201	4
PROVISIONAL_NOT_FROZEN	ENST00000490537	0
PROVISIONAL_NOT_FROZEN	ENST00000485628	2
PROVISIONAL_NOT_FROZEN	ENST00000476781	2
PROVISIONAL_NOT_FROZEN	ENST00000602906	0
PROVISIONAL_NOT_FROZEN	ENST00000370278	0
PROVISIONAL_NOT_FROZEN	ENST00000519620	3
PROVISIONAL_NOT_FROZEN	ENST00000374468	0
PROVISIONAL_NOT_FROZEN	ENST00000624295	0
PROVISIONAL_NOT_FROZEN	ENST00000481073	0
PROVISIONAL_NOT_FROZEN	ENST00000333511	0
PROVISIONAL_NOT_FROZEN	ENST00000369923	1
PROVISIONAL_NOT_FROZEN	ENST00000546477	0
PROVISIONAL_NOT_FROZEN	ENST00000505900	4
PROVISIONAL_NOT_FROZEN	ENST00000531844	0
PROVISIONAL_NOT_FROZEN	ENST00000530191	4
PROVISIONAL_NOT_FROZEN	ENST00000435137	4
PROVISIONAL_NOT_FROZEN	ENST00000329251	1
PROVISIONAL_NOT_FROZEN	ENST00000586612	0
PROVISIONAL_NOT_FROZEN	ENST00000510021	2
PROVISIONAL_NOT_FROZEN	ENST00000574914	2
PROVISIONAL_NOT_FROZEN	ENST00000529281	3
PROVISIONAL_NOT_FROZEN	ENST00000562407	3
PROVISIONAL_NOT_FROZEN	ENST00000485708	1
PROVISIONAL_NOT_FROZEN	ENST00000328024	3
PROVISIONAL_NOT_FROZEN	ENST00000493228	4
PROVISIONAL_NOT_FROZEN	ENST00000430157	4
PROVISIONAL_NOT_FROZEN	ENST00000477613	1
PROVISIONAL_NOT_FROZEN	ENST00000556579	2
PROVISIONAL_NOT_FROZEN	ENST00000431088	4
PROVISIONAL_NOT_FROZEN	ENST00000352187	2
PROVISIONAL_NOT_FROZEN	ENST00000635320	2
PROVISIONAL_NOT_FROZEN	ENST00000326199	3
PROVISIONAL_NOT_FROZEN	ENST00000496040	1
PROVISIONAL_NOT_FROZEN	ENST00000467349	3
PROVISIONAL_NOT_FROZEN	ENST00000587681	1
PROVISIONAL_NOT_FROZEN	ENST00000588618	1
PROVISIONAL_NOT_FROZEN	ENST00000394667	1
PROVISIONAL_NOT_FROZEN	ENST00000474740	3
PROVISIONAL_NOT_FROZEN	ENST00000356736	1
PROVISIONAL_NOT_FROZEN	ENST00000369799	1
PROVISIONAL_NOT_FROZEN	ENST00000558502	4
PROVISIONAL_NOT_FROZEN	ENST00000485387	4
PROVISIONAL_NOT_FROZEN	ENST00000453374	3
PROVISIONAL_NOT_FROZEN	ENST00000413910	0
PROVISIONAL_NOT_FROZEN	ENST00000411754	2
PROVISIONAL_NOT_FROZEN	ENST00000469658	4
PROVISIONAL_NOT_FROZEN	ENST00000495319	3
PROVISIONAL_NOT_FROZEN	ENST00000539854	1
PROVISIONAL_NOT_FROZEN	ENST00000409973	3
PROVISIONAL_NOT_FROZEN	ENST00000622999	3
PROVISIONAL_NOT_FROZEN	ENST00000534237	3
PROVISIONAL_NOT_FROZEN	ENST00000513868	1
PROVISIONAL_NOT_FROZEN	ENST00000528734	0
PROVISIONAL_NOT_FROZEN	ENST00000509648	3
PROVISIONAL_NOT_FROZEN	ENST00000557228	2
PROVISIONAL_NOT_FROZEN	ENST00000274026	1
PROVISIONAL_NOT_FROZEN	ENST00000512334	2
PROVISIONAL_NOT_FROZEN	ENST00000476110	2
PROVISIONAL_NOT_FROZEN	ENST00000635699	3
PROVISIONAL_NOT_FROZEN	ENST00000586618	2
PROVISIONAL_NOT_FROZEN	ENST00000597529	0
PROVISIONAL_NOT_FROZEN	ENST00000393987	1
PROVISIONAL_NOT_FROZEN	ENST00000357348	0
PROVISIONAL_NOT_FROZEN	ENST00000431653	4
PROVISIONAL_NOT_FROZEN	ENST00000405686	4
PROVISIONAL_NOT_FROZEN	ENST00000360079	0
PROVISIONAL_NOT_FROZEN	ENST00000539948	2
PROVISIONAL_NOT_FROZEN	ENST00000586682	3
PROVISIONAL_NOT_FROZEN	ENST00000627920	1
PROVISIONAL_NOT_FROZEN	ENST00000509052	4
PROVISIONAL_NOT_FROZEN	ENST00000369175	3
PROVISIONAL_NOT_FROZEN	ENST00000525649	2
PROVISIONAL_NOT_FROZEN	ENST00000373062	2
PROVISIONAL_NOT_FROZEN	ENST00000546670	2
PROVISIONAL_NOT_FROZEN	ENST00000466052	2
PROVISIONAL_NOT_FROZEN	ENST00000551983	2
PROVISIONAL_NOT_FROZEN	ENST00000393526	1
PROVISIONAL_NOT_FROZEN	ENST00000392245	1
PROVISIONAL_NOT_FROZEN	ENST00000586439	4
PROVISIONAL_NOT_FROZEN	ENST00000487775	4
PROVISIONAL_NOT_FROZEN	ENST00000421471	3
PROVISIONAL_NOT_FROZEN	ENST00000573791	2
PROVISIONAL_NOT_FROZEN	ENST00000480705	3
PROVISIONAL_NOT_FROZEN	ENST00000565464	0
PROVISIONAL_NOT_FROZEN	ENST00000484661	3
PROVISIONAL_NOT_FROZEN	ENST00000457554	3
PROVISIONAL_NOT_FROZEN	ENST00000448973	1
PROVISIONAL_NOT_FROZEN	ENST00000581091	0
PROVISIONAL_NOT_FROZEN	ENST00000596073	1
PROVISIONAL_NOT_FROZEN	ENST00000503731	0
PROVISIONAL_NOT_FROZEN	ENST00000570760	4
PROVISIONAL_NOT_FROZEN	ENST00000377824	3
PROVISIONAL_NOT_FROZEN	ENST00000581170	1
PROVISIONAL_NOT_FROZEN	ENST00000170447	0
PROVISIONAL_NOT_FROZEN	ENST00000564647	3
PROVISIONAL_NOT_FROZEN	ENST00000617560	2
PROVISIONAL_NOT_FROZEN	ENST00000504614	2
PROVISIONAL_NOT_FROZEN	ENST00000577787	2
PROVISIONAL_NOT_FROZEN	ENST00000564202	3
PROVISIONAL_NOT_FROZEN	ENST00000446663	4
PROVISIONAL_NOT_FROZEN	ENST00000593152	4
PROVISIONAL_NOT_FROZEN	ENST00000367287	1
PROVISIONAL_NOT_FROZEN	ENST00000592176	4
PROVISIONAL_NOT_FROZEN	ENST00000252825	2
PROVISIONAL_NOT_FROZEN	ENST00000620815	1
PROVISIONAL_NOT_FROZEN	ENST00000394053	0
PROVISIONAL_NOT_FROZEN	ENST00000248342	4
PROVISIONAL_NOT_FROZEN	ENST00000537345	4
PROVISIONAL_NOT_FROZEN	ENST00000524288	0
PROVISIONAL_NOT_FROZEN	ENST00000295899	1
PROVISIONAL_NOT_FROZEN	ENST00000505969	3
PROVISIONAL_NOT_FROZEN	ENST00000405021	4
PROVISIONAL_NOT_FROZEN	ENST00000504594	3
PROVISIONAL_NOT_FROZEN	ENST00000221413	4
PROVISIONAL_NOT_FROZEN	ENST00000357743	0
PROVISIONAL_NOT_FROZEN	ENST00000555133	4
PROVISIONAL_NOT_FROZEN	ENST00000589174	3
PROVISIONAL_NOT_FROZEN	ENST00000477941	4
PROVISIONAL_NOT_FROZEN	ENST00000393710	3
PROVISIONAL_NOT_FROZEN	ENST00000304863	0
PROVISIONAL_NOT_FROZEN	ENST00000392204	0
PROVISIONAL_NOT_FROZEN	ENST00000428833	0
PROVISIONAL_NOT_FROZEN	ENST00000534422	2
PROVISIONAL_NOT_FROZEN	ENST00000563914	0
PROVISIONAL_NOT_FROZEN	ENST00000479121	1
PROVISIONAL_NOT_FROZEN	ENST00000447264	2
PROVISIONAL_NOT_FROZEN	ENST00000589037	2
PROVISIONAL_NOT_FROZEN	ENST00000611971	4
PROVISIONAL_NOT_FROZEN	ENST00000589781	4
PROVISIONAL_NOT_FROZEN	ENST00000615917	4
PROVISIONAL_NOT_FROZEN	ENST00000484700	0
PROVISIONAL_NOT_FROZEN	ENST00000479312	1
PROVISIONAL_NOT_FROZEN	ENST00000396713	4
PROVISIONAL_NOT_FROZEN	ENST00000541652	4
PROVISIONAL_NOT_FROZEN	ENST00000478447	4
PROVISIONAL_NOT_FROZEN	ENST00000261479	4
PROVISIONAL_NOT_FROZEN	ENST00000509752	2
PROVISIONAL_NOT_FROZEN	ENST00000602129	3
PROVISIONAL_NOT_FROZEN	ENST00000362698	2
PROVISIONAL_NOT_FROZEN	ENST00000299427	3
PROVISIONAL_NOT_FROZEN	ENST00000526222	2
PROVISIONAL_NOT_FROZEN	ENST00000485383	2
PROVISIONAL_NOT_FROZEN	ENST00000554490	3
PROVISIONAL_NOT_FROZEN	ENST00000393647	2
PROVISIONAL_NOT_FROZEN	ENST00000623063	1
PROVISIONAL_NOT_FROZEN	ENST00000376637	1
PROVISIONAL_NOT_FROZEN	ENST00000525684	4
PROVISIONAL_NOT_FROZEN	ENST00000471046	0
PROVISIONAL_NOT_FROZEN	ENST00000465532	4
PROVISIONAL_NOT_FROZEN	ENST00000632727	2
PROVISIONAL_NOT_FROZEN	ENST00000402131	3
PROVISIONAL_NOT_FROZEN	ENST00000391002	4
PROVISIONAL_NOT_FROZEN	ENST00000449818	1
PROVISIONAL_NOT_FROZEN	ENST00000527225	3
PROVISIONAL_NOT_FROZEN	ENST00000474210	4
PROVISIONAL_NOT_FROZEN	ENST00000579260	4
PROVISIONAL_NOT_FROZEN	ENST00000313368	0
PROVISIONAL_NOT_FROZEN	ENST00000371429	4
PROVISIONAL_NOT_FROZEN	ENST00000589625	4
PROVISIONAL_NOT_FROZEN	ENST00000402116	2
PROVISIONAL_NOT_FROZEN	ENST00000396974	1
PROVISIONAL_NOT_FROZEN	ENST00000588649	0
PROVISIONAL_NOT_FROZEN	ENST00000409892	0
PROVISIONAL_NOT_FROZEN	ENST00000550595	2
PROVISIONAL_NOT_FROZEN	ENST00000539951	3
PROVISIONAL_NOT_FROZEN	ENST00000395839	4
PROVISIONAL_NOT_FROZEN	ENST00000326298	1
PROVISIONAL_NOT_FROZEN	ENST00000494735	4
PROVISIONAL_NOT_FROZEN	ENST00000259873	1
PROVISIONAL_NOT_FROZEN	ENST00000500949	4
PROVISIONAL_NOT_FROZEN	ENST00000504786	1
PROVISIONAL_NOT_FROZEN	ENST00000569304	0
PROVISIONAL_NOT_FROZEN	ENST00000586633	2
PROVISIONAL_NOT_FROZEN	ENST00000200453	1
PROVISIONAL_NOT_FROZEN	ENST00000509770	4
PROVISIONAL_NOT_FROZEN	ENST00000445724	4
PROVISIONAL_NOT_FROZEN	ENST00000578758	2
PROVISIONAL_NOT_FROZEN	ENST00000415002	0
PROVISIONAL_NOT_FROZEN	ENST00000451605	3
PROVISIONAL_NOT_FROZEN	ENST00000491857	3
PROVISIONAL_NOT_FROZEN	ENST00000476360	3
PROVISIONAL_NOT_FROZEN	ENST00000383775	4
PROVISIONAL_NOT_FROZEN	ENST00000625258	3
PROVISIONAL_NOT_FROZEN	ENST00000477544	1
PROVISIONAL_NOT_FROZEN	ENST00000487995	0
PROVISIONAL_NOT_FROZEN	ENST00000249442	1
PROVISIONAL_NOT_FROZEN	ENST00000621012	0
PROVISIONAL_NOT_FROZEN	ENST00000529263	3
PROVISIONAL_NOT_FROZEN	ENST00000433034	0
PROVISIONAL_NOT_FROZEN	ENST00000485821	4
PROVISIONAL_NOT_FROZEN	ENST00000234677	1
PROVISIONAL_NOT_FROZEN	ENST00000521764	1
PROVISIONAL_NOT_FROZEN	ENST00000256255	4
PROVISIONAL_NOT_FROZEN	ENST00000572383	1
PROVISIONAL_NOT_FROZEN	ENST00000517669	1
PROVISIONAL_NOT_FROZEN	ENST00000466265	0
PROVISIONAL_NOT_FROZEN	ENST00000261758	2
PROVISIONAL_NOT_FROZEN	ENST00000534773	3
PROVISIONAL_NOT_FROZEN	ENST00000591985	1
PROVISIONAL_NOT_FROZEN	ENST00000454068	3
PROVISIONAL_NOT_FROZEN	ENST00000587307	0
PROVISIONAL_NOT_FROZEN	ENST00000380822	2
PROVISIONAL_NOT_FROZEN	ENST00000481374	4
PROVISIONAL_NOT_FROZEN	ENST00000548117	4
PROVISIONAL_NOT_FROZEN	ENST00000376817	1
PROVISIONAL_NOT_FROZEN	ENST00000558459	0
PROVISIONAL_NOT_FROZEN	ENST00000459697	0
PROVISIONAL_NOT_FROZEN	ENST00000607527	1
PROVISIONAL_NOT_FROZEN	ENST00000496993	0
PROVISIONAL_NOT_FROZEN	ENST00000627746	0
PROVISIONAL_NOT_FROZEN	ENST00000540166	3
PROVISIONAL_NOT_FROZEN	ENST00000380725	2
PROVISIONAL_NOT_FROZEN	ENST00000451813	3
PROVISIONAL_NOT_FROZEN	ENST00000520289	1
PROVISIONAL_NOT_FROZEN	ENST00000470781	0
PROVISIONAL_NOT_FROZEN	ENST00000540962	2
PROVISIONAL_NOT_FROZEN	ENST00000522583	4
PROVISIONAL_NOT_FROZEN	ENST00000368400	3
PROVISIONAL_NOT_FROZEN	ENST00000417068	1
PROVISIONAL_NOT_FROZEN	ENST00000360289	3
PROVISIONAL_NOT_FROZEN	ENST00000564811	4
PROVISIONAL_NOT_FROZEN	ENST00000431232	0
PROVISIONAL_NOT_FROZEN	ENST00000303731	2
PROVISIONAL_NOT_FROZEN	ENST00000330579	1
PROVISIONAL_NOT_FROZEN	ENST00000283006	0
PROVISIONAL_NOT_FROZEN	ENST00000491291	4
PROVISIONAL_NOT_FROZEN	ENST00000413082	1
PROVISIONAL_NOT_FROZEN	ENST00000569925	3
PROVISIONAL_NOT_FROZEN	ENST00000537841	1
PROVISIONAL_NOT_FROZEN	ENST00000298818	2
PROVISIONAL_NOT_FROZEN	ENST00000558367	4
PROVISIONAL_NOT_FROZEN	ENST00000462489	0
PROVISIONAL_NOT_FROZEN	ENST00000602301	0
PROVISIONAL_NOT_FROZEN	ENST00000617962	3
PROVISIONAL_NOT_FROZEN	ENST00000474635	4
PROVISIONAL_NOT_FROZEN	ENST00000567266	0
PROVISIONAL_NOT_FROZEN	ENST00000620996	1
PROVISIONAL_NOT_FROZEN	ENST00000409104	2
PROVISIONAL_NOT_FROZEN	ENST00000442823	0
PROVISIONAL_NOT_FROZEN	ENST00000395134	4
PROVISIONAL_NOT_FROZEN	ENST00000473516	0
PROVISIONAL_NOT_FROZEN	ENST00000486625	2
PROVISIONAL_NOT_FROZEN	ENST00000474160	3
PROVISIONAL_NOT_FROZEN	ENST00000600410	4
PROVISIONAL_NOT_FROZEN	ENST00000374492	0
PROVISIONAL_NOT_FROZEN	ENST00000469967	4
PROVISIONAL_NOT_FROZEN	ENST00000395659	1
PROVISIONAL_NOT_FROZEN	ENST00000594493	3
PROVISIONAL_NOT_FROZEN	ENST00000592126	0
PROVISIONAL_NOT_FROZEN	ENST00000311413	4
PROVISIONAL_NOT_FROZEN	ENST00000504202	2
PROVISIONAL_NOT_FROZEN	ENST00000261819	4
PROVISIONAL_NOT_FROZEN	ENST00000350028	2
PROVISIONAL_NOT_FROZEN	ENST00000551962	1
PROVISIONAL_NOT_FROZEN	ENST00000487431	3
PROVISIONAL_NOT_FROZEN	ENST00000391763	4
PROVISIONAL_NOT_FROZEN	ENST00000396192	3
PROVISIONAL_NOT_FROZEN	ENST00000332797	2
PROVISIONAL_NOT_FROZEN	ENST00000616568	2
PROVISIONAL_NOT_FROZEN	ENST00000373831	2
PROVISIONAL_NOT_FROZEN	ENST00000223324	4
PROVISIONAL_NOT_FROZEN	ENST00000559082	3
PROVISIONAL_NOT_FROZEN	ENST00000586415	1
PROVISIONAL_NOT_FROZEN	ENST00000508910	2
PROVISIONAL_NOT_FROZEN	ENST00000505751	4
PROVISIONAL_NOT_FROZEN	ENST00000270061	0
PROVISIONAL_NOT_FROZEN	ENST00000504459	4
PROVISIONAL_NOT_FROZEN	ENST00000335503	3
PROVISIONAL_NOT_FROZEN	ENST00000384416	2
PROVISIONAL_NOT_FROZEN	ENST00000332029	4
PROVISIONAL_NOT_FROZEN	ENST00000463110	3
PROVISIONAL_NOT_FROZEN	ENST00000554636	2
PROVISIONAL_NOT_FROZEN	ENST00000527353	0
PROVISIONAL_NOT_FROZEN	ENST00000569857	0
PROVISIONAL_NOT_FROZEN	ENST00000371470	1
PROVISIONAL_NOT_FROZEN	ENST00000443950	2
PROVISIONAL_NOT_FROZEN	ENST00000513977	1
PROVISIONAL_NOT_FROZEN	ENST00000525690	2
PROVISIONAL_NOT_FROZEN	ENST00000322030	2
PROVISIONAL_NOT_FROZEN	ENST00000530692	2
PROVISIONAL_NOT_FROZEN	ENST00000460716	1
PROVISIONAL_NOT_FROZEN	ENST00000482299	2
PROVISIONAL_NOT_FROZEN	ENST00000381465	4
PROVISIONAL_NOT_FROZEN	ENST00000552051	2
PROVISIONAL_NOT_FROZEN	ENST00000584079	4
PROVISIONAL_NOT_FROZEN	ENST00000305879	4
PROVISIONAL_NOT_FROZEN	ENST00000572090	2
PROVISIONAL_NOT_FROZEN	ENST00000410063	1
PROVISIONAL_NOT_FROZEN	ENST00000579354	1
PROVISIONAL_NOT_FROZEN	ENST00000454464	1
PROVISIONAL_NOT_FROZEN	ENST00000559141	1
PROVISIONAL_NOT_FROZEN	ENST00000204566	2
PROVISIONAL_NOT_FROZEN	ENST00000460654	3
PROVISIONAL_NOT_FROZEN	ENST00000485871	4
PROVISIONAL_NOT_FROZEN	ENST00000375780	0
PROVISIONAL_NOT_FROZEN	ENST00000374606	4
PROVISIONAL_NOT_FROZEN	ENST00000412716	1
PROVISIONAL_NOT_FROZEN	ENST00000478705	4
PROVISIONAL_NOT_FROZEN	ENST00000393779	4
PROVISIONAL_NOT_FROZEN	ENST00000427040	2
PROVISIONAL_NOT_FROZEN	ENST00000448693	1
PROVISIONAL_NOT_FROZEN	ENST00000540430	4
PROVISIONAL_NOT_FROZEN	ENST00000494297	1
PROVISIONAL_NOT_FROZEN	ENST00000332780	4
PROVISIONAL_NOT_FROZEN	ENST00000457643	0
PROVISIONAL_NOT_FROZEN	ENST00000525782	4
PROVISIONAL_NOT_FROZEN	ENST00000342990	2
PROVISIONAL_NOT_FROZEN	ENST00000210444	3
PROVISIONAL_NOT_FROZEN	ENST00000372755	2
PROVISIONAL_NOT_FROZEN	ENST00000511783	0
PROVISIONAL_NOT_FROZEN	ENST00000357865	4
PROVISIONAL_NOT_FROZEN	ENST00000318787	0
PROVISIONAL_NOT_FROZEN	ENST00000337526	0
PROVISIONAL_NOT_FROZEN	ENST00000595804	1
PROVISIONAL_NOT_FROZEN	ENST00000519054	0
PROVISIONAL_NOT_FROZEN	ENST00000601220	1
PROVISIONAL_NOT_FROZEN	ENST00000330062	1
PROVISIONAL_NOT_FROZEN	ENST00000590943	3
PROVISIONAL_NOT_FROZEN	ENST00000457011	0
PROVISIONAL_NOT_FROZEN	ENST00000553057	1
PROVISIONAL_NOT_FROZEN	ENST00000515633	0
PROVISIONAL_NOT_FROZEN	ENST00000443551	1
PROVISIONAL_NOT_FROZEN	ENST00000590835	3
PROVISIONAL_NOT_FROZEN	ENST00000539002	0
PROVISIONAL_NOT_FROZEN	ENST00000484753	1
PROVISIONAL_NOT_FROZEN	ENST00000405308	3
PROVISIONAL_NOT_FROZEN	ENST00000357065	2
PROVISIONAL_NOT_FROZEN	ENST00000395948	2
PROVISIONAL_NOT_FROZEN	ENST00000538225	4
PROVISIONAL_NOT_FROZEN	ENST00000487895	0
PROVISIONAL_NOT_FROZEN	ENST00000412779	3
PROVISIONAL_NOT_FROZEN	ENST00000292363	1
PROVISIONAL_NOT_FROZEN	ENST00000613034	3
PROVISIONAL_NOT_FROZEN	ENST00000466333	1
PROVISIONAL_NOT_FROZEN	ENST00000466860	0
PROVISIONAL_NOT_FROZEN	ENST00000592918	4
PROVISIONAL_NOT_FROZEN	ENST00000452975	3
PROVISIONAL_NOT_FROZEN	ENST00000263864	4
PROVISIONAL_NOT_FROZEN	ENST00000590156	4
PROVISIONAL_NOT_FROZEN	ENST00000252102	3
PROVISIONAL_NOT_FROZEN	ENST00000349311	1
PROVISIONAL_NOT_FROZEN	ENST00000251849	0
PROVISIONAL_NOT_FROZEN	ENST00000507756	1
PROVISIONAL_NOT_FROZEN	ENST00000328221	2
PROVISIONAL_NOT_FROZEN	ENST00000483767	3
PROVISIONAL_NOT_FROZEN	ENST00000265753	4
PROVISIONAL_NOT_FROZEN	ENST00000616434	4
PROVISIONAL_NOT_FROZEN	ENST00000420584	3
PROVISIONAL_NOT_FROZEN	ENST00000409028	2
PROVISIONAL_NOT_FROZEN	ENST00000319788	4
PROVISIONAL_NOT_FROZEN	ENST00000420692	4
PROVISIONAL_NOT_FROZEN	ENST00000415651	1
PROVISIONAL_NOT_FROZEN	ENST00000464112	0
PROVISIONAL_NOT_FROZEN	ENST00000569790	0
PROVISIONAL_NOT_FROZEN	ENST00000579618	4
PROVISIONAL_NOT_FROZEN	ENST00000571721	2
PROVISIONAL_NOT_FROZEN	ENST00000357854	2
PROVISIONAL_NOT_FROZEN	ENST00000457831	4
PROVISIONAL_NOT_FROZEN	ENST00000367549	0
PROVISIONAL_NOT_FROZEN	ENST00000480975	1
PROVISIONAL_NOT_FROZEN	ENST00000221138	3
PROVISIONAL_NOT_FROZEN	ENST00000465325	2
PROVISIONAL_NOT_FROZEN	ENST00000588734	0
PROVISIONAL_NOT_FROZEN	ENST00000472174	0
PROVISIONAL_NOT_FROZEN	ENST00000431651	1
PROVISIONAL_NOT_FROZEN	ENST00000498462	0
PROVISIONAL_NOT_FROZEN	ENST00000532325	2
PROVISIONAL_NOT_FROZEN	ENST00000325962	0
PROVISIONAL_NOT_FROZEN	ENST00000342018	4
PROVISIONAL_NOT_FROZEN	ENST00000445139	3
PROVISIONAL_NOT_FROZEN	ENST00000521182	0
PROVISIONAL_NOT_FROZEN	ENST00000468826	4
PROVISIONAL_NOT_FROZEN	ENST00000592273	4
PROVISIONAL_NOT_FROZEN	ENST00000607010	2
PROVISIONAL_NOT_FROZEN	ENST00000487659	1
PROVISIONAL_NOT_FROZEN	ENST00000461733	4
PROVISIONAL_NOT_FROZEN	ENST00000371870	2
PROVISIONAL_NOT_FROZEN	ENST00000534960	3
PROVISIONAL_NOT_FROZEN	ENST00000439199	1
PROVISIONAL_NOT_FROZEN	ENST00000504726	1
PROVISIONAL_NOT_FROZEN	ENST00000610452	2
PROVISIONAL_NOT_FROZEN	ENST00000435041	0
PROVISIONAL_NOT_FROZEN	ENST00000498999	0
PROVISIONAL_NOT_FROZEN	ENST00000216605	0
PROVISIONAL_NOT_FROZEN	ENST00000395123	2
PROVISIONAL_NOT_FROZEN	ENST00000547717	1
PROVISIONAL_NOT_FROZEN	ENST00000417377	2
PROVISIONAL_NOT_FROZEN	ENST00000486753	4
PROVISIONAL_NOT_FROZEN	ENST00000603963	1
PROVISIONAL_NOT_FROZEN	ENST00000600266	4
PROVISIONAL_NOT_FROZEN	ENST00000465389	2
PROVISIONAL_NOT_FROZEN	ENST00000463859	3
PROVISIONAL_NOT_FROZEN	ENST00000489345	3
PROVISIONAL_NOT_FROZEN	ENST00000463906	1
PROVISIONAL_NOT_FROZEN	ENST00000477672	0
PROVISIONAL_NOT_FROZEN	ENST00000568973	3
PROVISIONAL_NOT_FROZEN	ENST00000509582	3
PROVISIONAL_NOT_FROZEN	ENST00000513345	2
PROVISIONAL_NOT_FROZEN	ENST00000580917	0
PROVISIONAL_NOT_FROZEN	ENST00000546720	2
PROVISIONAL_NOT_FROZEN	ENST00000273223	0
PROVISIONAL_NOT_FROZEN	ENST00000555764	4
PROVISIONAL_NOT_FROZEN	ENST00000541578	3
PROVISIONAL_NOT_FROZEN	ENST00000449030	2
PROVISIONAL_NOT_FROZEN	ENST00000503126	3
PROVISIONAL_NOT_FROZEN	ENST00000402752	1
PROVISIONAL_NOT_FROZEN	ENST00000536769	3
PROVISIONAL_NOT_FROZEN	ENST00000491735	4
PROVISIONAL_NOT_FROZEN	ENST00000491898	3
PROVISIONAL_NOT_FROZEN	ENST00000436336	3
PROVISIONAL_NOT_FROZEN	ENST00000396033	0
PROVISIONAL_NOT_FROZEN	ENST00000623876	4
PROVISIONAL_NOT_FROZEN	ENST00000469717	4
PROVISIONAL_NOT_FROZEN	ENST00000372458	0
PROVISIONAL_NOT_FROZEN	ENST00000566229	1
PROVISIONAL_NOT_FROZEN	ENST00000611428	0
PROVISIONAL_NOT_FROZEN	ENST00000409909	1
PROVISIONAL_NOT_FROZEN	ENST00000557476	4
PROVISIONAL_NOT_FROZEN	ENST00000401872	4
PROVISIONAL_NOT_FROZEN	ENST00000583036	0
PROVISIONAL_NOT_FROZEN	ENST00000037869	2
PROVISIONAL_NOT_FROZEN	ENST00000257245	4
PROVISIONAL_NOT_FROZEN	ENST00000461025	3
PROVISIONAL_NOT_FROZEN	ENST00000497323	3
PROVISIONAL_NOT_FROZEN	ENST00000557716	4
PROVISIONAL_NOT_FROZEN	ENST00000476100	4
PROVISIONAL_NOT_FROZEN	ENST00000488935	3
PROVISIONAL_NOT_FROZEN	ENST00000586523	4
PROVISIONAL_NOT_FROZEN	ENST00000474113	1
PROVISIONAL_NOT_FROZEN	ENST00000482338	3
PROVISIONAL_NOT_FROZEN	ENST00000484181	3
PROVISIONAL_NOT_FROZEN	ENST00000543891	3
PROVISIONAL_NOT_FROZEN	ENST00000504148	0
PROVISIONAL_NOT_FROZEN	ENST00000628579	2
PROVISIONAL_NOT_FROZEN	ENST00000361183	4
PROVISIONAL_NOT_FROZEN	ENST00000505337	1
PROVISIONAL_NOT_FROZEN	ENST00000541763	1
PROVISIONAL_NOT_FROZEN	ENST00000398761	4
PROVISIONAL_NOT_FROZEN	ENST00000518918	3
PROVISIONAL_NOT_FROZEN	ENST00000423725	0
PROVISIONAL_NOT_FROZEN	ENST00000399433	2
PROVISIONAL_NOT_FROZEN	ENST00000568783	4
PROVISIONAL_NOT_FROZEN	ENST00000473874	4
PROVISIONAL_NOT_FROZEN	ENST00000590466	4
PROVISIONAL_NOT_FROZEN	ENST00000421536	0
PROVISIONAL_NOT_FROZEN	ENST00000592549	0
PROVISIONAL_NOT_FROZEN	ENST00000589629	4
PROVISIONAL_NOT_FROZEN	ENST00000569798	0
PROVISIONAL_NOT_FROZEN	ENST00000564439	3
PROVISIONAL_NOT_FROZEN	ENST00000395405	3
PROVISIONAL_NOT_FROZEN	ENST00000526271	1
PROVISIONAL_NOT_FROZEN	ENST00000295685	1
PROVISIONAL_NOT_FROZEN	ENST00000490953	1
PROVISIONAL_NOT_FROZEN	ENST00000586572	3
PROVISIONAL_NOT_FROZEN	ENST00000256442	0
PROVISIONAL_NOT_FROZEN	ENST00000413699	1
PROVISIONAL_NOT_FROZEN	ENST00000586443	1
PROVISIONAL_NOT_FROZEN	ENST00000246957	0
PROVISIONAL_NOT_FROZEN	ENST00000430088	1
PROVISIONAL_NOT_FROZEN	ENST00000262890	3
PROVISIONAL_NOT_FROZEN	ENST00000536535	4
PROVISIONAL_NOT_FROZEN	ENST00000569298	2
PROVISIONAL_NOT_FROZEN	ENST00000577820	4
PROVISIONAL_NOT_FROZEN	ENST00000378785	3
PROVISIONAL_NOT_FROZEN	ENST00000600923	2
PROVISIONAL_NOT_FROZEN	ENST00000493027	2
PROVISIONAL_NOT_FROZEN	ENST00000628729	3
PROVISIONAL_NOT_FROZEN	ENST00000596581	0
PROVISIONAL_NOT_FROZEN	ENST00000401030	3
PROVISIONAL_NOT_FROZEN	ENST00000435100	4
PROVISIONAL_NOT_FROZEN	ENST00000399562	2
PROVISIONAL_NOT_FROZEN	ENST00000471461	3
PROVISIONAL_NOT_FROZEN	ENST00000340450	1
PROVISIONAL_NOT_FROZEN	ENST00000397297	4
PROVISIONAL_NOT_FROZEN	ENST00000495146	3
PROVISIONAL_NOT_FROZEN	ENST00000440191	4
PROVISIONAL_NOT_FROZEN	ENST00000420702	2
PROVISIONAL_NOT_FROZEN	ENST00000299300	3
PROVISIONAL_NOT_FROZEN	ENST00000498617	3
PROVISIONAL_NOT_FROZEN	ENST00000298649	3
PROVISIONAL_NOT_FROZEN	ENST00000381341	0
PROVISIONAL_NOT_FROZEN	ENST00000549759	3
PROVISIONAL_NOT_FROZEN	ENST00000477977	2
PROVISIONAL_NOT_FROZEN	ENST00000297579	4
PROVISIONAL_NOT_FROZEN	ENST00000553630	4
PROVISIONAL_NOT_FROZEN	ENST00000376669	4
PROVISIONAL_NOT_FROZEN	ENST00000357037	1
PROVISIONAL_NOT_FROZEN	ENST00000571507	2
PROVISIONAL_NOT_FROZEN	ENST00000455168	3
PROVISIONAL_NOT_FROZEN	ENST00000535768	1
PROVISIONAL_NOT_FROZEN	ENST00000538576	0
PROVISIONAL_NOT_FROZEN	ENST00000580888	0
PROVISIONAL_NOT_FROZEN	ENST00000575848	1
PROVISIONAL_NOT_FROZEN	ENST00000416602	1
PROVISIONAL_NOT_FROZEN	ENST00000454085	2
PROVISIONAL_NOT_FROZEN	ENST00000426182	3
PROVISIONAL_NOT_FROZEN	ENST00000477780	3
PROVISIONAL_NOT_FROZEN	ENST00000479269	3
PROVISIONAL_NOT_FROZEN	ENST00000393375	0
PROVISIONAL_NOT_FROZEN	ENST00000436715	2
PROVISIONAL_NOT_FROZEN	ENST00000313949	1
PROVISIONAL_NOT_FROZEN	ENST00000584668	2
PROVISIONAL_NOT_FROZEN	ENST00000415280	3
PROVISIONAL_NOT_FROZEN	ENST00000416931	1
PROVISIONAL_NOT_FROZEN	ENST00000493287	1
PROVISIONAL_NOT_FROZEN	ENST00000489394	3
PROVISIONAL_NOT_FROZEN	ENST00000444334	1
PROVISIONAL_NOT_FROZEN	ENST00000431510	3
PROVISIONAL_NOT_FROZEN	ENST00000497986	3
PROVISIONAL_NOT_FROZEN	ENST00000419334	3
PROVISIONAL_NOT_FROZEN	ENST00000564095	0
PROVISIONAL_NOT_FROZEN	ENST00000584190	2
PROVISIONAL_NOT_FROZEN	ENST00000543672	2
PROVISIONAL_NOT_FROZEN	ENST00000254636	1
PROVISIONAL_NOT_FROZEN	ENST00000333817	0
PROVISIONAL_NOT_FROZEN	ENST00000526339	3
PROVISIONAL_NOT_FROZEN	ENST00000496255	3
PROVISIONAL_NOT_FROZEN	ENST00000467876	3
PROVISIONAL_NOT_FROZEN	ENST00000455836	0
PROVISIONAL_NOT_FROZEN	ENST00000412544	2
PROVISIONAL_NOT_FROZEN	ENST00000481106	1
PROVISIONAL_NOT_FROZEN	ENST00000336906	4
PROVISIONAL_NOT_FROZEN	ENST00000485545	0
PROVISIONAL_NOT_FROZEN	ENST00000416120	1
PROVISIONAL_NOT_FROZEN	ENST00000555473	4
PROVISIONAL_NOT_FROZEN	ENST00000462899	4
PROVISIONAL_NOT_FROZEN	ENST00000513356	0
PROVISIONAL_NOT_FROZEN	ENST00000338130	1
PROVISIONAL_NOT_FROZEN	ENST00000437667	2
PROVISIONAL_NOT_FROZEN	ENST00000483135	2
PROVISIONAL_NOT_FROZEN	ENST00000474973	3
PROVISIONAL_NOT_FROZEN	ENST00000547269	2
PROVISIONAL_NOT_FROZEN	ENST00000494993	2
PROVISIONAL_NOT_FROZEN	ENST00000488151	1
PROVISIONAL_NOT_FROZEN	ENST00000306193	4
PROVISIONAL_NOT_FROZEN	ENST00000405362	1
PROVISIONAL_NOT_FROZEN	ENST00000368234	0
PROVISIONAL_NOT_FROZEN	ENST00000574049	1
PROVISIONAL_NOT_FROZEN	ENST00000567958	1
PROVISIONAL_NOT_FROZEN	ENST00000466258	4
PROVISIONAL_NOT_FROZEN	ENST00000361575	3
PROVISIONAL_NOT_FROZEN	ENST00000307301	1
PROVISIONAL_NOT_FROZEN	ENST00000362031	4
PROVISIONAL_NOT_FROZEN	ENST00000421656	1
PROVISIONAL_NOT_FROZEN	ENST00000472309	1
PROVISIONAL_NOT_FROZEN	ENST00000396059	2
PROVISIONAL_NOT_FROZEN	ENST00000456284	0
PROVISIONAL_NOT_FROZEN	ENST00000458578	0
PROVISIONAL_NOT_FROZEN	ENST00000471470	4
PROVISIONAL_NOT_FROZEN	ENST00000575148	2
PROVISIONAL_NOT_FROZEN	ENST00000370078	3
PROVISIONAL_NOT_FROZEN	ENST00000529173	2
PROVISIONAL_NOT_FROZEN	ENST00000567221	4
PROVISIONAL_NOT_FROZEN	ENST00000475179	0
PROVISIONAL_NOT_FROZEN	ENST00000483936	4
PROVISIONAL_NOT_FROZEN	ENST00000469700	3
PROVISIONAL_NOT_FROZEN	ENST00000589473	2
PROVISIONAL_NOT_FROZEN	ENST00000488746	3
PROVISIONAL_NOT_FROZEN	ENST00000376156	0
PROVISIONAL_NOT_FROZEN	ENST00000411926	3
PROVISIONAL_NOT_FROZEN	ENST00000519744	0
PROVISIONAL_NOT_FROZEN	ENST00000492372	0
PROVISIONAL_NOT_FROZEN	ENST00000414274	2
PROVISIONAL_NOT_FROZEN	ENST00000268802	1
PROVISIONAL_NOT_FROZEN	ENST00000497075	0
PROVISIONAL_NOT_FROZEN	ENST00000461368	2
PROVISIONAL_NOT_FROZEN	ENST00000570629	0
PROVISIONAL_NOT_FROZEN	ENST00000529645	3
PROVISIONAL_NOT_FROZEN	ENST00000555221	1
PROVISIONAL_NOT_FROZEN	ENST00000425389	2
PROVISIONAL_NOT_FROZEN	ENST00000370267	0
PROVISIONAL_NOT_FROZEN	ENST00000457139	2
PROVISIONAL_NOT_FROZEN	ENST00000278903	4
PROVISIONAL_NOT_FROZEN	ENST00000587922	2
PROVISIONAL_NOT_FROZEN	ENST00000343106	1
PROVISIONAL_NOT_FROZEN	ENST00000370287	4
PROVISIONAL_NOT_FROZEN	ENST00000559075	3
PROVISIONAL_NOT_FROZEN	ENST00000598742	0
PROVISIONAL_NOT_FROZEN	ENST00000413300	1
PROVISIONAL_NOT_FROZEN	ENST00000549992	3
PROVISIONAL_NOT_FROZEN	ENST00000515193	0
PROVISIONAL_NOT_FROZEN	ENST00000398947	3
PROVISIONAL_NOT_FROZEN	ENST00000470766	2
PROVISIONAL_NOT_FROZEN	ENST00000423817	1
PROVISIONAL_NOT_FROZEN	ENST00000416314	3
PROVISIONAL_NOT_FROZEN	ENST00000548326	1
PROVISIONAL_NOT_FROZEN	ENST00000378755	4
PROVISIONAL_NOT_FROZEN	ENST00000409906	0
PROVISIONAL_NOT_FROZEN	ENST00000375499	0
PROVISIONAL_NOT_FROZEN	ENST00000323224	4
PROVISIONAL_NOT_FROZEN	ENST00000497413	4
PROVISIONAL_NOT_FROZEN	ENST00000469360	3
PROVISIONAL_NOT_FROZEN	ENST00000594182	4
PROVISIONAL_NOT_FROZEN	ENST00000395787	0
PROVISIONAL_NOT_FROZEN	ENST00000558987	1
PROVISIONAL_NOT_FROZEN	ENST00000585782	4
PROVISIONAL_NOT_FROZEN	ENST00000370474	4
PROVISIONAL_NOT_FROZEN	ENST00000614549	0
PROVISIONAL_NOT_FROZEN	ENST00000480374	4
PROVISIONAL_NOT_FROZEN	ENST00000493477	1
PROVISIONAL_NOT_FROZEN	ENST00000439253	2
PROVISIONAL_NOT_FROZEN	ENST00000584026	4
PROVISIONAL_NOT_FROZEN	ENST00000539975	3
PROVISIONAL_NOT_FROZEN	ENST00000377304	3
PROVISIONAL_NOT_FROZEN	ENST00000577035	1
PROVISIONAL_NOT_FROZEN	ENST00000378720	3
PROVISIONAL_NOT_FROZEN	ENST00000491307	3
PROVISIONAL_NOT_FROZEN	ENST00000536232	1
PROVISIONAL_NOT_FROZEN	ENST00000463093	3
PROVISIONAL_NOT_FROZEN	ENST00000497406	3
PROVISIONAL_NOT_FROZEN	ENST00000547908	4
PROVISIONAL_NOT_FROZEN	ENST00000368336	2
PROVISIONAL_NOT_FROZEN	ENST00000332118	1
PROVISIONAL_NOT_FROZEN	ENST00000326674	3
PROVISIONAL_NOT_FROZEN	ENST00000437952	3
PROVISIONAL_NOT_FROZEN	ENST00000468600	1
PROVISIONAL_NOT_FROZEN	ENST00000294244	2
PROVISIONAL_NOT_FROZEN	ENST00000300452	2
PROVISIONAL_NOT_FROZEN	ENST00000326181	2
PROVISIONAL_NOT_FROZEN	ENST00000481952	3
PROVISIONAL_NOT_FROZEN	ENST00000446821	0
PROVISIONAL_NOT_FROZEN	ENST00000207636	1
PROVISIONAL_NOT_FROZEN	ENST00000217195	2
PROVISIONAL_NOT_FROZEN	ENST00000369407	2
PROVISIONAL_NOT_FROZEN	ENST00000534329	4
PROVISIONAL_NOT_FROZEN	ENST00000432629	2
PROVISIONAL_NOT_FROZEN	ENST00000253063	4
PROVISIONAL_NOT_FROZEN	ENST00000256644	3
PROVISIONAL_NOT_FROZEN	ENST00000560612	3
PROVISIONAL_NOT_FROZEN	ENST00000483992	4
PROVISIONAL_NOT_FROZEN	ENST00000566848	3
PROVISIONAL_NOT_FROZEN	ENST00000512328	0
PROVISIONAL_NOT_FROZEN	ENST00000485439	3
PROVISIONAL_NOT_FROZEN	ENST00000443660	1
PROVISIONAL_NOT_FROZEN	ENST00000513339	0
PROVISIONAL_NOT_FROZEN	ENST00000539708	2
PROVISIONAL_NOT_FROZEN	ENST00000427600	2
PROVISIONAL_NOT_FROZEN	ENST00000252487	4
PROVISIONAL_NOT_FROZEN	ENST00000490501	1
PROVISIONAL_NOT_FROZEN	ENST00000233893	0
PROVISIONAL_NOT_FROZEN	ENST00000548126	0
PROVISIONAL_NOT_FROZEN	ENST00000588234	2
PROVISIONAL_NOT_FROZEN	ENST00000472300	1
PROVISIONAL_NOT_FROZEN	ENST00000231572	2
PROVISIONAL_NOT_FROZEN	ENST00000615899	0
PROVISIONAL_NOT_FROZEN	ENST00000568850	0
PROVISIONAL_NOT_FROZEN	ENST00000323213	4
PROVISIONAL_NOT_FROZEN	ENST00000360787	1
PROVISIONAL_NOT_FROZEN	ENST00000396863	2
PROVISIONAL_NOT_FROZEN	ENST00000548787	3
PROVISIONAL_NOT_FROZEN	ENST00000369314	2
PROVISIONAL_NOT_FROZEN	ENST00000496049	4
PROVISIONAL_NOT_FROZEN	ENST00000467622	4
PROVISIONAL_NOT_FROZEN	ENST00000469473	1
PROVISIONAL_NOT_FROZEN	ENST00000409390	0
PROVISIONAL_NOT_FROZEN	ENST00000381571	2
PROVISIONAL_NOT_FROZEN	ENST00000520964	1
PROVISIONAL_NOT_FROZEN	ENST00000301838	4
PROVISIONAL_NOT_FROZEN	ENST00000217652	2
PROVISIONAL_NOT_FROZEN	ENST00000574494	0
PROVISIONAL_NOT_FROZEN	ENST00000601187	1
PROVISIONAL_NOT_FROZEN	ENST00000205402	2
PROVISIONAL_NOT_FROZEN	ENST00000607124	3
PROVISIONAL_NOT_FROZEN	ENST00000451924	2
PROVISIONAL_NOT_FROZEN	ENST00000400566	1
PROVISIONAL_NOT_FROZEN	ENST00000485092	0
PROVISIONAL_NOT_FROZEN	ENST00000593582	3
PROVISIONAL_NOT_FROZEN	ENST00000483034	4
PROVISIONAL_NOT_FROZEN	ENST00000578966	0
PROVISIONAL_NOT_FROZEN	ENST00000417549	3
PROVISIONAL_NOT_FROZEN	ENST00000561435	1
PROVISIONAL_NOT_FROZEN	ENST00000369103	3
PROVISIONAL_NOT_FROZEN	ENST00000384793	0
PROVISIONAL_NOT_FROZEN	ENST00000517309	1
PROVISIONAL_NOT_FROZEN	ENST00000451515	3
PROVISIONAL_NOT_FROZEN	ENST00000426530	3
PROVISIONAL_NOT_FROZEN	ENST00000518564	3
PROVISIONAL_NOT_FROZEN	ENST00000423610	3
PROVISIONAL_NOT_FROZEN	ENST00000512478	4
PROVISIONAL_NOT_FROZEN	ENST00000263368	3
PROVISIONAL_NOT_FROZEN	ENST00000598245	0
PROVISIONAL_NOT_FROZEN	ENST00000625589	4
PROVISIONAL_NOT_FROZEN	ENST00000395833	1
PROVISIONAL_NOT_FROZEN	ENST00000536737	4
PROVISIONAL_NOT_FROZEN	ENST00000470450	1
PROVISIONAL_NOT_FROZEN	ENST00000563192	4
PROVISIONAL_NOT_FROZEN	ENST00000566233	0
PROVISIONAL_NOT_FROZEN	ENST00000588390	4
PROVISIONAL_NOT_FROZEN	ENST00000547250	2
PROVISIONAL_NOT_FROZEN	ENST00000316963	3
PROVISIONAL_NOT_FROZEN	ENST00000261735	0
PROVISIONAL_NOT_FROZEN	ENST00000437297	3
PROVISIONAL_NOT_FROZEN	ENST00000577408	1
PROVISIONAL_NOT_FROZEN	ENST00000418390	1
PROVISIONAL_NOT_FROZEN	ENST00000600083	1
PROVISIONAL_NOT_FROZEN	ENST00000562993	2
PROVISIONAL_NOT_FROZEN	ENST00000581378	1
PROVISIONAL_NOT_FROZEN	ENST00000466613	0
PROVISIONAL_NOT_FROZEN	ENST00000366587	0
PROVISIONAL_NOT_FROZEN	ENST00000569545	0
PROVISIONAL_NOT_FROZEN	ENST00000437561	2
PROVISIONAL_NOT_FROZEN	ENST00000550296	0
PROVISIONAL_NOT_FROZEN	ENST00000491123	0
PROVISIONAL_NOT_FROZEN	ENST00000629371	3
PROVISIONAL_NOT_FROZEN	ENST00000372718	0
PROVISIONAL_NOT_FROZEN	ENST00000503494	1
PROVISIONAL_NOT_FROZEN	ENST00000540200	2
PROVISIONAL_NOT_FROZEN	ENST00000373840	1
PROVISIONAL_NOT_FROZEN	ENST00000601390	1
PROVISIONAL_NOT_FROZEN	ENST00000569197	0
PROVISIONAL_NOT_FROZEN	ENST00000327726	4
PROVISIONAL_NOT_FROZEN	ENST00000417721	1
PROVISIONAL_NOT_FROZEN	ENST00000495002	3
PROVISIONAL_NOT_FROZEN	ENST00000503632	1
PROVISIONAL_NOT_FROZEN	ENST00000454368	0
PROVISIONAL_NOT_FROZEN	ENST00000290075	2
PROVISIONAL_NOT_FROZEN	ENST00000298317	2
PROVISIONAL_NOT_FROZEN	ENST00000465056	0
PROVISIONAL_NOT_FROZEN	ENST00000491300	3
PROVISIONAL_NOT_FROZEN	ENST00000378725	2
PROVISIONAL_NOT_FROZEN	ENST00000547031	3
PROVISIONAL_NOT_FROZEN	ENST00000357067	2
PROVISIONAL_NOT_FROZEN	ENST00000419348	4
PROVISIONAL_NOT_FROZEN	ENST00000301458	3
PROVISIONAL_NOT_FROZEN	ENST00000532167	2
PROVISIONAL_NOT_FROZEN	ENST00000375078	2
PROVISIONAL_NOT_FROZEN	ENST00000472229	1
PROVISIONAL_NOT_FROZEN	ENST00000481928	1
PROVISIONAL_NOT_FROZEN	ENST00000357429	4
PROVISIONAL_NOT_FROZEN	ENST00000285735	4
PROVISIONAL_NOT_FROZEN	ENST00000335005	0
PROVISIONAL_NOT_FROZEN	ENST00000553810	3
PROVISIONAL_NOT_FROZEN	ENST00000435087	3
PROVISIONAL_NOT_FROZEN	ENST00000239938	1
PROVISIONAL_NOT_FROZEN	ENST00000395240	0
PROVISIONAL_NOT_FROZEN	ENST00000278483	3
PROVISIONAL_NOT_FROZEN	ENST00000589001	3
PROVISIONAL_NOT_FROZEN	ENST00000574446	2
PROVISIONAL_NOT_FROZEN	ENST00000335965	4
PROVISIONAL_NOT_FROZEN	ENST00000585475	0
PROVISIONAL_NOT_FROZEN	ENST00000461349	2
PROVISIONAL_NOT_FROZEN	ENST00000358701	2
PROVISIONAL_NOT_FROZEN	ENST00000584206	2
PROVISIONAL_NOT_FROZEN	ENST00000468621	4
PROVISIONAL_NOT_FROZEN	ENST00000375638	2
PROVISIONAL_NOT_FROZEN	ENST00000508488	2
PROVISIONAL_NOT_FROZEN	ENST00000496458	3
PROVISIONAL_NOT_FROZEN	ENST00000445520	1
PROVISIONAL_NOT_FROZEN	ENST00000258083	0
PROVISIONAL_NOT_FROZEN	ENST00000609375	1
PROVISIONAL_NOT_FROZEN	ENST00000373856	0
PROVISIONAL_NOT_FROZEN	ENST00000428881	3
PROVISIONAL_NOT_FROZEN	ENST00000513307	4
PROVISIONAL_NOT_FROZEN	ENST00000394878	3
PROVISIONAL_NOT_FROZEN	ENST00000598987	1
PROVISIONAL_NOT_FROZEN	ENST00000442551	2
PROVISIONAL_NOT_FROZEN	ENST00000350498	3
PROVISIONAL_NOT_FROZEN	ENST00000269349	2
PROVISIONAL_NOT_FROZEN	ENST00000498788	2
PROVISIONAL_NOT_FROZEN	ENST00000365645	2
PROVISIONAL_NOT_FROZEN	ENST00000267812	2
PROVISIONAL_NOT_FROZEN	ENST00000455561	4
PROVISIONAL_NOT_FROZEN	ENST00000413587	3
PROVISIONAL_NOT_FROZEN	ENST00000529548	2
PROVISIONAL_NOT_FROZEN	ENST00000487669	4
PROVISIONAL_NOT_FROZEN	ENST00000380708	3
PROVISIONAL_NOT_FROZEN	ENST00000591804	4
PROVISIONAL_NOT_FROZEN	ENST00000392994	1
PROVISIONAL_NOT_FROZEN	ENST00000476492	0
PROVISIONAL_NOT_FROZEN	ENST00000465298	3
PROVISIONAL_NOT_FROZEN	ENST00000521273	0
PROVISIONAL_NOT_FROZEN	ENST00000259818	2
PROVISIONAL_NOT_FROZEN	ENST00000558196	3
PROVISIONAL_NOT_FROZEN	ENST00000445182	1
PROVISIONAL_NOT_FROZEN	ENST00000484610	4
PROVISIONAL_NOT_FROZEN	ENST00000486204	0
PROVISIONAL_NOT_FROZEN	ENST00000468377	3
PROVISIONAL_NOT_FROZEN	ENST00000541027	0
PROVISIONAL_NOT_FROZEN	ENST00000379055	0
PROVISIONAL_NOT_FROZEN	ENST00000414316	2
PROVISIONAL_NOT_FROZEN	ENST00000456293	3
PROVISIONAL_NOT_FROZEN	ENST00000445961	3
PROVISIONAL_NOT_FROZEN	ENST00000463863	3
PROVISIONAL_NOT_FROZEN	ENST00000557021	2
PROVISIONAL_NOT_FROZEN	ENST00000596287	2
PROVISIONAL_NOT_FROZEN	ENST00000488095	2
PROVISIONAL_NOT_FROZEN	ENST00000586749	1
PROVISIONAL_NOT_FROZEN	ENST00000505745	4
PROVISIONAL_NOT_FROZEN	ENST00000372849	1
PROVISIONAL_NOT_FROZEN	ENST00000568288	4
PROVISIONAL_NOT_FROZEN	ENST00000585598	2
PROVISIONAL_NOT_FROZEN	ENST00000460219	2
PROVISIONAL_NOT_FROZEN	ENST00000424014	3
PROVISIONAL_NOT_FROZEN	ENST00000540506	2
PROVISIONAL_NOT_FROZEN	ENST00000510729	2
PROVISIONAL_NOT_FROZEN	ENST00000578479	2
PROVISIONAL_NOT_FROZEN	ENST00000593564	2
PROVISIONAL_NOT_FROZEN	ENST00000426324	0
PROVISIONAL_NOT_FROZEN	ENST00000266735	3
PROVISIONAL_NOT_FROZEN	ENST00000540016	1
PROVISIONAL_NOT_FROZEN	ENST00000509980	1
PROVISIONAL_NOT_FROZEN	ENST00000469206	0
PROVISIONAL_NOT_FROZEN	ENST00000465245	1
PROVISIONAL_NOT_FROZEN	ENST00000476228	4
PROVISIONAL_NOT_FROZEN	ENST00000460362	3
PROVISIONAL_NOT_FROZEN	ENST00000538682	1
PROVISIONAL_NOT_FROZEN	ENST00000540651	1
PROVISIONAL_NOT_FROZEN	ENST00000378667	3
PROVISIONAL_NOT_FROZEN	ENST00000472077	0
PROVISIONAL_NOT_FROZEN	ENST00000556698	2
PROVISIONAL_NOT_FROZEN	ENST00000621131	1
PROVISIONAL_NOT_FROZEN	ENST00000562961	4
PROVISIONAL_NOT_FROZEN	ENST00000519004	4
PROVISIONAL_NOT_FROZEN	ENST00000443360	4
PROVISIONAL_NOT_FROZEN	ENST00000263697	1
PROVISIONAL_NOT_FROZEN	ENST00000577756	0
PROVISIONAL_NOT_FROZEN	ENST00000585392	0
PROVISIONAL_NOT_FROZEN	ENST00000409753	4
PROVISIONAL_NOT_FROZEN	ENST00000373632	2
PROVISIONAL_NOT_FROZEN	ENST00000447184	1
PROVISIONAL_NOT_FROZEN	ENST00000580533	1
PROVISIONAL_NOT_FROZEN	ENST00000611328	4
PROVISIONAL_NOT_FROZEN	ENST00000369721	4
PROVISIONAL_NOT_FROZEN	ENST00000504813	1
PROVISIONAL_NOT_FROZEN	ENST00000441504	4
PROVISIONAL_NOT_FROZEN	ENST00000459793	2
PROVISIONAL_NOT_FROZEN	ENST00000592246	2
PROVISIONAL_NOT_FROZEN	ENST00000497825	2
PROVISIONAL_NOT_FROZEN	ENST00000491287	4
PROVISIONAL_NOT_FROZEN	ENST00000557722	2
PROVISIONAL_NOT_FROZEN	ENST00000482158	3
PROVISIONAL_NOT_FROZEN	ENST00000457808	4
PROVISIONAL_NOT_FROZEN	ENST00000373783	1
PROVISIONAL_NOT_FROZEN	ENST00000469550	1
PROVISIONAL_NOT_FROZEN	ENST00000542535	2
PROVISIONAL_NOT_FROZEN	ENST00000582770	4
PROVISIONAL_NOT_FROZEN	ENST00000393301	1
PROVISIONAL_NOT_FROZEN	ENST00000464329	0
PROVISIONAL_NOT_FROZEN	ENST00000439374	1
PROVISIONAL_NOT_FROZEN	ENST00000379666	4
PROVISIONAL_NOT_FROZEN	ENST00000616074	2
PROVISIONAL_NOT_FROZEN	ENST00000578476	0
PROVISIONAL_NOT_FROZEN	ENST00000215832	3
PROVISIONAL_NOT_FROZEN	ENST00000502664	0
PROVISIONAL_NOT_FROZEN	ENST00000467383	3
PROVISIONAL_NOT_FROZEN	ENST00000519855	2
PROVISIONAL_NOT_FROZEN	ENST00000572173	4
PROVISIONAL_NOT_FROZEN	ENST00000373365	0
PROVISIONAL_NOT_FROZEN	ENST00000559758	3
PROVISIONAL_NOT_FROZEN	ENST00000546271	3
PROVISIONAL_NOT_FROZEN	ENST00000330752	1
PROVISIONAL_NOT_FROZEN	ENST00000450587	3
PROVISIONAL_NOT_FROZEN	ENST00000379888	3
PROVISIONAL_NOT_FROZEN	ENST00000586558	2
PROVISIONAL_NOT_FROZEN	ENST00000248553	3
PROVISIONAL_NOT_FROZEN	ENST00000585563	2
PROVISIONAL_NOT_FROZEN	ENST00000566296	2
PROVISIONAL_NOT_FROZEN	ENST00000556369	4
PROVISIONAL_NOT_FROZEN	ENST00000374484	4
PROVISIONAL_NOT_FROZEN	ENST00000364952	4
PROVISIONAL_NOT_FROZEN	ENST00000626660	1
PROVISIONAL_NOT_FROZEN	ENST00000606531	1
PROVISIONAL_NOT_FROZEN	ENST00000229239	4
PROVISIONAL_NOT_FROZEN	ENST00000506002	4
PROVISIONAL_NOT_FROZEN	ENST00000591155	1
PROVISIONAL_NOT_FROZEN	ENST00000592558	4
PROVISIONAL_NOT_FROZEN	ENST00000527853	2
PROVISIONAL_NOT_FROZEN	ENST00000466397	4
PROVISIONAL_NOT_FROZEN	ENST00000338179	2
PROVISIONAL_NOT_FROZEN	ENST00000332859	1
PROVISIONAL_NOT_FROZEN	ENST00000334701	4
PROVISIONAL_NOT_FROZEN	ENST00000582888	3
PROVISIONAL_NOT_FROZEN	ENST00000436324	1
PROVISIONAL_NOT_FROZEN	ENST00000458500	2
PROVISIONAL_NOT_FROZEN	ENST00000492017	3
PROVISIONAL_NOT_FROZEN	ENST00000526586	2
PROVISIONAL_NOT_FROZEN	ENST00000577916	4
PROVISIONAL_NOT_FROZEN	ENST00000379253	3
PROVISIONAL_NOT_FROZEN	ENST00000520466	0
PROVISIONAL_NOT_FROZEN	ENST00000478963	3
PROVISIONAL_NOT_FROZEN	ENST00000295006	3
PROVISIONAL_NOT_FROZEN	ENST00000285518	1
PROVISIONAL_NOT_FROZEN	ENST00000338591	4
PROVISIONAL_NOT_FROZEN	ENST00000464873	1
PROVISIONAL_NOT_FROZEN	ENST00000497935	0
PROVISIONAL_NOT_FROZEN	ENST00000372837	4
PROVISIONAL_NOT_FROZEN	ENST00000551783	0
PROVISIONAL_NOT_FROZEN	ENST00000435212	1
PROVISIONAL_NOT_FROZEN	ENST00000258424	3
PROVISIONAL_NOT_FROZEN	ENST00000264552	0
PROVISIONAL_NOT_FROZEN	ENST00000545562	0
PROVISIONAL_NOT_FROZEN	ENST00000478842	3
PROVISIONAL_NOT_FROZEN	ENST00000585425	4
PROVISIONAL_NOT_FROZEN	ENST00000563139	0
PROVISIONAL_NOT_FROZEN	ENST00000426559	4
PROVISIONAL_NOT_FROZEN	ENST00000594786	1
PROVISIONAL_NOT_FROZEN	ENST00000491137	1
PROVISIONAL_NOT_FROZEN	ENST00000334482	2
PROVISIONAL_NOT_FROZEN	ENST00000579978	2
PROVISIONAL_NOT_FROZEN	ENST00000425206	1
PROVISIONAL_NOT_FROZEN	ENST00000560165	3
PROVISIONAL_NOT_FROZEN	ENST00000603088	2
PROVISIONAL_NOT_FROZEN	ENST00000561972	1
PROVISIONAL_NOT_FROZEN	ENST00000488441	1
PROVISIONAL_NOT_FROZEN	ENST00000397390	3
PROVISIONAL_NOT_FROZEN	ENST00000372853	4
PROVISIONAL_NOT_FROZEN	ENST00000533628	2
PROVISIONAL_NOT_FROZEN	ENST00000532986	1
PROVISIONAL_NOT_FROZEN	ENST00000593597	4
PROVISIONAL_NOT_FROZEN	ENST00000336787	3
PROVISIONAL_NOT_FROZEN	ENST00000478655	1
PROVISIONAL_NOT_FROZEN	ENST00000345598	0
PROVISIONAL_NOT_FROZEN	ENST00000589611	4
PROVISIONAL_NOT_FROZEN	ENST00000505314	2
PROVISIONAL_NOT_FROZEN	ENST00000515355	0
PROVISIONAL_NOT_FROZEN	ENST00000531593	1
PROVISIONAL_NOT_FROZEN	ENST00000311177	1
PROVISIONAL_NOT_FROZEN	ENST00000560044	3
PROVISIONAL_NOT_FROZEN	ENST00000502429	0
PROVISIONAL_NOT_FROZEN	ENST00000355938	0
PROVISIONAL_NOT_FROZEN	ENST00000217381	0
PROVISIONAL_NOT_FROZEN	ENST00000613943	3
PROVISIONAL_NOT_FROZEN	ENST00000549206	2
PROVISIONAL_NOT_FROZEN	ENST00000601968	4
PROVISIONAL_NOT_FROZEN	ENST00000515038	0
PROVISIONAL_NOT_FROZEN	ENST00000414124	3
PROVISIONAL_NOT_FROZEN	ENST00000431044	2
PROVISIONAL_NOT_FROZEN	ENST00000366868	1
PROVISIONAL_NOT_FROZEN	ENST00000306730	4
PROVISIONAL_NOT_FROZEN	ENST00000367881	2
PROVISIONAL_NOT_FROZEN	ENST00000510097	1
PROVISIONAL_NOT_FROZEN	ENST00000537967	2
PROVISIONAL_NOT_FROZEN	ENST00000442430	2
PROVISIONAL_NOT_FROZEN	ENST00000531435	3
PROVISIONAL_NOT_FROZEN	ENST00000366814	2
PROVISIONAL_NOT_FROZEN	ENST00000403958	0
PROVISIONAL_NOT_FROZEN	ENST00000565420	4
PROVISIONAL_NOT_FROZEN	ENST00000618925	0
PROVISIONAL_NOT_FROZEN	ENST00000551002	3
PROVISIONAL_NOT_FROZEN	ENST00000602459	4
PROVISIONAL_NOT_FROZEN	ENST00000455982	4
PROVISIONAL_NOT_FROZEN	ENST00000380748	1
PROVISIONAL_NOT_FROZEN	ENST00000366856	3
PROVISIONAL_NOT_FROZEN	ENST00000406555	2
PROVISIONAL_NOT_FROZEN	ENST00000211998	2
PROVISIONAL_NOT_FROZEN	ENST00000475915	1
PROVISIONAL_NOT_FROZEN	ENST00000532054	4
PROVISIONAL_NOT_FROZEN	ENST00000558394	4
PROVISIONAL_NOT_FROZEN	ENST00000595386	1
PROVISIONAL_NOT_FROZEN	ENST00000368690	1
PROVISIONAL_NOT_FROZEN	ENST00000486138	3
PROVISIONAL_NOT_FROZEN	ENST00000340309	2
PROVISIONAL_NOT_FROZEN	ENST00000269195	2
PROVISIONAL_NOT_FROZEN	ENST00000510210	3
PROVISIONAL_NOT_FROZEN	ENST00000469695	4
PROVISIONAL_NOT_FROZEN	ENST00000466800	4
PROVISIONAL_NOT_FROZEN	ENST00000425964	1
PROVISIONAL_NOT_FROZEN	ENST00000587424	3
PROVISIONAL_NOT_FROZEN	ENST00000442805	3
PROVISIONAL_NOT_FROZEN	ENST00000497849	1
PROVISIONAL_NOT_FROZEN	ENST00000412887	4
PROVISIONAL_NOT_FROZEN	ENST00000329286	3
PROVISIONAL_NOT_FROZEN	ENST00000494395	0
PROVISIONAL_NOT_FROZEN	ENST00000307422	4
PROVISIONAL_NOT_FROZEN	ENST00000494882	0
PROVISIONAL_NOT_FROZEN	ENST00000398712	1
PROVISIONAL_NOT_FROZEN	ENST00000574970	0
PROVISIONAL_NOT_FROZEN	ENST00000495599	1
PROVISIONAL_NOT_FROZEN	ENST00000419680	2
PROVISIONAL_NOT_FROZEN	ENST00000619128	3
PROVISIONAL_NOT_FROZEN	ENST00000393733	4
PROVISIONAL_NOT_FROZEN	ENST00000546581	2
PROVISIONAL_NOT_FROZEN	ENST00000514605	3
PROVISIONAL_NOT_FROZEN	ENST00000377493	2
PROVISIONAL_NOT_FROZEN	ENST00000419020	3
PROVISIONAL_NOT_FROZEN	ENST00000417736	1
PROVISIONAL_NOT_FROZEN	ENST00000472253	0
PROVISIONAL_NOT_FROZEN	ENST00000579495	0
PROVISIONAL_NOT_FROZEN	ENST00000508841	0
PROVISIONAL_NOT_FROZEN	ENST00000553542	4
PROVISIONAL_NOT_FROZEN	ENST00000369762	4
PROVISIONAL_NOT_FROZEN	ENST00000495018	4
PROVISIONAL_NOT_FROZEN	ENST00000290079	0
PROVISIONAL_NOT_FROZEN	ENST00000352319	1
PROVISIONAL_NOT_FROZEN	ENST00000262633	2
PROVISIONAL_NOT_FROZEN	ENST00000545167	2
PROVISIONAL_NOT_FROZEN	ENST00000286428	4
PROVISIONAL_NOT_FROZEN	ENST00000522050	1
PROVISIONAL_NOT_FROZEN	ENST00000541124	0
PROVISIONAL_NOT_FROZEN	ENST00000258761	3
PROVISIONAL_NOT_FROZEN	ENST00000575639	2
PROVISIONAL_NOT_FROZEN	ENST00000413258	2
PROVISIONAL_NOT_FROZEN	ENST00000479559	3
PROVISIONAL_NOT_FROZEN	ENST00000370015	3
PROVISIONAL_NOT_FROZEN	ENST00000309318	4
PROVISIONAL_NOT_FROZEN	ENST00000409617	3
PROVISIONAL_NOT_FROZEN	ENST00000474345	1
PROVISIONAL_NOT_FROZEN	ENST00000380527	3
PROVISIONAL_NOT_FROZEN	ENST00000558998	3
PROVISIONAL_NOT_FROZEN	ENST00000493646	0
PROVISIONAL_NOT_FROZEN	ENST00000448722	4
PROVISIONAL_NOT_FROZEN	ENST00000549712	2
PROVISIONAL_NOT_FROZEN	ENST00000590842	1
PROVISIONAL_NOT_FROZEN	ENST00000463409	1
PROVISIONAL_NOT_FROZEN	ENST00000487374	4
PROVISIONAL_NOT_FROZEN	ENST00000443943	0
PROVISIONAL_NOT_FROZEN	ENST00000466776	3
PROVISIONAL_NOT_FROZEN	ENST00000496370	4
PROVISIONAL_NOT_FROZEN	ENST00000372663	0
PROVISIONAL_NOT_FROZEN	ENST00000419065	0
PROVISIONAL_NOT_FROZEN	ENST00000367621	1
PROVISIONAL_NOT_FROZEN	ENST00000495843	3
PROVISIONAL_NOT_FROZEN	ENST00000320912	1
PROVISIONAL_NOT_FROZEN	ENST00000528831	4
PROVISIONAL_NOT_FROZEN	ENST00000368468	3
PROVISIONAL_NOT_FROZEN	ENST00000497298	4
PROVISIONAL_NOT_FROZEN	ENST00000525681	2
PROVISIONAL_NOT_FROZEN	ENST00000418705	1
PROVISIONAL_NOT_FROZEN	ENST00000348222	4
PROVISIONAL_NOT_FROZEN	ENST00000457660	1
PROVISIONAL_NOT_FROZEN	ENST00000585605	4
PROVISIONAL_NOT_FROZEN	ENST00000465083	1
PROVISIONAL_NOT_FROZEN	ENST00000498815	0
PROVISIONAL_NOT_FROZEN	ENST00000621358	1
PROVISIONAL_NOT_FROZEN	ENST00000259339	4
PROVISIONAL_NOT_FROZEN	ENST00000479307	1
PROVISIONAL_NOT_FROZEN	ENST00000589318	2
PROVISIONAL_NOT_FROZEN	ENST00000456936	2
PROVISIONAL_NOT_FROZEN	ENST00000507578	1
PROVISIONAL_NOT_FROZEN	ENST00000494601	1
PROVISIONAL_NOT_FROZEN	ENST00000488484	1
PROVISIONAL_NOT_FROZEN	ENST00000526786	4
PROVISIONAL_NOT_FROZEN	ENST00000253099	4
PROVISIONAL_NOT_FROZEN	ENST00000533172	0
PROVISIONAL_NOT_FROZEN	ENST00000621097	0
PROVISIONAL_NOT_FROZEN	ENST00000232905	4
PROVISIONAL_NOT_FROZEN	ENST00000382581	1
PROVISIONAL_NOT_FROZEN	ENST00000204549	2
PROVISIONAL_NOT_FROZEN	ENST00000246802	4
PROVISIONAL_NOT_FROZEN	ENST00000250113	2
PROVISIONAL_NOT_FROZEN	ENST00000505210	2
PROVISIONAL_NOT_FROZEN	ENST00000448875	2
PROVISIONAL_NOT_FROZEN	ENST00000463742	1
PROVISIONAL_NOT_FROZEN	ENST00000573029	2
PROVISIONAL_NOT_FROZEN	ENST00000593775	1
PROVISIONAL_NOT_FROZEN	ENST00000422457	1
PROVISIONAL_NOT_FROZEN	ENST00000480176	1
PROVISIONAL_NOT_FROZEN	ENST00000442087	2
PROVISIONAL_NOT_FROZEN	ENST00000597802	1
PROVISIONAL_NOT_FROZEN	ENST00000539140	3
PROVISIONAL_NOT_FROZEN	ENST00000475315	2
PROVISIONAL_NOT_FROZEN	ENST00000282276	1
PROVISIONAL_NOT_FROZEN	ENST00000470912	1
PROVISIONAL_NOT_FROZEN	ENST00000489905	1
PROVISIONAL_NOT_FROZEN	ENST00000530923	1
PROVISIONAL_NOT_FROZEN	ENST00000361851	3
PROVISIONAL_NOT_FROZEN	ENST00000544001	1
PROVISIONAL_NOT_FROZEN	ENST00000510001	2
PROVISIONAL_NOT_FROZEN	ENST00000262982	3
PROVISIONAL_NOT_FROZEN	ENST00000534590	3
PROVISIONAL_NOT_FROZEN	ENST00000482004	2
PROVISIONAL_NOT_FROZEN	ENST00000461993	1
PROVISIONAL_NOT_FROZEN	ENST00000483684	0
PROVISIONAL_NOT_FROZEN	ENST00000472747	3
PROVISIONAL_NOT_FROZEN	ENST00000380321	1
PROVISIONAL_NOT_FROZEN	ENST00000518560	2
PROVISIONAL_NOT_FROZEN	ENST00000427198	2
PROVISIONAL_NOT_FROZEN	ENST00000489537	4
PROVISIONAL_NOT_FROZEN	ENST00000469030	0
PROVISIONAL_NOT_FROZEN	ENST00000380872	4
PROVISIONAL_NOT_FROZEN	ENST00000528547	2
PROVISIONAL_NOT_FROZEN	ENST00000512088	3
PROVISIONAL_NOT_FROZEN	ENST00000487940	3
PROVISIONAL_NOT_FROZEN	ENST00000479586	1
PROVISIONAL_NOT_FROZEN	ENST00000595985	0
PROVISIONAL_NOT_FROZEN	ENST00000589852	1
PROVISIONAL_NOT_FROZEN	ENST00000557201	3
PROVISIONAL_NOT_FROZEN	ENST00000549128	3
PROVISIONAL_NOT_FROZEN	ENST00000586967	0
PROVISIONAL_NOT_FROZEN	ENST00000530019	2
PROVISIONAL_NOT_FROZEN	ENST00000531063	2
PROVISIONAL_NOT_FROZEN	ENST00000394485	1
PROVISIONAL_NOT_FROZEN	ENST00000588934	4
PROVISIONAL_NOT_FROZEN	ENST00000589520	3
PROVISIONAL_NOT_FROZEN	ENST00000377803	3
PROVISIONAL_NOT_FROZEN	ENST00000361532	3
PROVISIONAL_NOT_FROZEN	ENST00000446922	4
PROVISIONAL_NOT_FROZEN	ENST00000468092	1
PROVISIONAL_NOT_FROZEN	ENST00000588282	1
PROVISIONAL_NOT_FROZEN	ENST00000457967	3
PROVISIONAL_NOT_FROZEN	ENST00000251496	2
PROVISIONAL_NOT_FROZEN	ENST00000477244	4
PROVISIONAL_NOT_FROZEN	ENST00000442006	3
PROVISIONAL_NOT_FROZEN	ENST00000568588	3
PROVISIONAL_NOT_FROZEN	ENST00000333781	3
PROVISIONAL_NOT_FROZEN	ENST00000525470	0
PROVISIONAL_NOT_FROZEN	ENST00000436459	2
PROVISIONAL_NOT_FROZEN	ENST00000519328	4
PROVISIONAL_NOT_FROZEN	ENST00000535717	4
PROVISIONAL_NOT_FROZEN	ENST00000397666	1
PROVISIONAL_NOT_FROZEN	ENST00000589559	2
PROVISIONAL_NOT_FROZEN	ENST00000392290	1
PROVISIONAL_NOT_FROZEN	ENST00000523432	0
PROVISIONAL_NOT_FROZEN	ENST00000493886	4
PROVISIONAL_NOT_FROZEN	ENST00000261721	4
PROVISIONAL_NOT_FROZEN	ENST00000506267	4
PROVISIONAL_NOT_FROZEN	ENST00000368010	2
PROVISIONAL_NOT_FROZEN	ENST00000398110	0
PROVISIONAL_NOT_FROZEN	ENST00000337619	0
PROVISIONAL_NOT_FROZEN	ENST00000376759	4
PROVISIONAL_NOT_FROZEN	ENST00000398190	0
PROVISIONAL_NOT_FROZEN	ENST00000556813	0
PROVISIONAL_NOT_FROZEN	ENST00000394795	2
PROVISIONAL_NOT_FROZEN	ENST00000215793	4
PROVISIONAL_NOT_FROZEN	ENST00000542850	1
PROVISIONAL_NOT_FROZEN	ENST00000545210	4
PROVISIONAL_NOT_FROZEN	ENST00000435354	0
PROVISIONAL_NOT_FROZEN	ENST00000380237	4
PROVISIONAL_NOT_FROZEN	ENST00000310786	4
PROVISIONAL_NOT_FROZEN	ENST00000568830	1
PROVISIONAL_NOT_FROZEN	ENST00000348035	4
PROVISIONAL_NOT_FROZEN	ENST00000465560	2
PROVISIONAL_NOT_FROZEN	ENST00000290341	3
PROVISIONAL_NOT_FROZEN	ENST00000431816	3
PROVISIONAL_NOT_FROZEN	ENST00000455837	4
PROVISIONAL_NOT_FROZEN	ENST00000413289	3
PROVISIONAL_NOT_FROZEN	ENST00000586704	1
PROVISIONAL_NOT_FROZEN	ENST00000494658	3
PROVISIONAL_NOT_FROZEN	ENST00000527578	3
PROVISIONAL_NOT_FROZEN	ENST00000477256	2
PROVISIONAL_NOT_FROZEN	ENST00000520013	2
PROVISIONAL_NOT_FROZEN	ENST00000478502	4
PROVISIONAL_NOT_FROZEN	ENST00000597552	3
PROVISIONAL_NOT_FROZEN	ENST00000400094	2
PROVISIONAL_NOT_FROZEN	ENST00000521861	1
PROVISIONAL_NOT_FROZEN	ENST00000484240	1
PROVISIONAL_NOT_FROZEN	ENST00000488705	1
PROVISIONAL_NOT_FROZEN	ENST00000291458	4
PROVISIONAL_NOT_FROZEN	ENST00000565331	0
PROVISIONAL_NOT_FROZEN	ENST00000491249	1
PROVISIONAL_NOT_FROZEN	ENST00000409436	0
PROVISIONAL_NOT_FROZEN	ENST00000457472	1
PROVISIONAL_NOT_FROZEN	ENST00000530422	0
PROVISIONAL_NOT_FROZEN	ENST00000022615	0
PROVISIONAL_NOT_FROZEN	ENST00000477958	4
PROVISIONAL_NOT_FROZEN	ENST00000354831	1
PROVISIONAL_NOT_FROZEN	ENST00000354968	3
PROVISIONAL_NOT_FROZEN	ENST00000535095	3
PROVISIONAL_NOT_FROZEN	ENST00000462761	0
PROVISIONAL_NOT_FROZEN	ENST00000514682	0
PROVISIONAL_NOT_FROZEN	ENST00000543714	0
PROVISIONAL_NOT_FROZEN	ENST00000321728	3
PROVISIONAL_NOT_FROZEN	ENST00000498623	0
PROVISIONAL_NOT_FROZEN	ENST00000439640	0
PROVISIONAL_NOT_FROZEN	ENST00000530010	3
PROVISIONAL_NOT_FROZEN	ENST00000602710	3
PROVISIONAL_NOT_FROZEN	ENST00000366695	1
PROVISIONAL_NOT_FROZEN	ENST00000476196	1
PROVISIONAL_NOT_FROZEN	ENST00000517691	0
PROVISIONAL_NOT_FROZEN	ENST00000562794	1
PROVISIONAL_NOT_FROZEN	ENST00000454541	3
PROVISIONAL_NOT_FROZEN	ENST00000591016	0
PROVISIONAL_NOT_FROZEN	ENST00000340766	2
PROVISIONAL_NOT_FROZEN	ENST00000467810	0
PROVISIONAL_NOT_FROZEN	ENST00000514676	1
PROVISIONAL_NOT_FROZEN	ENST00000558102	0
PROVISIONAL_NOT_FROZEN	ENST00000394765	4
PROVISIONAL_NOT_FROZEN	ENST00000595002	4
PROVISIONAL_NOT_FROZEN	ENST00000484310	3
PROVISIONAL_NOT_FROZEN	ENST00000616066	0
PROVISIONAL_NOT_FROZEN	ENST00000409836	0
PROVISIONAL_NOT_FROZEN	ENST00000544188	4
PROVISIONAL_NOT_FROZEN	ENST00000630539	1
PROVISIONAL_NOT_FROZEN	ENST00000545764	2
PROVISIONAL_NOT_FROZEN	ENST00000367596	0
PROVISIONAL_NOT_FROZEN	ENST00000505007	2
PROVISIONAL_NOT_FROZEN	ENST00000559932	2
PROVISIONAL_NOT_FROZEN	ENST00000553474	4
PROVISIONAL_NOT_FROZEN	ENST00000547798	0
PROVISIONAL_NOT_FROZEN	ENST00000341426	4
PROVISIONAL_NOT_FROZEN	ENST00000522309	1
PROVISIONAL_NOT_FROZEN	ENST00000339812	3
PROVISIONAL_NOT_FROZEN	ENST00000418539	2
PROVISIONAL_NOT_FROZEN	ENST00000578544	2
PROVISIONAL_NOT_FROZEN	ENST00000203630	1
PROVISIONAL_NOT_FROZEN	ENST00000403172	0
PROVISIONAL_NOT_FROZEN	ENST00000406503	4
PROVISIONAL_NOT_FROZEN	ENST00000388090	0
PROVISIONAL_NOT_FROZEN	ENST00000399523	4
PROVISIONAL_NOT_FROZEN	ENST00000632040	3
PROVISIONAL_NOT_FROZEN	ENST00000491488	3
PROVISIONAL_NOT_FROZEN	ENST00000600836	4
PROVISIONAL_NOT_FROZEN	ENST00000479066	1
PROVISIONAL_NOT_FROZEN	ENST00000511700	1
PROVISIONAL_NOT_FROZEN	ENST00000540977	3
PROVISIONAL_NOT_FROZEN	ENST00000357790	4
PROVISIONAL_NOT_FROZEN	ENST00000582832	0
PROVISIONAL_NOT_FROZEN	ENST00000493186	2
PROVISIONAL_NOT_FROZEN	ENST00000531135	2
PROVISIONAL_NOT_FROZEN	ENST00000604507	4
PROVISIONAL_NOT_FROZEN	ENST00000585237	3
PROVISIONAL_NOT_FROZEN	ENST00000297156	3
PROVISIONAL_NOT_FROZEN	ENST00000480211	4
PROVISIONAL_NOT_FROZEN	ENST00000313899	1
PROVISIONAL_NOT_FROZEN	ENST00000474029	3
PROVISIONAL_NOT_FROZEN	ENST00000444439	3
PROVISIONAL_NOT_FROZEN	ENST00000447868	4
PROVISIONAL_NOT_FROZEN	ENST00000303151	2
PROVISIONAL_NOT_FROZEN	ENST00000393820	1
PROVISIONAL_NOT_FROZEN	ENST00000584600	3
PROVISIONAL_NOT_FROZEN	ENST00000469256	3
PROVISIONAL_NOT_FROZEN	ENST00000471641	4
PROVISIONAL_NOT_FROZEN	ENST00000396062	1
PROVISIONAL_NOT_FROZEN	ENST00000412524	0
PROVISIONAL_NOT_FROZEN	ENST00000598098	3
PROVISIONAL_NOT_FROZEN	ENST00000513799	1
PROVISIONAL_NOT_FROZEN	ENST00000462802	4
PROVISIONAL_NOT_FROZEN	ENST00000459899	3
PROVISIONAL_NOT_FROZEN	ENST00000257857	4
PROVISIONAL_NOT_FROZEN	ENST00000481508	3
PROVISIONAL_NOT_FROZEN	ENST00000530945	0
PROVISIONAL_NOT_FROZEN	ENST00000301587	3
PROVISIONAL_NOT_FROZEN	ENST00000260386	4
PROVISIONAL_NOT_FROZEN	ENST00000548674	1
PROVISIONAL_NOT_FROZEN	ENST00000483282	3
PROVISIONAL_NOT_FROZEN	ENST00000423216	1
PROVISIONAL_NOT_FROZEN	ENST00000081029	4
PROVISIONAL_NOT_FROZEN	ENST00000263974	1
PROVISIONAL_NOT_FROZEN	ENST00000548725	1
PROVISIONAL_NOT_FROZEN	ENST00000533138	2
PROVISIONAL_NOT_FROZEN	ENST00000352397	3
PROVISIONAL_NOT_FROZEN	ENST00000589590	4
PROVISIONAL_NOT_FROZEN	ENST00000588213	4
PROVISIONAL_NOT_FROZEN	ENST00000495092	0
PROVISIONAL_NOT_FROZEN	ENST00000487947	1
PROVISIONAL_NOT_FROZEN	ENST00000410111	1
PROVISIONAL_NOT_FROZEN	ENST00000259457	3
PROVISIONAL_NOT_FROZEN	ENST00000640901	2
PROVISIONAL_NOT_FROZEN	ENST00000284971	2
PROVISIONAL_NOT_FROZEN	ENST00000416000	3
PROVISIONAL_NOT_FROZEN	ENST00000376389	1
PROVISIONAL_NOT_FROZEN	ENST00000464920	2
PROVISIONAL_NOT_FROZEN	ENST00000619594	2
PROVISIONAL_NOT_FROZEN	ENST00000496543	2
PROVISIONAL_NOT_FROZEN	ENST00000638942	4
PROVISIONAL_NOT_FROZEN	ENST00000369144	1
PROVISIONAL_NOT_FROZEN	ENST00000409676	0
PROVISIONAL_NOT_FROZEN	ENST00000343968	0
PROVISIONAL_NOT_FROZEN	ENST00000565758	3
PROVISIONAL_NOT_FROZEN	ENST00000489050	4
PROVISIONAL_NOT_FROZEN	ENST00000586146	4
PROVISIONAL_NOT_FROZEN	ENST00000584141	4
PROVISIONAL_NOT_FROZEN	ENST00000416206	3
PROVISIONAL_NOT_FROZEN	ENST00000551291	1
PROVISIONAL_NOT_FROZEN	ENST00000370656	4
PROVISIONAL_NOT_FROZEN	ENST00000524204	1
PROVISIONAL_NOT_FROZEN	ENST00000531387	2
PROVISIONAL_NOT_FROZEN	ENST00000598188	3
PROVISIONAL_NOT_FROZEN	ENST00000392647	4
PROVISIONAL_NOT_FROZEN	ENST00000392865	3
PROVISIONAL_NOT_FROZEN	ENST00000512133	2
PROVISIONAL_NOT_FROZEN	ENST00000478027	3
PROVISIONAL_NOT_FROZEN	ENST00000391360	3
PROVISIONAL_NOT_FROZEN	ENST00000528499	0
PROVISIONAL_NOT_FROZEN	ENST00000466567	2
PROVISIONAL_NOT_FROZEN	ENST00000477624	4
PROVISIONAL_NOT_FROZEN	ENST00000524867	2
PROVISIONAL_NOT_FROZEN	ENST00000493700	3
PROVISIONAL_NOT_FROZEN	ENST00000519627	3
PROVISIONAL_NOT_FROZEN	ENST00000445950	1
PROVISIONAL_NOT_FROZEN	ENST00000480260	4
PROVISIONAL_NOT_FROZEN	ENST00000601053	1
PROVISIONAL_NOT_FROZEN	ENST00000452806	4
PROVISIONAL_NOT_FROZEN	ENST00000361036	1
PROVISIONAL_NOT_FROZEN	ENST00000345125	4
PROVISIONAL_NOT_FROZEN	ENST00000480353	3
PROVISIONAL_NOT_FROZEN	ENST00000520105	3
PROVISIONAL_NOT_FROZEN	ENST00000490105	1
PROVISIONAL_NOT_FROZEN	ENST00000547173	0
PROVISIONAL_NOT_FROZEN	ENST00000537798	3
PROVISIONAL_NOT_FROZEN	ENST00000521552	1
PROVISIONAL_NOT_FROZEN	ENST00000529158	1
PROVISIONAL_NOT_FROZEN	ENST00000464790	2
PROVISIONAL_NOT_FROZEN	ENST00000580567	2
PROVISIONAL_NOT_FROZEN	ENST00000532182	2
PROVISIONAL_NOT_FROZEN	ENST00000494618	0
PROVISIONAL_NOT_FROZEN	ENST00000395119	4
PROVISIONAL_NOT_FROZEN	ENST00000371142	2
PROVISIONAL_NOT_FROZEN	ENST00000491421	4
PROVISIONAL_NOT_FROZEN	ENST00000600864	2
PROVISIONAL_NOT_FROZEN	ENST00000455200	1
PROVISIONAL_NOT_FROZEN	ENST00000469584	1
PROVISIONAL_NOT_FROZEN	ENST00000581230	2
PROVISIONAL_NOT_FROZEN	ENST00000546965	2
PROVISIONAL_NOT_FROZEN	ENST00000584208	2
PROVISIONAL_NOT_FROZEN	ENST00000475573	2
PROVISIONAL_NOT_FROZEN	ENST00000368892	0
PROVISIONAL_NOT_FROZEN	ENST00000373433	1
PROVISIONAL_NOT_FROZEN	ENST00000372833	4
PROVISIONAL_NOT_FROZEN	ENST00000615326	3
PROVISIONAL_NOT_FROZEN	ENST00000546097	3
PROVISIONAL_NOT_FROZEN	ENST00000506765	2
PROVISIONAL_NOT_FROZEN	ENST00000494675	0
PROVISIONAL_NOT_FROZEN	ENST00000477404	2
PROVISIONAL_NOT_FROZEN	ENST00000405867	4
PROVISIONAL_NOT_FROZEN	ENST00000596232	0
PROVISIONAL_NOT_FROZEN	ENST00000414700	4
PROVISIONAL_NOT_FROZEN	ENST00000588780	1
PROVISIONAL_NOT_FROZEN	ENST00000587928	2
PROVISIONAL_NOT_FROZEN	ENST00000477685	1
PROVISIONAL_NOT_FROZEN	ENST00000566405	0
PROVISIONAL_NOT_FROZEN	ENST00000420846	4
PROVISIONAL_NOT_FROZEN	ENST00000324022	1
PROVISIONAL_NOT_FROZEN	ENST00000366690	0
PROVISIONAL_NOT_FROZEN	ENST00000442094	0
PROVISIONAL_NOT_FROZEN	ENST00000407193	2
PROVISIONAL_NOT_FROZEN	ENST00000557089	4
PROVISIONAL_NOT_FROZEN	ENST00000446897	3
PROVISIONAL_NOT_FROZEN	ENST00000578069	0
PROVISIONAL_NOT_FROZEN	ENST00000402924	2
PROVISIONAL_NOT_FROZEN	ENST00000522024	0
PROVISIONAL_NOT_FROZEN	ENST00000488670	3
PROVISIONAL_NOT_FROZEN	ENST00000398136	0
PROVISIONAL_NOT_FROZEN	ENST00000486380	0
PROVISIONAL_NOT_FROZEN	ENST00000488777	0
PROVISIONAL_NOT_FROZEN	ENST00000489662	2
PROVISIONAL_NOT_FROZEN	ENST00000594496	2
PROVISIONAL_NOT_FROZEN	ENST00000495111	2
PROVISIONAL_NOT_FROZEN	ENST00000422355	0
PROVISIONAL_NOT_FROZEN	ENST00000473455	1
PROVISIONAL_NOT_FROZEN	ENST00000561216	3
PROVISIONAL_NOT_FROZEN	ENST00000380323	1
PROVISIONAL_NOT_FROZEN	ENST00000384637	4
PROVISIONAL_NOT_FROZEN	ENST00000513451	3
PROVISIONAL_NOT_FROZEN	ENST00000436399	2
PROVISIONAL_NOT_FROZEN	ENST00000563092	3
PROVISIONAL_NOT_FROZEN	ENST00000337338	3
PROVISIONAL_NOT_FROZEN	ENST00000436644	0
PROVISIONAL_NOT_FROZEN	ENST00000478892	1
PROVISIONAL_NOT_FROZEN	ENST00000395236	2
PROVISIONAL_NOT_FROZEN	ENST00000005374	0
PROVISIONAL_NOT_FROZEN	ENST00000455864	1
PROVISIONAL_NOT_FROZEN	ENST00000550520	0
PROVISIONAL_NOT_FROZEN	ENST00000587146	1
PROVISIONAL_NOT_FROZEN	ENST00000548342	0
PROVISIONAL_NOT_FROZEN	ENST00000253247	3
PROVISIONAL_NOT_FROZEN	ENST00000617920	1
PROVISIONAL_NOT_FROZEN	ENST00000533000	0
PROVISIONAL_NOT_FROZEN	ENST00000547765	1
PROVISIONAL_NOT_FROZEN	ENST00000433603	4
PROVISIONAL_NOT_FROZEN	ENST00000493373	2
PROVISIONAL_NOT_FROZEN	ENST00000409038	2
PROVISIONAL_NOT_FROZEN	ENST00000445165	3
PROVISIONAL_NOT_FROZEN	ENST00000589361	3
PROVISIONAL_NOT_FROZEN	ENST00000271002	3
PROVISIONAL_NOT_FROZEN	ENST00000203407	3
PROVISIONAL_NOT_FROZEN	ENST00000519728	0
PROVISIONAL_NOT_FROZEN	ENST00000525777	2
PROVISIONAL_NOT_FROZEN	ENST00000337109	0
PROVISIONAL_NOT_FROZEN	ENST00000333762	4
PROVISIONAL_NOT_FROZEN	ENST00000291672	0
PROVISIONAL_NOT_FROZEN	ENST00000593264	1
PROVISIONAL_NOT_FROZEN	ENST00000261182	1
PROVISIONAL_NOT_FROZEN	ENST00000579984	3
PROVISIONAL_NOT_FROZEN	ENST00000367879	3
PROVISIONAL_NOT_FROZEN	ENST00000620747	2
PROVISIONAL_NOT_FROZEN	ENST00000490081	4
PROVISIONAL_NOT_FROZEN	ENST00000440699	0
PROVISIONAL_NOT_FROZEN	ENST00000333926	3
PROVISIONAL_NOT_FROZEN	ENST00000472624	3
PROVISIONAL_NOT_FROZEN	ENST00000518696	3
PROVISIONAL_NOT_FROZEN	ENST00000260118	0
PROVISIONAL_NOT_FROZEN	ENST00000599353	3
PROVISIONAL_NOT_FROZEN	ENST00000348547	3
PROVISIONAL_NOT_FROZEN	ENST00000377095	2
PROVISIONAL_NOT_FROZEN	ENST00000522161	4
PROVISIONAL_NOT_FROZEN	ENST00000488499	3
PROVISIONAL_NOT_FROZEN	ENST00000549592	3
PROVISIONAL_NOT_FROZEN	ENST00000307076	1
PROVISIONAL_NOT_FROZEN	ENST00000371033	0
PROVISIONAL_NOT_FROZEN	ENST00000585635	1
PROVISIONAL_NOT_FROZEN	ENST00000541842	1
PROVISIONAL_NOT_FROZEN	ENST00000455381	1
PROVISIONAL_NOT_FROZEN	ENST00000418740	0
PROVISIONAL_NOT_FROZEN	ENST00000599255	0
PROVISIONAL_NOT_FROZEN	ENST00000336314	2
PROVISIONAL_NOT_FROZEN	ENST00000194530	0
PROVISIONAL_NOT_FROZEN	ENST00000430466	3
PROVISIONAL_NOT_FROZEN	ENST00000522439	1
PROVISIONAL_NOT_FROZEN	ENST00000331925	2
PROVISIONAL_NOT_FROZEN	ENST00000472975	1
PROVISIONAL_NOT_FROZEN	ENST00000515770	3
PROVISIONAL_NOT_FROZEN	ENST00000397109	2
PROVISIONAL_NOT_FROZEN	ENST00000467439	1
PROVISIONAL_NOT_FROZEN	ENST00000586607	4
PROVISIONAL_NOT_FROZEN	ENST00000632506	3
PROVISIONAL_NOT_FROZEN	ENST00000473864	0
PROVISIONAL_NOT_FROZEN	ENST00000542729	1
PROVISIONAL_NOT_FROZEN	ENST00000264904	3
PROVISIONAL_NOT_FROZEN	ENST00000612200	4
PROVISIONAL_NOT_FROZEN	ENST00000424002	0
PROVISIONAL_NOT_FROZEN	ENST00000593827	4
PROVISIONAL_NOT_FROZEN	ENST00000173527	4
PROVISIONAL_NOT_FROZEN	ENST00000397972	3
PROVISIONAL_NOT_FROZEN	ENST00000313117	4
PROVISIONAL_NOT_FROZEN	ENST00000460320	4
PROVISIONAL_NOT_FROZEN	ENST00000554969	3
PROVISIONAL_NOT_FROZEN	ENST00000480207	2
PROVISIONAL_NOT_FROZEN	ENST00000399494	1
PROVISIONAL_NOT_FROZEN	ENST00000597656	2
PROVISIONAL_NOT_FROZEN	ENST00000381075	4
PROVISIONAL_NOT_FROZEN	ENST00000346916	0
PROVISIONAL_NOT_FROZEN	ENST00000269518	3
PROVISIONAL_NOT_FROZEN	ENST00000368325	4
PROVISIONAL_NOT_FROZEN	ENST00000455434	3
PROVISIONAL_NOT_FROZEN	ENST00000490101	4
PROVISIONAL_NOT_FROZEN	ENST00000459914	3
PROVISIONAL_NOT_FROZEN	ENST00000550152	1
PROVISIONAL_NOT_FROZEN	ENST00000468655	1
PROVISIONAL_NOT_FROZEN	ENST00000525451	0
PROVISIONAL_NOT_FROZEN	ENST00000420465	3
PROVISIONAL_NOT_FROZEN	ENST00000583899	0
PROVISIONAL_NOT_FROZEN	ENST00000535126	1
PROVISIONAL_NOT_FROZEN	ENST00000457263	2
PROVISIONAL_NOT_FROZEN	ENST00000256108	4
PROVISIONAL_NOT_FROZEN	ENST00000510923	0
PROVISIONAL_NOT_FROZEN	ENST00000522542	2
PROVISIONAL_NOT_FROZEN	ENST00000264279	4
PROVISIONAL_NOT_FROZEN	ENST00000493707	4
PROVISIONAL_NOT_FROZEN	ENST00000474192	3
PROVISIONAL_NOT_FROZEN	ENST00000581808	0
PROVISIONAL_NOT_FROZEN	ENST00000451734	0
PROVISIONAL_NOT_FROZEN	ENST00000397111	2
PROVISIONAL_NOT_FROZEN	ENST00000482086	3
PROVISIONAL_NOT_FROZEN	ENST00000446419	0
PROVISIONAL_NOT_FROZEN	ENST00000586270	4
PROVISIONAL_NOT_FROZEN	ENST00000438389	1
PROVISIONAL_NOT_FROZEN	ENST00000490218	3
PROVISIONAL_NOT_FROZEN	ENST00000243253	0
PROVISIONAL_NOT_FROZEN	ENST00000410084	3
PROVISIONAL_NOT_FROZEN	ENST00000432472	0
PROVISIONAL_NOT_FROZEN	ENST00000481168	2
PROVISIONAL_NOT_FROZEN	ENST00000525132	4
PROVISIONAL_NOT_FROZEN	ENST00000336283	2
PROVISIONAL_NOT_FROZEN	ENST00000514888	3
PROVISIONAL_NOT_FROZEN	ENST00000410049	1
PROVISIONAL_NOT_FROZEN	ENST00000554600	4
PROVISIONAL_NOT_FROZEN	ENST00000467736	4
PROVISIONAL_NOT_FROZEN	ENST00000477802	0
PROVISIONAL_NOT_FROZEN	ENST00000481802	2
PROVISIONAL_NOT_FROZEN	ENST00000547703	1
PROVISIONAL_NOT_FROZEN	ENST00000479366	2
PROVISIONAL_NOT_FROZEN	ENST00000476917	2
PROVISIONAL_NOT_FROZEN	ENST00000414870	0
PROVISIONAL_NOT_FROZEN	ENST00000439725	2
PROVISIONAL_NOT_FROZEN	ENST00000428008	1
PROVISIONAL_NOT_FROZEN	ENST00000349299	4
PROVISIONAL_NOT_FROZEN	ENST00000484408	2
PROVISIONAL_NOT_FROZEN	ENST00000448535	4
PROVISIONAL_NOT_FROZEN	ENST00000503682	0
PROVISIONAL_NOT_FROZEN	ENST00000462258	4
PROVISIONAL_NOT_FROZEN	ENST00000441429	3
PROVISIONAL_NOT_FROZEN	ENST00000588595	4
PROVISIONAL_NOT_FROZEN	ENST00000375650	0
PROVISIONAL_NOT_FROZEN	ENST00000467610	2
PROVISIONAL_NOT_FROZEN	ENST00000556908	4
PROVISIONAL_NOT_FROZEN	ENST00000450689	3
PROVISIONAL_NOT_FROZEN	ENST00000551286	0
PROVISIONAL_NOT_FROZEN	ENST00000465618	0
PROVISIONAL_NOT_FROZEN	ENST00000596049	1
PROVISIONAL_NOT_FROZEN	ENST00000390981	0
PROVISIONAL_NOT_FROZEN	ENST00000440913	2
PROVISIONAL_NOT_FROZEN	ENST00000485876	4
PROVISIONAL_NOT_FROZEN	ENST00000233609	4
PROVISIONAL_NOT_FROZEN	ENST00000226522	4
PROVISIONAL_NOT_FROZEN	ENST00000322623	1
PROVISIONAL_NOT_FROZEN	ENST00000378887	4
PROVISIONAL_NOT_FROZEN	ENST00000608951	2
PROVISIONAL_NOT_FROZEN	ENST00000581842	0
PROVISIONAL_NOT_FROZEN	ENST00000491999	4
PROVISIONAL_NOT_FROZEN	ENST00000588301	0
PROVISIONAL_NOT_FROZEN	ENST00000520168	2
PROVISIONAL_NOT_FROZEN	ENST00000397421	0
PROVISIONAL_NOT_FROZEN	ENST00000259056	3
PROVISIONAL_NOT_FROZEN	ENST00000441738	2
PROVISIONAL_NOT_FROZEN	ENST00000488395	3
PROVISIONAL_NOT_FROZEN	ENST00000502372	1
PROVISIONAL_NOT_FROZEN	ENST00000467777	0
PROVISIONAL_NOT_FROZEN	ENST00000537126	1
PROVISIONAL_NOT_FROZEN	ENST00000530368	2
PROVISIONAL_NOT_FROZEN	ENST00000456893	0
PROVISIONAL_NOT_FROZEN	ENST00000487122	1
PROVISIONAL_NOT_FROZEN	ENST00000510836	0
PROVISIONAL_NOT_FROZEN	ENST00000527646	1
PROVISIONAL_NOT_FROZEN	ENST00000424241	0
PROVISIONAL_NOT_FROZEN	ENST00000630839	0
PROVISIONAL_NOT_FROZEN	ENST00000275227	2
PROVISIONAL_NOT_FROZEN	ENST00000519413	3
PROVISIONAL_NOT_FROZEN	ENST00000286371	1
PROVISIONAL_NOT_FROZEN	ENST00000565525	4
PROVISIONAL_NOT_FROZEN	ENST00000591501	2
PROVISIONAL_NOT_FROZEN	ENST00000501597	0
PROVISIONAL_NOT_FROZEN	ENST00000331825	3
PROVISIONAL_NOT_FROZEN	ENST00000471326	3
PROVISIONAL_NOT_FROZEN	ENST00000517577	4
PROVISIONAL_NOT_FROZEN	ENST00000261024	4
PROVISIONAL_NOT_FROZEN	ENST00000566115	0
PROVISIONAL_NOT_FROZEN	ENST00000404458	0
PROVISIONAL_NOT_FROZEN	ENST00000553376	0
PROVISIONAL_NOT_FROZEN	ENST00000377773	2
PROVISIONAL_NOT_FROZEN	ENST00000621981	4
PROVISIONAL_NOT_FROZEN	ENST00000468667	2
PROVISIONAL_NOT_FROZEN	ENST00000479151	2
PROVISIONAL_NOT_FROZEN	ENST00000460124	4
PROVISIONAL_NOT_FROZEN	ENST00000477177	4
PROVISIONAL_NOT_FROZEN	ENST00000343788	0
PROVISIONAL_NOT_FROZEN	ENST00000507126	2
PROVISIONAL_NOT_FROZEN	ENST00000474568	0
PROVISIONAL_NOT_FROZEN	ENST00000312579	3
PROVISIONAL_NOT_FROZEN	ENST00000409180	0
PROVISIONAL_NOT_FROZEN	ENST00000478899	3
PROVISIONAL_NOT_FROZEN	ENST00000412124	0
PROVISIONAL_NOT_FROZEN	ENST00000492396	1
PROVISIONAL_NOT_FROZEN	ENST00000360128	1
PROVISIONAL_NOT_FROZEN	ENST00000464569	0
PROVISIONAL_NOT_FROZEN	ENST00000217446	0
PROVISIONAL_NOT_FROZEN	ENST00000560179	3
PROVISIONAL_NOT_FROZEN	ENST00000251654	3
PROVISIONAL_NOT_FROZEN	ENST00000455893	1
PROVISIONAL_NOT_FROZEN	ENST00000557141	2
PROVISIONAL_NOT_FROZEN	ENST00000603718	0
PROVISIONAL_NOT_FROZEN	ENST00000549043	1
PROVISIONAL_NOT_FROZEN	ENST00000506312	1
PROVISIONAL_NOT_FROZEN	ENST00000428058	4
PROVISIONAL_NOT_FROZEN	ENST00000521112	1
PROVISIONAL_NOT_FROZEN	ENST00000433922	3
PROVISIONAL_NOT_FROZEN	ENST00000472760	2
PROVISIONAL_NOT_FROZEN	ENST00000392249	0
PROVISIONAL_NOT_FROZEN	ENST00000488478	4
PROVISIONAL_NOT_FROZEN	ENST00000594583	3
PROVISIONAL_NOT_FROZEN	ENST00000354258	0
PROVISIONAL_NOT_FROZEN	ENST00000477442	4
PROVISIONAL_NOT_FROZEN	ENST00000436373	0
PROVISIONAL_NOT_FROZEN	ENST00000441932	3
PROVISIONAL_NOT_FROZEN	ENST00000397898	1
PROVISIONAL_NOT_FROZEN	ENST00000376256	2
PROVISIONAL_NOT_FROZEN	ENST00000465150	1
PROVISIONAL_NOT_FROZEN	ENST00000474048	1
PROVISIONAL_NOT_FROZEN	ENST00000416278	2
PROVISIONAL_NOT_FROZEN	ENST00000488856	3
PROVISIONAL_NOT_FROZEN	ENST00000307227	1
PROVISIONAL_NOT_FROZEN	ENST00000475680	4
PROVISIONAL_NOT_FROZEN	ENST00000444587	4
PROVISIONAL_NOT_FROZEN	ENST00000487779	1
PROVISIONAL_NOT_FROZEN	ENST00000370952	3
PROVISIONAL_NOT_FROZEN	ENST00000369305	3
PROVISIONAL_NOT_FROZEN	ENST00000400259	4
PROVISIONAL_NOT_FROZEN	ENST00000531796	3
PROVISIONAL_NOT_FROZEN	ENST00000600395	1
PROVISIONAL_NOT_FROZEN	ENST00000258962	2
PROVISIONAL_NOT_FROZEN	ENST00000399133	4
PROVISIONAL_NOT_FROZEN	ENST00000412786	1
PROVISIONAL_NOT_FROZEN	ENST00000412554	0
PROVISIONAL_NOT_FROZEN	ENST00000249269	3
PROVISIONAL_NOT_FROZEN	ENST00000524782	1
PROVISIONAL_NOT_FROZEN	ENST00000546217	2
PROVISIONAL_NOT_FROZEN	ENST00000245816	3
PROVISIONAL_NOT_FROZEN	ENST00000472088	3
PROVISIONAL_NOT_FROZEN	ENST00000422215	4
PROVISIONAL_NOT_FROZEN	ENST00000367048	0
PROVISIONAL_NOT_FROZEN	ENST00000463455	2
PROVISIONAL_NOT_FROZEN	ENST00000581384	0
PROVISIONAL_NOT_FROZEN	ENST00000530758	0
PROVISIONAL_NOT_FROZEN	ENST00000490519	0
PROVISIONAL_NOT_FROZEN	ENST00000510329	3
PROVISIONAL_NOT_FROZEN	ENST00000613970	0
PROVISIONAL_NOT_FROZEN	ENST00000420027	2
PROVISIONAL_NOT_FROZEN	ENST00000604929	3
PROVISIONAL_NOT_FROZEN	ENST00000487714	1
PROVISIONAL_NOT_FROZEN	ENST00000321926	0
PROVISIONAL_NOT_FROZEN	ENST00000243776	3
PROVISIONAL_NOT_FROZEN	ENST00000489353	4
PROVISIONAL_NOT_FROZEN	ENST00000346473	4
PROVISIONAL_NOT_FROZEN	ENST00000571538	0
PROVISIONAL_NOT_FROZEN	ENST00000411069	2
PROVISIONAL_NOT_FROZEN	ENST00000392221	0
PROVISIONAL_NOT_FROZEN	ENST00000574723	4
PROVISIONAL_NOT_FROZEN	ENST00000484162	3
PROVISIONAL_NOT_FROZEN	ENST00000264198	3
PROVISIONAL_NOT_FROZEN	ENST00000261416	4
PROVISIONAL_NOT_FROZEN	ENST00000439043	3
PROVISIONAL_NOT_FROZEN	ENST00000489654	4
PROVISIONAL_NOT_FROZEN	ENST00000411922	0
PROVISIONAL_NOT_FROZEN	ENST00000512821	4
PROVISIONAL_NOT_FROZEN	ENST00000489287	1
PROVISIONAL_NOT_FROZEN	ENST00000392369	0
PROVISIONAL_NOT_FROZEN	ENST00000521291	1
PROVISIONAL_NOT_FROZEN	ENST00000416137	4
PROVISIONAL_NOT_FROZEN	ENST00000524927	4
PROVISIONAL_NOT_FROZEN	ENST00000533597	3
PROVISIONAL_NOT_FROZEN	ENST00000474180	3
PROVISIONAL_NOT_FROZEN	ENST00000434555	3
PROVISIONAL_NOT_FROZEN	ENST00000592485	1
PROVISIONAL_NOT_FROZEN	ENST00000376566	2
PROVISIONAL_NOT_FROZEN	ENST00000585838	0
PROVISIONAL_NOT_FROZEN	ENST00000263256	1
PROVISIONAL_NOT_FROZEN	ENST00000517800	4
PROVISIONAL_NOT_FROZEN	ENST00000553753	3
PROVISIONAL_NOT_FROZEN	ENST00000470295	1
PROVISIONAL_NOT_FROZEN	ENST00000372890	4
PROVISIONAL_NOT_FROZEN	ENST00000596149	3
PROVISIONAL_NOT_FROZEN	ENST00000562336	0
PROVISIONAL_NOT_FROZEN	ENST00000370476	2
PROVISIONAL_NOT_FROZEN	ENST00000519690	2
PROVISIONAL_NOT_FROZEN	ENST00000426077	0
PROVISIONAL_NOT_FROZEN	ENST00000458464	1
PROVISIONAL_NOT_FROZEN	ENST00000402697	4
PROVISIONAL_NOT_FROZEN	ENST00000404147	1
PROVISIONAL_NOT_FROZEN	ENST00000372122	4
PROVISIONAL_NOT_FROZEN	ENST00000265881	1
PROVISIONAL_NOT_FROZEN	ENST00000339463	4
PROVISIONAL_NOT_FROZEN	ENST00000352203	3
PROVISIONAL_NOT_FROZEN	ENST00000496507	3
PROVISIONAL_NOT_FROZEN	ENST00000622257	0
PROVISIONAL_NOT_FROZEN	ENST00000411843	4
PROVISIONAL_NOT_FROZEN	ENST00000554243	2
PROVISIONAL_NOT_FROZEN	ENST00000510532	3
PROVISIONAL_NOT_FROZEN	ENST00000327134	0
PROVISIONAL_NOT_FROZEN	ENST00000545888	1
PROVISIONAL_NOT_FROZEN	ENST00000480487	0
PROVISIONAL_NOT_FROZEN	ENST00000445179	2
PROVISIONAL_NOT_FROZEN	ENST00000527548	3
PROVISIONAL_NOT_FROZEN	ENST00000478734	4
PROVISIONAL_NOT_FROZEN	ENST00000505164	3
PROVISIONAL_NOT_FROZEN	ENST00000466066	3
PROVISIONAL_NOT_FROZEN	ENST00000495212	0
PROVISIONAL_NOT_FROZEN	ENST00000590862	0
PROVISIONAL_NOT_FROZEN	ENST00000570801	1
PROVISIONAL_NOT_FROZEN	ENST00000375370	2
PROVISIONAL_NOT_FROZEN	ENST00000482111	4
PROVISIONAL_NOT_FROZEN	ENST00000550241	3
PROVISIONAL_NOT_FROZEN	ENST00000457607	3
PROVISIONAL_NOT_FROZEN	ENST00000477891	0
PROVISIONAL_NOT_FROZEN	ENST00000424236	0
PROVISIONAL_NOT_FROZEN	ENST00000450214	2
PROVISIONAL_NOT_FROZEN	ENST00000510231	1
PROVISIONAL_NOT_FROZEN	ENST00000484082	0
PROVISIONAL_NOT_FROZEN	ENST00000462296	2
PROVISIONAL_NOT_FROZEN	ENST00000577942	0
PROVISIONAL_NOT_FROZEN	ENST00000586014	1
PROVISIONAL_NOT_FROZEN	ENST00000540865	3
PROVISIONAL_NOT_FROZEN	ENST00000505243	0
PROVISIONAL_NOT_FROZEN	ENST00000418458	4
PROVISIONAL_NOT_FROZEN	ENST00000414849	4
PROVISIONAL_NOT_FROZEN	ENST00000539573	3
PROVISIONAL_NOT_FROZEN	ENST00000438607	4
PROVISIONAL_NOT_FROZEN	ENST00000452138	3
PROVISIONAL_NOT_FROZEN	ENST00000580833	3
PROVISIONAL_NOT_FROZEN	ENST00000459859	0
PROVISIONAL_NOT_FROZEN	ENST00000476382	0
PROVISIONAL_NOT_FROZEN	ENST00000532270	3
PROVISIONAL_NOT_FROZEN	ENST00000316059	0
PROVISIONAL_NOT_FROZEN	ENST00000486538	2
PROVISIONAL_NOT_FROZEN	ENST00000468312	0
PROVISIONAL_NOT_FROZEN	ENST00000372988	4
PROVISIONAL_NOT_FROZEN	ENST00000229810	1
PROVISIONAL_NOT_FROZEN	ENST00000461447	3
PROVISIONAL_NOT_FROZEN	ENST00000544786	3
PROVISIONAL_NOT_FROZEN	ENST00000356508	3
PROVISIONAL_NOT_FROZEN	ENST00000421641	4
PROVISIONAL_NOT_FROZEN	ENST00000428402	2
PROVISIONAL_NOT_FROZEN	ENST00000372259	0
PROVISIONAL_NOT_FROZEN	ENST00000477635	4
PROVISIONAL_NOT_FROZEN	ENST00000604304	4
PROVISIONAL_NOT_FROZEN	ENST00000451081	2
PROVISIONAL_NOT_FROZEN	ENST00000419968	0
PROVISIONAL_NOT_FROZEN	ENST00000315731	1
PROVISIONAL_NOT_FROZEN	ENST00000521476	3
PROVISIONAL_NOT_FROZEN	ENST00000438488	1
PROVISIONAL_NOT_FROZEN	ENST00000548091	2
PROVISIONAL_NOT_FROZEN	ENST00000367660	0
PROVISIONAL_NOT_FROZEN	ENST00000379463	4
PROVISIONAL_NOT_FROZEN	ENST00000461536	3
PROVISIONAL_NOT_FROZEN	ENST00000594828	2
PROVISIONAL_NOT_FROZEN	ENST00000491428	4
PROVISIONAL_NOT_FROZEN	ENST00000230056	3
PROVISIONAL_NOT_FROZEN	ENST00000332395	2
PROVISIONAL_NOT_FROZEN	ENST00000321945	4
PROVISIONAL_NOT_FROZEN	ENST00000474840	4
PROVISIONAL_NOT_FROZEN	ENST00000381750	1
PROVISIONAL_NOT_FROZEN	ENST00000484615	0
PROVISIONAL_NOT_FROZEN	ENST00000504878	0
PROVISIONAL_NOT_FROZEN	ENST00000507001	3
PROVISIONAL_NOT_FROZEN	ENST00000397572	0
PROVISIONAL_NOT_FROZEN	ENST00000579754	4
PROVISIONAL_NOT_FROZEN	ENST00000531523	3
PROVISIONAL_NOT_FROZEN	ENST00000587014	0
PROVISIONAL_NOT_FROZEN	ENST00000397239	3
PROVISIONAL_NOT_FROZEN	ENST00000314340	1
PROVISIONAL_NOT_FROZEN	ENST00000640041	4
PROVISIONAL_NOT_FROZEN	ENST00000360961	1
PROVISIONAL_NOT_FROZEN	ENST00000602795	0
PROVISIONAL_NOT_FROZEN	ENST00000505583	0
PROVISIONAL_NOT_FROZEN	ENST00000565990	3
PROVISIONAL_NOT_FROZEN	ENST00000481464	2
PROVISIONAL_NOT_FROZEN	ENST00000505110	0
PROVISIONAL_NOT_FROZEN	ENST00000405481	0
PROVISIONAL_NOT_FROZEN	ENST00000602252	3
PROVISIONAL_NOT_FROZEN	ENST00000529046	4
PROVISIONAL_NOT_FROZEN	ENST00000261531	1
PROVISIONAL_NOT_FROZEN	ENST00000548539	1
PROVISIONAL_NOT_FROZEN	ENST00000589992	4
PROVISIONAL_NOT_FROZEN	ENST00000533836	2
PROVISIONAL_NOT_FROZEN	ENST00000281141	1
PROVISIONAL_NOT_FROZEN	ENST00000358615	2
PROVISIONAL_NOT_FROZEN	ENST00000551217	0
PROVISIONAL_NOT_FROZEN	ENST00000263201	4
PROVISIONAL_NOT_FROZEN	ENST00000472321	2
PROVISIONAL_NOT_FROZEN	ENST00000437550	3
PROVISIONAL_NOT_FROZEN	ENST00000602875	2
PROVISIONAL_NOT_FROZEN	ENST00000507485	0
PROVISIONAL_NOT_FROZEN	ENST00000413643	2
PROVISIONAL_NOT_FROZEN	ENST00000542179	4
PROVISIONAL_NOT_FROZEN	ENST00000375203	4
PROVISIONAL_NOT_FROZEN	ENST00000398073	1
PROVISIONAL_NOT_FROZEN	ENST00000507191	3
PROVISIONAL_NOT_FROZEN	ENST00000489525	3
PROVISIONAL_NOT_FROZEN	ENST00000367332	3
PROVISIONAL_NOT_FROZEN	ENST00000451311	2
PROVISIONAL_NOT_FROZEN	ENST00000394803	1
PROVISIONAL_NOT_FROZEN	ENST00000527806	3
PROVISIONAL_NOT_FROZEN	ENST00000434232	4
PROVISIONAL_NOT_FROZEN	ENST00000379542	4
PROVISIONAL_NOT_FROZEN	ENST00000369404	1
PROVISIONAL_NOT_FROZEN	ENST00000530167	4
PROVISIONAL_NOT_FROZEN	ENST00000304218	4
PROVISIONAL_NOT_FROZEN	ENST00000397344	0
PROVISIONAL_NOT_FROZEN	ENST00000441378	0
PROVISIONAL_NOT_FROZEN	ENST00000592837	0
PROVISIONAL_NOT_FROZEN	ENST00000359624	1
PROVISIONAL_NOT_FROZEN	ENST00000599573	3
PROVISIONAL_NOT_FROZEN	ENST00000564525	3
PROVISIONAL_NOT_FROZEN	ENST00000357394	3
PROVISIONAL_NOT_FROZEN	ENST00000465573	0
PROVISIONAL_NOT_FROZEN	ENST00000393085	1
PROVISIONAL_NOT_FROZEN	ENST00000393128	3
PROVISIONAL_NOT_FROZEN	ENST00000487153	3
PROVISIONAL_NOT_FROZEN	ENST00000584058	2
PROVISIONAL_NOT_FROZEN	ENST00000555931	4
PROVISIONAL_NOT_FROZEN	ENST00000440137	2
PROVISIONAL_NOT_FROZEN	ENST00000337979	1
PROVISIONAL_NOT_FROZEN	ENST00000470168	3
PROVISIONAL_NOT_FROZEN	ENST00000394642	1
PROVISIONAL_NOT_FROZEN	ENST00000396225	4
PROVISIONAL_NOT_FROZEN	ENST00000601521	3
PROVISIONAL_NOT_FROZEN	ENST00000492564	1
PROVISIONAL_NOT_FROZEN	ENST00000528619	0
PROVISIONAL_NOT_FROZEN	ENST00000521236	1
PROVISIONAL_NOT_FROZEN	ENST00000473915	3
PROVISIONAL_NOT_FROZEN	ENST00000596415	2
PROVISIONAL_NOT_FROZEN	ENST00000425565	1
PROVISIONAL_NOT_FROZEN	ENST00000489742	2
PROVISIONAL_NOT_FROZEN	ENST00000591784	2
PROVISIONAL_NOT_FROZEN	ENST00000413576	3
PROVISIONAL_NOT_FROZEN	ENST00000593035	1
PROVISIONAL_NOT_FROZEN	ENST00000524606	4
PROVISIONAL_NOT_FROZEN	ENST00000510664	1
PROVISIONAL_NOT_FROZEN	ENST00000297185	0
PROVISIONAL_NOT_FROZEN	ENST00000596123	0
PROVISIONAL_NOT_FROZEN	ENST00000411660	3
PROVISIONAL_NOT_FROZEN	ENST00000488496	2
PROVISIONAL_NOT_FROZEN	ENST00000493694	2
PROVISIONAL_NOT_FROZEN	ENST00000505307	1
PROVISIONAL_NOT_FROZEN	ENST00000616140	1
PROVISIONAL_NOT_FROZEN	ENST00000223361	0
PROVISIONAL_NOT_FROZEN	ENST00000393399	0
PROVISIONAL_NOT_FROZEN	ENST00000622390	0
PROVISIONAL_NOT_FROZEN	ENST00000587838	0
PROVISIONAL_NOT_FROZEN	ENST00000640977	2
PROVISIONAL_NOT_FROZEN	ENST00000589878	2
PROVISIONAL_NOT_FROZEN	ENST00000602206	1
PROVISIONAL_NOT_FROZEN	ENST00000224862	0
PROVISIONAL_NOT_FROZEN	ENST00000416734	4
PROVISIONAL_NOT_FROZEN	ENST00000523245	2
PROVISIONAL_NOT_FROZEN	ENST00000340852	3
PROVISIONAL_NOT_FROZEN	ENST00000541064	0
PROVISIONAL_NOT_FROZEN	ENST00000577396	0
PROVISIONAL_NOT_FROZEN	ENST00000333676	0
PROVISIONAL_NOT_FROZEN	ENST00000411646	0
PROVISIONAL_NOT_FROZEN	ENST00000455497	0
PROVISIONAL_NOT_FROZEN	ENST00000509317	0
PROVISIONAL_NOT_FROZEN	ENST00000444945	2
PROVISIONAL_NOT_FROZEN	ENST00000597224	0
PROVISIONAL_NOT_FROZEN	ENST00000481006	0
PROVISIONAL_NOT_FROZEN	ENST00000495549	2
PROVISIONAL_NOT_FROZEN	ENST00000503151	1
PROVISIONAL_NOT_FROZEN	ENST00000544816	1
PROVISIONAL_NOT_FROZEN	ENST00000455784	2
PROVISIONAL_NOT_FROZEN	ENST00000342454	2
PROVISIONAL_NOT_FROZEN	ENST00000472800	1
PROVISIONAL_NOT_FROZEN	ENST00000301905	4
PROVISIONAL_NOT_FROZEN	ENST00000301634	0
PROVISIONAL_NOT_FROZEN	ENST00000599733	3
PROVISIONAL_NOT_FROZEN	ENST00000228827	2
PROVISIONAL_NOT_FROZEN	ENST00000356769	4
PROVISIONAL_NOT_FROZEN	ENST00000594908	3
PROVISIONAL_NOT_FROZEN	ENST00000415804	2
PROVISIONAL_NOT_FROZEN	ENST00000538434	4
PROVISIONAL_NOT_FROZEN	ENST00000488034	4
PROVISIONAL_NOT_FROZEN	ENST00000360771	1
PROVISIONAL_NOT_FROZEN	ENST00000409587	3
PROVISIONAL_NOT_FROZEN	ENST00000416718	3
PROVISIONAL_NOT_FROZEN	ENST00000259667	4
PROVISIONAL_NOT_FROZEN	ENST00000613956	3
PROVISIONAL_NOT_FROZEN	ENST00000449062	0
PROVISIONAL_NOT_FROZEN	ENST00000411577	3
PROVISIONAL_NOT_FROZEN	ENST00000470395	0
PROVISIONAL_NOT_FROZEN	ENST00000301821	3
PROVISIONAL_NOT_FROZEN	ENST00000528070	0
PROVISIONAL_NOT_FROZEN	ENST00000472808	1
PROVISIONAL_NOT_FROZEN	ENST00000288607	1
PROVISIONAL_NOT_FROZEN	ENST00000400181	1
PROVISIONAL_NOT_FROZEN	ENST00000514458	2
PROVISIONAL_NOT_FROZEN	ENST00000523203	0
PROVISIONAL_NOT_FROZEN	ENST00000439936	0
PROVISIONAL_NOT_FROZEN	ENST00000512707	2
PROVISIONAL_NOT_FROZEN	ENST00000486951	3
PROVISIONAL_NOT_FROZEN	ENST00000429658	3
PROVISIONAL_NOT_FROZEN	ENST00000342690	0
PROVISIONAL_NOT_FROZEN	ENST00000428106	3
PROVISIONAL_NOT_FROZEN	ENST00000381815	1
PROVISIONAL_NOT_FROZEN	ENST00000520944	1
PROVISIONAL_NOT_FROZEN	ENST00000588802	4
PROVISIONAL_NOT_FROZEN	ENST00000392177	1
PROVISIONAL_NOT_FROZEN	ENST00000593029	1
PROVISIONAL_NOT_FROZEN	ENST00000596070	3
PROVISIONAL_NOT_FROZEN	ENST00000437072	4
PROVISIONAL_NOT_FROZEN	ENST00000592727	3
PROVISIONAL_NOT_FROZEN	ENST00000535689	3
PROVISIONAL_NOT_FROZEN	ENST00000503216	3
PROVISIONAL_NOT_FROZEN	ENST00000526368	3
PROVISIONAL_NOT_FROZEN	ENST00000444415	2
PROVISIONAL_NOT_FROZEN	ENST00000306388	1
PROVISIONAL_NOT_FROZEN	ENST00000223127	1
PROVISIONAL_NOT_FROZEN	ENST00000261192	2
PROVISIONAL_NOT_FROZEN	ENST00000470544	1
PROVISIONAL_NOT_FROZEN	ENST00000293362	0
PROVISIONAL_NOT_FROZEN	ENST00000590885	1
PROVISIONAL_NOT_FROZEN	ENST00000507378	4
PROVISIONAL_NOT_FROZEN	ENST00000456565	4
PROVISIONAL_NOT_FROZEN	ENST00000235329	1
PROVISIONAL_NOT_FROZEN	ENST00000492727	3
PROVISIONAL_NOT_FROZEN	ENST00000513139	3
PROVISIONAL_NOT_FROZEN	ENST00000489673	1
PROVISIONAL_NOT_FROZEN	ENST00000301740	0
PROVISIONAL_NOT_FROZEN	ENST00000599761	1
PROVISIONAL_NOT_FROZEN	ENST00000440352	2
PROVISIONAL_NOT_FROZEN	ENST00000531480	1
PROVISIONAL_NOT_FROZEN	ENST00000368881	3
PROVISIONAL_NOT_FROZEN	ENST00000365467	0
PROVISIONAL_NOT_FROZEN	ENST00000339872	1
PROVISIONAL_NOT_FROZEN	ENST00000574838	1
PROVISIONAL_NOT_FROZEN	ENST00000438754	2
PROVISIONAL_NOT_FROZEN	ENST00000483552	4
PROVISIONAL_NOT_FROZEN	ENST00000454916	3
PROVISIONAL_NOT_FROZEN	ENST00000426447	3
PROVISIONAL_NOT_FROZEN	ENST00000370110	3
PROVISIONAL_NOT_FROZEN	ENST00000471204	2
PROVISIONAL_NOT_FROZEN	ENST00000286953	4
PROVISIONAL_NOT_FROZEN	ENST00000596046	3
PROVISIONAL_NOT_FROZEN	ENST00000548985	2
PROVISIONAL_NOT_FROZEN	ENST00000455547	2
PROVISIONAL_NOT_FROZEN	ENST00000381899	4
PROVISIONAL_NOT_FROZEN	ENST00000479802	3
PROVISIONAL_NOT_FROZEN	ENST00000528847	2
PROVISIONAL_NOT_FROZEN	ENST00000507721	2
PROVISIONAL_NOT_FROZEN	ENST00000637281	4
PROVISIONAL_NOT_FROZEN	ENST00000473620	4
PROVISIONAL_NOT_FROZEN	ENST00000375436	2
PROVISIONAL_NOT_FROZEN	ENST00000408941	2
PROVISIONAL_NOT_FROZEN	ENST00000330137	0
PROVISIONAL_NOT_FROZEN	ENST00000495187	4
PROVISIONAL_NOT_FROZEN	ENST00000449049	4
PROVISIONAL_NOT_FROZEN	ENST00000636263	4
PROVISIONAL_NOT_FROZEN	ENST00000512561	2
PROVISIONAL_NOT_FROZEN	ENST00000492511	2
PROVISIONAL_NOT_FROZEN	ENST00000552528	1
PROVISIONAL_NOT_FROZEN	ENST00000414689	3
PROVISIONAL_NOT_FROZEN	ENST00000409194	0
PROVISIONAL_NOT_FROZEN	ENST00000471867	3
PROVISIONAL_NOT_FROZEN	ENST00000512576	3
PROVISIONAL_NOT_FROZEN	ENST00000334660	1
PROVISIONAL_NOT_FROZEN	ENST00000512484	0
PROVISIONAL_NOT_FROZEN	ENST00000511381	2
PROVISIONAL_NOT_FROZEN	ENST00000508044	1
PROVISIONAL_NOT_FROZEN	ENST00000590194	2
PROVISIONAL_NOT_FROZEN	ENST00000485763	3
PROVISIONAL_NOT_FROZEN	ENST00000332290	4
PROVISIONAL_NOT_FROZEN	ENST00000372677	0
PROVISIONAL_NOT_FROZEN	ENST00000610522	4
PROVISIONAL_NOT_FROZEN	ENST00000423240	1
PROVISIONAL_NOT_FROZEN	ENST00000588705	4
PROVISIONAL_NOT_FROZEN	ENST00000596427	2
PROVISIONAL_NOT_FROZEN	ENST00000369815	1
PROVISIONAL_NOT_FROZEN	ENST00000378913	2
PROVISIONAL_NOT_FROZEN	ENST00000493466	3
PROVISIONAL_NOT_FROZEN	ENST00000293422	1
PROVISIONAL_NOT_FROZEN	ENST00000528142	2
PROVISIONAL_NOT_FROZEN	ENST00000340385	0
PROVISIONAL_NOT_FROZEN	ENST00000544920	2
PROVISIONAL_NOT_FROZEN	ENST00000441690	3
PROVISIONAL_NOT_FROZEN	ENST00000510155	2
PROVISIONAL_NOT_FROZEN	ENST00000371699	2
PROVISIONAL_NOT_FROZEN	ENST00000543613	1
PROVISIONAL_NOT_FROZEN	ENST00000531779	3
PROVISIONAL_NOT_FROZEN	ENST00000488097	3
PROVISIONAL_NOT_FROZEN	ENST00000265062	2
PROVISIONAL_NOT_FROZEN	ENST00000503014	2
PROVISIONAL_NOT_FROZEN	ENST00000272444	0
PROVISIONAL_NOT_FROZEN	ENST00000476434	4
PROVISIONAL_NOT_FROZEN	ENST00000514611	2
PROVISIONAL_NOT_FROZEN	ENST00000246337	3
PROVISIONAL_NOT_FROZEN	ENST00000555063	2
PROVISIONAL_NOT_FROZEN	ENST00000552397	4
PROVISIONAL_NOT_FROZEN	ENST00000531306	0
PROVISIONAL_NOT_FROZEN	ENST00000460408	1
PROVISIONAL_NOT_FROZEN	ENST00000432786	0
PROVISIONAL_NOT_FROZEN	ENST00000602021	2
PROVISIONAL_NOT_FROZEN	ENST00000267842	4
PROVISIONAL_NOT_FROZEN	ENST00000449480	0
PROVISIONAL_NOT_FROZEN	ENST00000484775	4
PROVISIONAL_NOT_FROZEN	ENST00000262197	0
PROVISIONAL_NOT_FROZEN	ENST00000414487	0
PROVISIONAL_NOT_FROZEN	ENST00000521655	2
PROVISIONAL_NOT_FROZEN	ENST00000336452	1
PROVISIONAL_NOT_FROZEN	ENST00000505012	0
PROVISIONAL_NOT_FROZEN	ENST00000256196	4
PROVISIONAL_NOT_FROZEN	ENST00000502423	2
PROVISIONAL_NOT_FROZEN	ENST00000436986	1
PROVISIONAL_NOT_FROZEN	ENST00000530054	4
PROVISIONAL_NOT_FROZEN	ENST00000312515	4
PROVISIONAL_NOT_FROZEN	ENST00000466234	0
PROVISIONAL_NOT_FROZEN	ENST00000300935	3
PROVISIONAL_NOT_FROZEN	ENST00000520876	0
PROVISIONAL_NOT_FROZEN	ENST00000419343	0
PROVISIONAL_NOT_FROZEN	ENST00000433271	2
PROVISIONAL_NOT_FROZEN	ENST00000638356	1
PROVISIONAL_NOT_FROZEN	ENST00000548273	1
PROVISIONAL_NOT_FROZEN	ENST00000405484	0
PROVISIONAL_NOT_FROZEN	ENST00000465017	0
PROVISIONAL_NOT_FROZEN	ENST00000521289	1
PROVISIONAL_NOT_FROZEN	ENST00000447298	2
PROVISIONAL_NOT_FROZEN	ENST00000421487	2
PROVISIONAL_NOT_FROZEN	ENST00000367419	0
PROVISIONAL_NOT_FROZEN	ENST00000372734	3
PROVISIONAL_NOT_FROZEN	ENST00000484967	4
PROVISIONAL_NOT_FROZEN	ENST00000395484	0
PROVISIONAL_NOT_FROZEN	ENST00000573478	3
PROVISIONAL_NOT_FROZEN	ENST00000394609	0
PROVISIONAL_NOT_FROZEN	ENST00000294785	0
PROVISIONAL_NOT_FROZEN	ENST00000382452	1
PROVISIONAL_NOT_FROZEN	ENST00000584279	2
PROVISIONAL_NOT_FROZEN	ENST00000634617	3
PROVISIONAL_NOT_FROZEN	ENST00000260810	3
PROVISIONAL_NOT_FROZEN	ENST00000468711	1
PROVISIONAL_NOT_FROZEN	ENST00000531366	2
PROVISIONAL_NOT_FROZEN	ENST00000557569	4
PROVISIONAL_NOT_FROZEN	ENST00000461370	3
PROVISIONAL_NOT_FROZEN	ENST00000373408	1
PROVISIONAL_NOT_FROZEN	ENST00000479414	4
PROVISIONAL_NOT_FROZEN	ENST00000521603	4
PROVISIONAL_NOT_FROZEN	ENST00000578397	1
PROVISIONAL_NOT_FROZEN	ENST00000591906	1
PROVISIONAL_NOT_FROZEN	ENST00000483187	0
PROVISIONAL_NOT_FROZEN	ENST00000548630	1
PROVISIONAL_NOT_FROZEN	ENST00000541887	4
PROVISIONAL_NOT_FROZEN	ENST00000476531	4
PROVISIONAL_NOT_FROZEN	ENST00000298049	1
PROVISIONAL_NOT_FROZEN	ENST00000278100	1
PROVISIONAL_NOT_FROZEN	ENST00000376769	3
PROVISIONAL_NOT_FROZEN	ENST00000599234	3
PROVISIONAL_NOT_FROZEN	ENST00000261868	2
PROVISIONAL_NOT_FROZEN	ENST00000497325	3
PROVISIONAL_NOT_FROZEN	ENST00000481386	2
PROVISIONAL_NOT_FROZEN	ENST00000567312	3
PROVISIONAL_NOT_FROZEN	ENST00000226798	3
PROVISIONAL_NOT_FROZEN	ENST00000532202	0
PROVISIONAL_NOT_FROZEN	ENST00000301012	0
PROVISIONAL_NOT_FROZEN	ENST00000601645	4
PROVISIONAL_NOT_FROZEN	ENST00000468861	2
PROVISIONAL_NOT_FROZEN	ENST00000558401	0
PROVISIONAL_NOT_FROZEN	ENST00000238688	2
PROVISIONAL_NOT_FROZEN	ENST00000513677	0
PROVISIONAL_NOT_FROZEN	ENST00000374594	4
PROVISIONAL_NOT_FROZEN	ENST00000485641	0
PROVISIONAL_NOT_FROZEN	ENST00000573618	2
PROVISIONAL_NOT_FROZEN	ENST00000473593	4
PROVISIONAL_NOT_FROZEN	ENST00000488388	3
PROVISIONAL_NOT_FROZEN	ENST00000514176	2
PROVISIONAL_NOT_FROZEN	ENST00000308162	0
PROVISIONAL_NOT_FROZEN	ENST00000481061	0
PROVISIONAL_NOT_FROZEN	ENST00000571732	1
PROVISIONAL_NOT_FROZEN	ENST00000540209	2
PROVISIONAL_NOT_FROZEN	ENST00000453115	2
PROVISIONAL_NOT_FROZEN	ENST00000343028	3
PROVISIONAL_NOT_FROZEN	ENST00000361441	0
PROVISIONAL_NOT_FROZEN	ENST00000456025	3
PROVISIONAL_NOT_FROZEN	ENST00000430101	3
PROVISIONAL_NOT_FROZEN	ENST00000372945	0
PROVISIONAL_NOT_FROZEN	ENST00000374403	1
PROVISIONAL_NOT_FROZEN	ENST00000483765	2
PROVISIONAL_NOT_FROZEN	ENST00000409000	2
PROVISIONAL_NOT_FROZEN	ENST00000461125	3
PROVISIONAL_NOT_FROZEN	ENST00000196061	0
PROVISIONAL_NOT_FROZEN	ENST00000597731	1
PROVISIONAL_NOT_FROZEN	ENST00000529772	2
PROVISIONAL_NOT_FROZEN	ENST00000370053	2
PROVISIONAL_NOT_FROZEN	ENST00000552067	4
PROVISIONAL_NOT_FROZEN	ENST00000593287	2
PROVISIONAL_NOT_FROZEN	ENST00000371614	0
PROVISIONAL_NOT_FROZEN	ENST00000598884	4
PROVISIONAL_NOT_FROZEN	ENST00000565658	0
PROVISIONAL_NOT_FROZEN	ENST00000424390	1
PROVISIONAL_NOT_FROZEN	ENST00000523847	0
PROVISIONAL_NOT_FROZEN	ENST00000465387	2
PROVISIONAL_NOT_FROZEN	ENST00000525954	2
PROVISIONAL_NOT_FROZEN	ENST00000552590	1
PROVISIONAL_NOT_FROZEN	ENST00000593027	0
PROVISIONAL_NOT_FROZEN	ENST00000521309	2
PROVISIONAL_NOT_FROZEN	ENST00000421291	3
PROVISIONAL_NOT_FROZEN	ENST00000589838	0
PROVISIONAL_NOT_FROZEN	ENST00000441869	3
PROVISIONAL_NOT_FROZEN	ENST00000464167	3
PROVISIONAL_NOT_FROZEN	ENST00000240488	2
PROVISIONAL_NOT_FROZEN	ENST00000468153	2
PROVISIONAL_NOT_FROZEN	ENST00000441433	3
PROVISIONAL_NOT_FROZEN	ENST00000603319	3
PROVISIONAL_NOT_FROZEN	ENST00000432343	3
PROVISIONAL_NOT_FROZEN	ENST00000308025	1
PROVISIONAL_NOT_FROZEN	ENST00000326873	3
PROVISIONAL_NOT_FROZEN	ENST00000367925	2
PROVISIONAL_NOT_FROZEN	ENST00000463671	2
PROVISIONAL_NOT_FROZEN	ENST00000436473	2
PROVISIONAL_NOT_FROZEN	ENST00000414276	2
PROVISIONAL_NOT_FROZEN	ENST00000220166	3
PROVISIONAL_NOT_FROZEN	ENST00000370641	2
PROVISIONAL_NOT_FROZEN	ENST00000340413	2
PROVISIONAL_NOT_FROZEN	ENST00000473406	0
PROVISIONAL_NOT_FROZEN	ENST00000467249	2
PROVISIONAL_NOT_FROZEN	ENST00000354359	1
PROVISIONAL_NOT_FROZEN	ENST00000469844	3
PROVISIONAL_NOT_FROZEN	ENST00000511469	3
PROVISIONAL_NOT_FROZEN	ENST00000542344	1
PROVISIONAL_NOT_FROZEN	ENST00000493013	2
PROVISIONAL_NOT_FROZEN	ENST00000370562	1
PROVISIONAL_NOT_FROZEN	ENST00000240316	1
PROVISIONAL_NOT_FROZEN	ENST00000601043	3
PROVISIONAL_NOT_FROZEN	ENST00000629042	0
PROVISIONAL_NOT_FROZEN	ENST00000477007	3
PROVISIONAL_NOT_FROZEN	ENST00000487519	2
PROVISIONAL_NOT_FROZEN	ENST00000509380	0
PROVISIONAL_NOT_FROZEN	ENST00000488779	0
PROVISIONAL_NOT_FROZEN	ENST00000321265	1
PROVISIONAL_NOT_FROZEN	ENST00000263270	3
PROVISIONAL_NOT_FROZEN	ENST00000381700	0
PROVISIONAL_NOT_FROZEN	ENST00000392659	2
PROVISIONAL_NOT_FROZEN	ENST00000572316	3
PROVISIONAL_NOT_FROZEN	ENST00000588673	3
PROVISIONAL_NOT_FROZEN	ENST00000571024	2
PROVISIONAL_NOT_FROZEN	ENST00000427812	3
PROVISIONAL_NOT_FROZEN	ENST00000425640	0
PROVISIONAL_NOT_FROZEN	ENST00000556221	4
PROVISIONAL_NOT_FROZEN	ENST00000439918	2
PROVISIONAL_NOT_FROZEN	ENST00000617523	0
PROVISIONAL_NOT_FROZEN	ENST00000508368	4
PROVISIONAL_NOT_FROZEN	ENST00000552490	3
PROVISIONAL_NOT_FROZEN	ENST00000327435	2
PROVISIONAL_NOT_FROZEN	ENST00000523659	0
PROVISIONAL_NOT_FROZEN	ENST00000559647	3
PROVISIONAL_NOT_FROZEN	ENST00000392456	2
PROVISIONAL_NOT_FROZEN	ENST00000588965	4
PROVISIONAL_NOT_FROZEN	ENST00000535854	4
PROVISIONAL_NOT_FROZEN	ENST00000477347	0
PROVISIONAL_NOT_FROZEN	ENST00000397886	4
PROVISIONAL_NOT_FROZEN	ENST00000374231	0
PROVISIONAL_NOT_FROZEN	ENST00000347703	4
PROVISIONAL_NOT_FROZEN	ENST00000323666	3
PROVISIONAL_NOT_FROZEN	ENST00000590500	1
PROVISIONAL_NOT_FROZEN	ENST00000535343	1
PROVISIONAL_NOT_FROZEN	ENST00000448642	3
PROVISIONAL_NOT_FROZEN	ENST00000467281	1
PROVISIONAL_NOT_FROZEN	ENST00000483853	3
PROVISIONAL_NOT_FROZEN	ENST00000611606	3
PROVISIONAL_NOT_FROZEN	ENST00000561077	4
PROVISIONAL_NOT_FROZEN	ENST00000599004	2
PROVISIONAL_NOT_FROZEN	ENST00000576674	0
PROVISIONAL_NOT_FROZEN	ENST00000522072	1
PROVISIONAL_NOT_FROZEN	ENST00000422569	0
PROVISIONAL_NOT_FROZEN	ENST00000399098	0
PROVISIONAL_NOT_FROZEN	ENST00000470973	0
PROVISIONAL_NOT_FROZEN	ENST00000194118	4
PROVISIONAL_NOT_FROZEN	ENST00000528763	0
PROVISIONAL_NOT_FROZEN	ENST00000379982	1
PROVISIONAL_NOT_FROZEN	ENST00000586795	2
PROVISIONAL_NOT_FROZEN	ENST00000367089	2
PROVISIONAL_NOT_FROZEN	ENST00000465645	3
PROVISIONAL_NOT_FROZEN	ENST00000275732	0
PROVISIONAL_NOT_FROZEN	ENST00000242576	2
PROVISIONAL_NOT_FROZEN	ENST00000470347	0
PROVISIONAL_NOT_FROZEN	ENST00000489455	3
PROVISIONAL_NOT_FROZEN	ENST00000487199	1
PROVISIONAL_NOT_FROZEN	ENST00000425778	4
PROVISIONAL_NOT_FROZEN	ENST00000438317	3
PROVISIONAL_NOT_FROZEN	ENST00000550776	4
PROVISIONAL_NOT_FROZEN	ENST00000592414	4
PROVISIONAL_NOT_FROZEN	ENST00000458695	2
PROVISIONAL_NOT_FROZEN	ENST00000494136	2
PROVISIONAL_NOT_FROZEN	ENST00000316509	3
PROVISIONAL_NOT_FROZEN	ENST00000401543	1
PROVISIONAL_NOT_FROZEN	ENST00000506654	3
PROVISIONAL_NOT_FROZEN	ENST00000619109	0
PROVISIONAL_NOT_FROZEN	ENST00000523016	1
PROVISIONAL_NOT_FROZEN	ENST00000553981	2
PROVISIONAL_NOT_FROZEN	ENST00000538171	0
PROVISIONAL_NOT_FROZEN	ENST00000521003	0
PROVISIONAL_NOT_FROZEN	ENST00000365484	4
PROVISIONAL_NOT_FROZEN	ENST00000484810	3
PROVISIONAL_NOT_FROZEN	ENST00000625964	4
PROVISIONAL_NOT_FROZEN	ENST00000313115	0
PROVISIONAL_NOT_FROZEN	ENST00000523555	4
PROVISIONAL_NOT_FROZEN	ENST00000375533	0
PROVISIONAL_NOT_FROZEN	ENST00000557016	4
PROVISIONAL_NOT_FROZEN	ENST00000473266	0
PROVISIONAL_NOT_FROZEN	ENST00000476623	3
PROVISIONAL_NOT_FROZEN	ENST00000252725	3
PROVISIONAL_NOT_FROZEN	ENST00000472629	4
PROVISIONAL_NOT_FROZEN	ENST00000513105	2
PROVISIONAL_NOT_FROZEN	ENST00000509436	2
PROVISIONAL_NOT_FROZEN	ENST00000458405	1
PROVISIONAL_NOT_FROZEN	ENST00000504898	0
PROVISIONAL_NOT_FROZEN	ENST00000580909	3
PROVISIONAL_NOT_FROZEN	ENST00000576930	1
PROVISIONAL_NOT_FROZEN	ENST00000405878	0
PROVISIONAL_NOT_FROZEN	ENST00000502781	0
PROVISIONAL_NOT_FROZEN	ENST00000478118	3
PROVISIONAL_NOT_FROZEN	ENST00000236273	3
PROVISIONAL_NOT_FROZEN	ENST00000328796	0
PROVISIONAL_NOT_FROZEN	ENST00000408237	2
PROVISIONAL_NOT_FROZEN	ENST00000526838	4
PROVISIONAL_NOT_FROZEN	ENST00000498399	2
PROVISIONAL_NOT_FROZEN	ENST00000484600	3
PROVISIONAL_NOT_FROZEN	ENST00000519914	1
PROVISIONAL_NOT_FROZEN	ENST00000436347	2
PROVISIONAL_NOT_FROZEN	ENST00000326427	0
PROVISIONAL_NOT_FROZEN	ENST00000374479	4
PROVISIONAL_NOT_FROZEN	ENST00000299767	2
PROVISIONAL_NOT_FROZEN	ENST00000578528	0
PROVISIONAL_NOT_FROZEN	ENST00000546583	3
PROVISIONAL_NOT_FROZEN	ENST00000598664	0
PROVISIONAL_NOT_FROZEN	ENST00000585809	1
PROVISIONAL_NOT_FROZEN	ENST00000587902	4
PROVISIONAL_NOT_FROZEN	ENST00000535020	1
PROVISIONAL_NOT_FROZEN	ENST00000507754	1
PROVISIONAL_NOT_FROZEN	ENST00000435706	4
PROVISIONAL_NOT_FROZEN	ENST00000394600	3
PROVISIONAL_NOT_FROZEN	ENST00000568685	3
PROVISIONAL_NOT_FROZEN	ENST00000480465	3
PROVISIONAL_NOT_FROZEN	ENST00000519487	2
PROVISIONAL_NOT_FROZEN	ENST00000474861	3
PROVISIONAL_NOT_FROZEN	ENST00000405359	2
PROVISIONAL_NOT_FROZEN	ENST00000456711	0
PROVISIONAL_NOT_FROZEN	ENST00000260665	1
PROVISIONAL_NOT_FROZEN	ENST00000501917	0
PROVISIONAL_NOT_FROZEN	ENST00000614363	2
PROVISIONAL_NOT_FROZEN	ENST00000498747	1
PROVISIONAL_NOT_FROZEN	ENST00000392595	2
PROVISIONAL_NOT_FROZEN	ENST00000614713	2
PROVISIONAL_NOT_FROZEN	ENST00000594925	2
PROVISIONAL_NOT_FROZEN	ENST00000467695	0
PROVISIONAL_NOT_FROZEN	ENST00000600720	3
PROVISIONAL_NOT_FROZEN	ENST00000534377	4
PROVISIONAL_NOT_FROZEN	ENST00000515647	3
PROVISIONAL_NOT_FROZEN	ENST00000623528	3
PROVISIONAL_NOT_FROZEN	ENST00000415666	1
PROVISIONAL_NOT_FROZEN	ENST00000471026	1
PROVISIONAL_NOT_FROZEN	ENST00000368305	0
PROVISIONAL_NOT_FROZEN	ENST00000579147	0
PROVISIONAL_NOT_FROZEN	ENST00000559416	4
PROVISIONAL_NOT_FROZEN	ENST00000513391	2
PROVISIONAL_NOT_FROZEN	ENST00000409409	3
PROVISIONAL_NOT_FROZEN	ENST00000273062	1
PROVISIONAL_NOT_FROZEN	ENST00000467683	2
PROVISIONAL_NOT_FROZEN	ENST00000429711	0
PROVISIONAL_NOT_FROZEN	ENST00000462436	1
PROVISIONAL_NOT_FROZEN	ENST00000535391	2
PROVISIONAL_NOT_FROZEN	ENST00000456754	2
PROVISIONAL_NOT_FROZEN	ENST00000482064	3
PROVISIONAL_NOT_FROZEN	ENST00000595794	2
PROVISIONAL_NOT_FROZEN	ENST00000268383	4
PROVISIONAL_NOT_FROZEN	ENST00000397777	4
PROVISIONAL_NOT_FROZEN	ENST00000491090	4
PROVISIONAL_NOT_FROZEN	ENST00000550010	3
PROVISIONAL_NOT_FROZEN	ENST00000556825	4
PROVISIONAL_NOT_FROZEN	ENST00000381831	1
PROVISIONAL_NOT_FROZEN	ENST00000547665	1
PROVISIONAL_NOT_FROZEN	ENST00000463841	0
PROVISIONAL_NOT_FROZEN	ENST00000264670	1
PROVISIONAL_NOT_FROZEN	ENST00000455959	3
PROVISIONAL_NOT_FROZEN	ENST00000618479	1
PROVISIONAL_NOT_FROZEN	ENST00000537042	0
PROVISIONAL_NOT_FROZEN	ENST00000468201	3
PROVISIONAL_NOT_FROZEN	ENST00000249786	3
PROVISIONAL_NOT_FROZEN	ENST00000465180	0
PROVISIONAL_NOT_FROZEN	ENST00000603219	2
PROVISIONAL_NOT_FROZEN	ENST00000589219	3
PROVISIONAL_NOT_FROZEN	ENST00000535296	1
PROVISIONAL_NOT_FROZEN	ENST00000394048	0
PROVISIONAL_NOT_FROZEN	ENST00000381473	2
PROVISIONAL_NOT_FROZEN	ENST00000444666	0
PROVISIONAL_NOT_FROZEN	ENST00000255759	1
PROVISIONAL_NOT_FROZEN	ENST00000330965	4
PROVISIONAL_NOT_FROZEN	ENST00000292433	2
PROVISIONAL_NOT_FROZEN	ENST00000531653	0
PROVISIONAL_NOT_FROZEN	ENST00000592388	4
PROVISIONAL_NOT_FROZEN	ENST00000374515	2
PROVISIONAL_NOT_FROZEN	ENST00000355338	2
PROVISIONAL_NOT_FROZEN	ENST00000590206	2
PROVISIONAL_NOT_FROZEN	ENST00000612781	0
PROVISIONAL_NOT_FROZEN	ENST00000567049	0
PROVISIONAL_NOT_FROZEN	ENST00000527204	1
PROVISIONAL_NOT_FROZEN	ENST00000055077	0
PROVISIONAL_NOT_FROZEN	ENST00000393366	0
PROVISIONAL_NOT_FROZEN	ENST00000504015	2
PROVISIONAL_NOT_FROZEN	ENST00000523815	2
PROVISIONAL_NOT_FROZEN	ENST00000358655	2
PROVISIONAL_NOT_FROZEN	ENST00000616738	3
PROVISIONAL_NOT_FROZEN	ENST00000236067	0
PROVISIONAL_NOT_FROZEN	ENST00000434724	1
PROVISIONAL_NOT_FROZEN	ENST00000360981	0
PROVISIONAL_NOT_FROZEN	ENST00000519596	4
PROVISIONAL_NOT_FROZEN	ENST00000394308	1
PROVISIONAL_NOT_FROZEN	ENST00000570123	0
PROVISIONAL_NOT_FROZEN	ENST00000598780	4
PROVISIONAL_NOT_FROZEN	ENST00000443765	3
PROVISIONAL_NOT_FROZEN	ENST00000618656	1
PROVISIONAL_NOT_FROZEN	ENST00000215570	1
PROVISIONAL_NOT_FROZEN	ENST00000468073	4
PROVISIONAL_NOT_FROZEN	ENST00000416095	2
PROVISIONAL_NOT_FROZEN	ENST00000554683	4
PROVISIONAL_NOT_FROZEN	ENST00000424919	2
PROVISIONAL_NOT_FROZEN	ENST00000393051	0
PROVISIONAL_NOT_FROZEN	ENST00000562168	0
PROVISIONAL_NOT_FROZEN	ENST00000539756	2
PROVISIONAL_NOT_FROZEN	ENST00000433329	0
PROVISIONAL_NOT_FROZEN	ENST00000518385	1
PROVISIONAL_NOT_FROZEN	ENST00000486868	3
PROVISIONAL_NOT_FROZEN	ENST00000456400	2
PROVISIONAL_NOT_FROZEN	ENST00000371657	2
PROVISIONAL_NOT_FROZEN	ENST00000549393	1
PROVISIONAL_NOT_FROZEN	ENST00000309268	0
PROVISIONAL_NOT_FROZEN	ENST00000543445	4
PROVISIONAL_NOT_FROZEN	ENST00000378625	4
PROVISIONAL_NOT_FROZEN	ENST00000478123	0
PROVISIONAL_NOT_FROZEN	ENST00000549988	1
PROVISIONAL_NOT_FROZEN	ENST00000373176	4
PROVISIONAL_NOT_FROZEN	ENST00000401483	3
PROVISIONAL_NOT_FROZEN	ENST00000496539	0
PROVISIONAL_NOT_FROZEN	ENST00000314606	4
PROVISIONAL_NOT_FROZEN	ENST00000512556	3
PROVISIONAL_NOT_FROZEN	ENST00000530835	4
PROVISIONAL_NOT_FROZEN	ENST00000373715	4
PROVISIONAL_NOT_FROZEN	ENST00000221418	4
PROVISIONAL_NOT_FROZEN	ENST00000355151	2
PROVISIONAL_NOT_FROZEN	ENST00000366858	3
PROVISIONAL_NOT_FROZEN	ENST00000604694	1
PROVISIONAL_NOT_FROZEN	ENST00000346234	2
PROVISIONAL_NOT_FROZEN	ENST00000439106	4
PROVISIONAL_NOT_FROZEN	ENST00000239223	3
PROVISIONAL_NOT_FROZEN	ENST00000557342	2
PROVISIONAL_NOT_FROZEN	ENST00000457805	4
PROVISIONAL_NOT_FROZEN	ENST00000492525	3
PROVISIONAL_NOT_FROZEN	ENST00000465873	4
PROVISIONAL_NOT_FROZEN	ENST00000444957	2
PROVISIONAL_NOT_FROZEN	ENST00000376753	4
PROVISIONAL_NOT_FROZEN	ENST00000562819	3
PROVISIONAL_NOT_FROZEN	ENST00000437853	0
PROVISIONAL_NOT_FROZEN	ENST00000486002	2
PROVISIONAL_NOT_FROZEN	ENST00000601825	1
PROVISIONAL_NOT_FROZEN	ENST00000521534	1
PROVISIONAL_NOT_FROZEN	ENST00000545249	3
PROVISIONAL_NOT_FROZEN	ENST00000452421	0
PROVISIONAL_NOT_FROZEN	ENST00000605806	4
PROVISIONAL_NOT_FROZEN	ENST00000431936	1
PROVISIONAL_NOT_FROZEN	ENST00000459969	1
PROVISIONAL_NOT_FROZEN	ENST00000577907	0
PROVISIONAL_NOT_FROZEN	ENST00000223051	0
PROVISIONAL_NOT_FROZEN	ENST00000246071	0
PROVISIONAL_NOT_FROZEN	ENST00000537350	0
PROVISIONAL_NOT_FROZEN	ENST00000405805	1
PROVISIONAL_NOT_FROZEN	ENST00000543422	0
PROVISIONAL_NOT_FROZEN	ENST00000564834	4
PROVISIONAL_NOT_FROZEN	ENST00000626563	4
PROVISIONAL_NOT_FROZEN	ENST00000344036	3
PROVISIONAL_NOT_FROZEN	ENST00000492635	3
PROVISIONAL_NOT_FROZEN	ENST00000267115	0
PROVISIONAL_NOT_FROZEN	ENST00000436868	3
PROVISIONAL_NOT_FROZEN	ENST00000529403	3
PROVISIONAL_NOT_FROZEN	ENST00000481966	2
PROVISIONAL_NOT_FROZEN	ENST00000597263	4
PROVISIONAL_NOT_FROZEN	ENST00000505548	2
PROVISIONAL_NOT_FROZEN	ENST00000536569	4
PROVISIONAL_NOT_FROZEN	ENST00000478926	0
PROVISIONAL_NOT_FROZEN	ENST00000264156	1
PROVISIONAL_NOT_FROZEN	ENST00000511103	4
PROVISIONAL_NOT_FROZEN	ENST00000531572	0
PROVISIONAL_NOT_FROZEN	ENST00000262061	1
PROVISIONAL_NOT_FROZEN	ENST00000419025	0
PROVISIONAL_NOT_FROZEN	ENST00000482584	1
PROVISIONAL_NOT_FROZEN	ENST00000549242	0
PROVISIONAL_NOT_FROZEN	ENST00000470475	3
PROVISIONAL_NOT_FROZEN	ENST00000011691	3
PROVISIONAL_NOT_FROZEN	ENST00000456319	2
PROVISIONAL_NOT_FROZEN	ENST00000547773	1
PROVISIONAL_NOT_FROZEN	ENST00000618914	3
PROVISIONAL_NOT_FROZEN	ENST00000508858	0
PROVISIONAL_NOT_FROZEN	ENST00000517291	1
PROVISIONAL_NOT_FROZEN	ENST00000526224	3
PROVISIONAL_NOT_FROZEN	ENST00000427280	2
PROVISIONAL_NOT_FROZEN	ENST00000547501	1
PROVISIONAL_NOT_FROZEN	ENST00000582213	0
PROVISIONAL_NOT_FROZEN	ENST00000477023	0
PROVISIONAL_NOT_FROZEN	ENST00000382125	3
PROVISIONAL_NOT_FROZEN	ENST00000399213	2
PROVISIONAL_NOT_FROZEN	ENST00000439197	0
PROVISIONAL_NOT_FROZEN	ENST00000496429	3
PROVISIONAL_NOT_FROZEN	ENST00000503251	1
PROVISIONAL_NOT_FROZEN	ENST00000593052	4
PROVISIONAL_NOT_FROZEN	ENST00000465582	3
PROVISIONAL_NOT_FROZEN	ENST00000254878	4
PROVISIONAL_NOT_FROZEN	ENST00000369390	4
PROVISIONAL_NOT_FROZEN	ENST00000558231	3
PROVISIONAL_NOT_FROZEN	ENST00000601393	4
PROVISIONAL_NOT_FROZEN	ENST00000306846	0
PROVISIONAL_NOT_FROZEN	ENST00000613675	4
PROVISIONAL_NOT_FROZEN	ENST00000596031	1
PROVISIONAL_NOT_FROZEN	ENST00000359005	1
PROVISIONAL_NOT_FROZEN	ENST00000600794	3
PROVISIONAL_NOT_FROZEN	ENST00000481921	4
PROVISIONAL_NOT_FROZEN	ENST00000564546	0
PROVISIONAL_NOT_FROZEN	ENST00000473808	1
PROVISIONAL_NOT_FROZEN	ENST00000376692	4
PROVISIONAL_NOT_FROZEN	ENST00000610723	1
PROVISIONAL_NOT_FROZEN	ENST00000396707	4
PROVISIONAL_NOT_FROZEN	ENST00000459997	4
PROVISIONAL_NOT_FROZEN	ENST00000605125	0
PROVISIONAL_NOT_FROZEN	ENST00000472515	2
PROVISIONAL_NOT_FROZEN	ENST00000373719	0
PROVISIONAL_NOT_FROZEN	ENST00000335972	0
PROVISIONAL_NOT_FROZEN	ENST00000478737	3
PROVISIONAL_NOT_FROZEN	ENST00000381344	4
PROVISIONAL_NOT_FROZEN	ENST00000549645	3
PROVISIONAL_NOT_FROZEN	ENST00000368632	0
PROVISIONAL_NOT_FROZEN	ENST00000378518	0
PROVISIONAL_NOT_FROZEN	ENST00000391951	0
PROVISIONAL_NOT_FROZEN	ENST00000329806	1
PROVISIONAL_NOT_FROZEN	ENST00000591436	4
PROVISIONAL_NOT_FROZEN	ENST00000539079	4
PROVISIONAL_NOT_FROZEN	ENST00000586285	1
PROVISIONAL_NOT_FROZEN	ENST00000565355	0
PROVISIONAL_NOT_FROZEN	ENST00000543284	4
PROVISIONAL_NOT_FROZEN	ENST00000603310	1
PROVISIONAL_NOT_FROZEN	ENST00000559350	3
PROVISIONAL_NOT_FROZEN	ENST00000371942	2
PROVISIONAL_NOT_FROZEN	ENST00000507110	3
PROVISIONAL_NOT_FROZEN	ENST00000304457	2
PROVISIONAL_NOT_FROZEN	ENST00000415913	0
PROVISIONAL_NOT_FROZEN	ENST00000573553	1
PROVISIONAL_NOT_FROZEN	ENST00000567241	0
PROVISIONAL_NOT_FROZEN	ENST00000514051	2
PROVISIONAL_NOT_FROZEN	ENST00000442099	3
PROVISIONAL_NOT_FROZEN	ENST00000597020	3
PROVISIONAL_NOT_FROZEN	ENST00000336755	1
PROVISIONAL_NOT_FROZEN	ENST00000587961	4
PROVISIONAL_NOT_FROZEN	ENST00000589871	2
PROVISIONAL_NOT_FROZEN	ENST00000491223	1
PROVISIONAL_NOT_FROZEN	ENST00000483812	2
PROVISIONAL_NOT_FROZEN	ENST00000441043	1
PROVISIONAL_NOT_FROZEN	ENST00000396858	4
PROVISIONAL_NOT_FROZEN	ENST00000280557	4
PROVISIONAL_NOT_FROZEN	ENST00000397676	0
PROVISIONAL_NOT_FROZEN	ENST00000577712	0
PROVISIONAL_NOT_FROZEN	ENST00000496541	0
PROVISIONAL_NOT_FROZEN	ENST00000607484	0
PROVISIONAL_NOT_FROZEN	ENST00000614486	0
PROVISIONAL_NOT_FROZEN	ENST00000486977	1
PROVISIONAL_NOT_FROZEN	ENST00000534319	2
PROVISIONAL_NOT_FROZEN	ENST00000587478	2
PROVISIONAL_NOT_FROZEN	ENST00000430417	3
PROVISIONAL_NOT_FROZEN	ENST00000460403	2
PROVISIONAL_NOT_FROZEN	ENST00000614696	4
PROVISIONAL_NOT_FROZEN	ENST00000511900	1
PROVISIONAL_NOT_FROZEN	ENST00000488453	2
PROVISIONAL_NOT_FROZEN	ENST00000618578	0
PROVISIONAL_NOT_FROZEN	ENST00000229328	4
PROVISIONAL_NOT_FROZEN	ENST00000252593	4
PROVISIONAL_NOT_FROZEN	ENST00000577510	2
PROVISIONAL_NOT_FROZEN	ENST00000304734	4
PROVISIONAL_NOT_FROZEN	ENST00000483581	4
PROVISIONAL_NOT_FROZEN	ENST00000359274	3
PROVISIONAL_NOT_FROZEN	ENST00000355082	4
PROVISIONAL_NOT_FROZEN	ENST00000434851	1
PROVISIONAL_NOT_FROZEN	ENST00000492736	2
PROVISIONAL_NOT_FROZEN	ENST00000474485	0
PROVISIONAL_NOT_FROZEN	ENST00000295830	1
PROVISIONAL_NOT_FROZEN	ENST00000472985	3
PROVISIONAL_NOT_FROZEN	ENST00000416035	1
PROVISIONAL_NOT_FROZEN	ENST00000435260	2
PROVISIONAL_NOT_FROZEN	ENST00000451771	1
PROVISIONAL_NOT_FROZEN	ENST00000577760	2
PROVISIONAL_NOT_FROZEN	ENST00000553192	3
PROVISIONAL_NOT_FROZEN	ENST00000450796	3
PROVISIONAL_NOT_FROZEN	ENST00000514354	1
PROVISIONAL_NOT_FROZEN	ENST00000449470	4
PROVISIONAL_NOT_FROZEN	ENST00000548688	1
PROVISIONAL_NOT_FROZEN	ENST00000497317	4
PROVISIONAL_NOT_FROZEN	ENST00000427639	4
PROVISIONAL_NOT_FROZEN	ENST00000471722	1
PROVISIONAL_NOT_FROZEN	ENST00000474640	3
PROVISIONAL_NOT_FROZEN	ENST00000520657	0
PROVISIONAL_NOT_FROZEN	ENST00000496493	1
PROVISIONAL_NOT_FROZEN	ENST00000564701	0
PROVISIONAL_NOT_FROZEN	ENST00000402913	2
PROVISIONAL_NOT_FROZEN	ENST00000395032	1
PROVISIONAL_NOT_FROZEN	ENST00000587232	0
PROVISIONAL_NOT_FROZEN	ENST00000445930	0
PROVISIONAL_NOT_FROZEN	ENST00000323853	3
PROVISIONAL_NOT_FROZEN	ENST00000433839	0
PROVISIONAL_NOT_FROZEN	ENST00000496781	4
PROVISIONAL_NOT_FROZEN	ENST00000391753	3
PROVISIONAL_NOT_FROZEN	ENST00000368402	2
PROVISIONAL_NOT_FROZEN	ENST00000278715	1
PROVISIONAL_NOT_FROZEN	ENST00000476300	1
PROVISIONAL_NOT_FROZEN	ENST00000468414	1
PROVISIONAL_NOT_FROZEN	ENST00000437713	4
PROVISIONAL_NOT_FROZEN	ENST00000418784	2
PROVISIONAL_NOT_FROZEN	ENST00000568390	3
PROVISIONAL_NOT_FROZEN	ENST00000427682	2
PROVISIONAL_NOT_FROZEN	ENST00000521151	1
PROVISIONAL_NOT_FROZEN	ENST00000304511	2
PROVISIONAL_NOT_FROZEN	ENST00000477012	4
PROVISIONAL_NOT_FROZEN	ENST00000328090	3
PROVISIONAL_NOT_FROZEN	ENST00000557659	4
PROVISIONAL_NOT_FROZEN	ENST00000470171	1
PROVISIONAL_NOT_FROZEN	ENST00000482471	3
PROVISIONAL_NOT_FROZEN	ENST00000402089	4
PROVISIONAL_NOT_FROZEN	ENST00000310955	3
PROVISIONAL_NOT_FROZEN	ENST00000604882	3
PROVISIONAL_NOT_FROZEN	ENST00000591776	4
PROVISIONAL_NOT_FROZEN	ENST00000484375	3
PROVISIONAL_NOT_FROZEN	ENST00000366816	2
PROVISIONAL_NOT_FROZEN	ENST00000329875	0
PROVISIONAL_NOT_FROZEN	ENST00000553514	0
PROVISIONAL_NOT_FROZEN	ENST00000399253	1
PROVISIONAL_NOT_FROZEN	ENST00000379046	1
PROVISIONAL_NOT_FROZEN	ENST00000276569	1
PROVISIONAL_NOT_FROZEN	ENST00000574671	2
PROVISIONAL_NOT_FROZEN	ENST00000476463	2
PROVISIONAL_NOT_FROZEN	ENST00000256545	1
PROVISIONAL_NOT_FROZEN	ENST00000579248	0
PROVISIONAL_NOT_FROZEN	ENST00000589591	4
PROVISIONAL_NOT_FROZEN	ENST00000562001	4
PROVISIONAL_NOT_FROZEN	ENST00000544835	1
PROVISIONAL_NOT_FROZEN	ENST00000431066	4
PROVISIONAL_NOT_FROZEN	ENST00000531261	1
PROVISIONAL_NOT_FROZEN	ENST00000425308	1
PROVISIONAL_NOT_FROZEN	ENST00000415325	2
PROVISIONAL_NOT_FROZEN	ENST00000370085	0
PROVISIONAL_NOT_FROZEN	ENST00000391855	1
PROVISIONAL_NOT_FROZEN	ENST00000302432	0
PROVISIONAL_NOT_FROZEN	ENST00000606400	1
PROVISIONAL_NOT_FROZEN	ENST00000483063	2
PROVISIONAL_NOT_FROZEN	ENST00000296417	1
PROVISIONAL_NOT_FROZEN	ENST00000367888	1
PROVISIONAL_NOT_FROZEN	ENST00000504071	2
PROVISIONAL_NOT_FROZEN	ENST00000468280	1
PROVISIONAL_NOT_FROZEN	ENST00000590049	1
PROVISIONAL_NOT_FROZEN	ENST00000527118	2
PROVISIONAL_NOT_FROZEN	ENST00000557095	4
PROVISIONAL_NOT_FROZEN	ENST00000422958	0
PROVISIONAL_NOT_FROZEN	ENST00000548567	4
PROVISIONAL_NOT_FROZEN	ENST00000490093	2
PROVISIONAL_NOT_FROZEN	ENST00000453625	2
PROVISIONAL_NOT_FROZEN	ENST00000299138	3
PROVISIONAL_NOT_FROZEN	ENST00000462940	4
PROVISIONAL_NOT_FROZEN	ENST00000481419	3
PROVISIONAL_NOT_FROZEN	ENST00000558595	3
PROVISIONAL_NOT_FROZEN	ENST00000371402	1
PROVISIONAL_NOT_FROZEN	ENST00000553809	4
PROVISIONAL_NOT_FROZEN	ENST00000371370	0
PROVISIONAL_NOT_FROZEN	ENST00000288532	1
PROVISIONAL_NOT_FROZEN	ENST00000409302	1
PROVISIONAL_NOT_FROZEN	ENST00000534533	3
PROVISIONAL_NOT_FROZEN	ENST00000488297	1
PROVISIONAL_NOT_FROZEN	ENST00000454092	1
PROVISIONAL_NOT_FROZEN	ENST00000559301	4
PROVISIONAL_NOT_FROZEN	ENST00000589252	4
PROVISIONAL_NOT_FROZEN	ENST00000396389	2
PROVISIONAL_NOT_FROZEN	ENST00000308924	4
PROVISIONAL_NOT_FROZEN	ENST00000392485	1
PROVISIONAL_NOT_FROZEN	ENST00000543988	4
PROVISIONAL_NOT_FROZEN	ENST00000301281	4
PROVISIONAL_NOT_FROZEN	ENST00000417030	3
PROVISIONAL_NOT_FROZEN	ENST00000355848	1
PROVISIONAL_NOT_FROZEN	ENST00000431533	3
PROVISIONAL_NOT_FROZEN	ENST00000380084	1
PROVISIONAL_NOT_FROZEN	ENST00000622785	2
PROVISIONAL_NOT_FROZEN	ENST00000546410	4
PROVISIONAL_NOT_FROZEN	ENST00000480903	1
PROVISIONAL_NOT_FROZEN	ENST00000502670	3
PROVISIONAL_NOT_FROZEN	ENST00000341356	0
PROVISIONAL_NOT_FROZEN	ENST00000490151	4
PROVISIONAL_NOT_FROZEN	ENST00000216146	0
PROVISIONAL_NOT_FROZEN	ENST00000580180	4
PROVISIONAL_NOT_FROZEN	ENST00000434705	4
PROVISIONAL_NOT_FROZEN	ENST00000512618	4
PROVISIONAL_NOT_FROZEN	ENST00000487978	3
PROVISIONAL_NOT_FROZEN	ENST00000514032	3
PROVISIONAL_NOT_FROZEN	ENST00000436507	0
PROVISIONAL_NOT_FROZEN	ENST00000427501	0
PROVISIONAL_NOT_FROZEN	ENST00000507980	3
PROVISIONAL_NOT_FROZEN	ENST00000467086	2
PROVISIONAL_NOT_FROZEN	ENST00000554353	0
PROVISIONAL_NOT_FROZEN	ENST00000379378	3
PROVISIONAL_NOT_FROZEN	ENST00000474694	1
PROVISIONAL_NOT_FROZEN	ENST00000528129	4
PROVISIONAL_NOT_FROZEN	ENST00000503080	2
PROVISIONAL_NOT_FROZEN	ENST00000368845	2
PROVISIONAL_NOT_FROZEN	ENST00000607357	3
PROVISIONAL_NOT_FROZEN	ENST00000298746	3
PROVISIONAL_NOT_FROZEN	ENST00000621846	2
PROVISIONAL_NOT_FROZEN	ENST00000420107	0
PROVISIONAL_NOT_FROZEN	ENST00000613941	4
PROVISIONAL_NOT_FROZEN	ENST00000531120	4
PROVISIONAL_NOT_FROZEN	ENST00000611010	1
PROVISIONAL_NOT_FROZEN	ENST00000374884	2
PROVISIONAL_NOT_FROZEN	ENST00000414306	1
PROVISIONAL_NOT_FROZEN	ENST00000576353	2
PROVISIONAL_NOT_FROZEN	ENST00000444840	3
PROVISIONAL_NOT_FROZEN	ENST00000332361	2
PROVISIONAL_NOT_FROZEN	ENST00000496696	0
PROVISIONAL_NOT_FROZEN	ENST00000444036	0
PROVISIONAL_NOT_FROZEN	ENST00000359655	4
PROVISIONAL_NOT_FROZEN	ENST00000449661	4
PROVISIONAL_NOT_FROZEN	ENST00000431234	1
PROVISIONAL_NOT_FROZEN	ENST00000443624	1
PROVISIONAL_NOT_FROZEN	ENST00000506787	2
PROVISIONAL_NOT_FROZEN	ENST00000617470	2
PROVISIONAL_NOT_FROZEN	ENST00000380542	2
PROVISIONAL_NOT_FROZEN	ENST00000467029	2
PROVISIONAL_NOT_FROZEN	ENST00000549847	1
PROVISIONAL_NOT_FROZEN	ENST00000351486	1
PROVISIONAL_NOT_FROZEN	ENST00000437736	3
PROVISIONAL_NOT_FROZEN	ENST00000539724	0
PROVISIONAL_NOT_FROZEN	ENST00000261783	0
PROVISIONAL_NOT_FROZEN	ENST00000518374	2
PROVISIONAL_NOT_FROZEN	ENST00000532359	0
PROVISIONAL_NOT_FROZEN	ENST00000553614	3
PROVISIONAL_NOT_FROZEN	ENST00000570189	0
PROVISIONAL_NOT_FROZEN	ENST00000409338	3
PROVISIONAL_NOT_FROZEN	ENST00000503534	1
PROVISIONAL_NOT_FROZEN	ENST00000329563	3
PROVISIONAL_NOT_FROZEN	ENST00000473537	4
PROVISIONAL_NOT_FROZEN	ENST00000614077	1
PROVISIONAL_NOT_FROZEN	ENST00000561452	4
PROVISIONAL_NOT_FROZEN	ENST00000256319	0
PROVISIONAL_NOT_FROZEN	ENST00000588173	2
PROVISIONAL_NOT_FROZEN	ENST00000260102	1
PROVISIONAL_NOT_FROZEN	ENST00000564150	1
PROVISIONAL_NOT_FROZEN	ENST00000519882	0
PROVISIONAL_NOT_FROZEN	ENST00000335514	3
PROVISIONAL_NOT_FROZEN	ENST00000430270	3
PROVISIONAL_NOT_FROZEN	ENST00000464052	4
PROVISIONAL_NOT_FROZEN	ENST00000382671	3
PROVISIONAL_NOT_FROZEN	ENST00000494084	3
PROVISIONAL_NOT_FROZEN	ENST00000253003	3
PROVISIONAL_NOT_FROZEN	ENST00000546904	2
PROVISIONAL_NOT_FROZEN	ENST00000356493	2
PROVISIONAL_NOT_FROZEN	ENST00000520517	1
PROVISIONAL_NOT_FROZEN	ENST00000497165	1
PROVISIONAL_NOT_FROZEN	ENST00000399435	2
PROVISIONAL_NOT_FROZEN	ENST00000372577	3
PROVISIONAL_NOT_FROZEN	ENST00000489406	4
PROVISIONAL_NOT_FROZEN	ENST00000512877	0
PROVISIONAL_NOT_FROZEN	ENST00000474505	3
PROVISIONAL_NOT_FROZEN	ENST00000436239	3
PROVISIONAL_NOT_FROZEN	ENST00000370500	3
PROVISIONAL_NOT_FROZEN	ENST00000373074	4
PROVISIONAL_NOT_FROZEN	ENST00000308961	3
PROVISIONAL_NOT_FROZEN	ENST00000616442	1
PROVISIONAL_NOT_FROZEN	ENST00000247866	4
PROVISIONAL_NOT_FROZEN	ENST00000558341	3
PROVISIONAL_NOT_FROZEN	ENST00000552296	0
PROVISIONAL_NOT_FROZEN	ENST00000395044	3
PROVISIONAL_NOT_FROZEN	ENST00000463172	4
PROVISIONAL_NOT_FROZEN	ENST00000463631	1
PROVISIONAL_NOT_FROZEN	ENST00000371219	0
PROVISIONAL_NOT_FROZEN	ENST00000476855	3
PROVISIONAL_NOT_FROZEN	ENST00000428040	0
PROVISIONAL_NOT_FROZEN	ENST00000449354	3
PROVISIONAL_NOT_FROZEN	ENST00000461695	1
PROVISIONAL_NOT_FROZEN	ENST00000492168	4
PROVISIONAL_NOT_FROZEN	ENST00000489853	1
PROVISIONAL_NOT_FROZEN	ENST00000475875	1
PROVISIONAL_NOT_FROZEN	ENST00000490523	3
PROVISIONAL_NOT_FROZEN	ENST00000567709	0
PROVISIONAL_NOT_FROZEN	ENST00000398344	3
PROVISIONAL_NOT_FROZEN	ENST00000472287	1
PROVISIONAL_NOT_FROZEN	ENST00000521614	3
PROVISIONAL_NOT_FROZEN	ENST00000497577	3
PROVISIONAL_NOT_FROZEN	ENST00000393614	1
PROVISIONAL_NOT_FROZEN	ENST00000534624	2
PROVISIONAL_NOT_FROZEN	ENST00000577706	2
PROVISIONAL_NOT_FROZEN	ENST00000302418	2
PROVISIONAL_NOT_FROZEN	ENST00000590729	2
PROVISIONAL_NOT_FROZEN	ENST00000599134	0
PROVISIONAL_NOT_FROZEN	ENST00000540949	4
PROVISIONAL_NOT_FROZEN	ENST00000608532	0
PROVISIONAL_NOT_FROZEN	ENST00000503594	2
PROVISIONAL_NOT_FROZEN	ENST00000482600	2
PROVISIONAL_NOT_FROZEN	ENST00000510190	3
PROVISIONAL_NOT_FROZEN	ENST00000431446	0
PROVISIONAL_NOT_FROZEN	ENST00000377890	1
PROVISIONAL_NOT_FROZEN	ENST00000454682	4
PROVISIONAL_NOT_FROZEN	ENST00000546788	1
PROVISIONAL_NOT_FROZEN	ENST00000377491	2
PROVISIONAL_NOT_FROZEN	ENST00000302177	0
PROVISIONAL_NOT_FROZEN	ENST00000470827	4
PROVISIONAL_NOT_FROZEN	ENST00000485021	3
PROVISIONAL_NOT_FROZEN	ENST00000565223	3
PROVISIONAL_NOT_FROZEN	ENST00000370884	1
PROVISIONAL_NOT_FROZEN	ENST00000497519	3
PROVISIONAL_NOT_FROZEN	ENST00000382361	1
PROVISIONAL_NOT_FROZEN	ENST00000489286	2
PROVISIONAL_NOT_FROZEN	ENST00000393623	3
PROVISIONAL_NOT_FROZEN	ENST00000484280	4
PROVISIONAL_NOT_FROZEN	ENST00000447182	2
PROVISIONAL_NOT_FROZEN	ENST00000503610	0
PROVISIONAL_NOT_FROZEN	ENST00000531178	2
PROVISIONAL_NOT_FROZEN	ENST00000357704	4
PROVISIONAL_NOT_FROZEN	ENST00000368864	4
PROVISIONAL_NOT_FROZEN	ENST00000372839	2
PROVISIONAL_NOT_FROZEN	ENST00000229266	3
PROVISIONAL_NOT_FROZEN	ENST00000360718	1
PROVISIONAL_NOT_FROZEN	ENST00000482384	1
PROVISIONAL_NOT_FROZEN	ENST00000460196	2
PROVISIONAL_NOT_FROZEN	ENST00000470143	3
PROVISIONAL_NOT_FROZEN	ENST00000493317	2
PROVISIONAL_NOT_FROZEN	ENST00000525158	4
PROVISIONAL_NOT_FROZEN	ENST00000264312	2
PROVISIONAL_NOT_FROZEN	ENST00000448157	2
PROVISIONAL_NOT_FROZEN	ENST00000502404	1
PROVISIONAL_NOT_FROZEN	ENST00000630913	2
PROVISIONAL_NOT_FROZEN	ENST00000263741	4
PROVISIONAL_NOT_FROZEN	ENST00000312189	2
PROVISIONAL_NOT_FROZEN	ENST00000471003	1
PROVISIONAL_NOT_FROZEN	ENST00000528191	3
PROVISIONAL_NOT_FROZEN	ENST00000553418	2
PROVISIONAL_NOT_FROZEN	ENST00000360579	1
PROVISIONAL_NOT_FROZEN	ENST00000534871	0
PROVISIONAL_NOT_FROZEN	ENST00000339600	2
PROVISIONAL_NOT_FROZEN	ENST00000307106	0
PROVISIONAL_NOT_FROZEN	ENST00000261590	4
PROVISIONAL_NOT_FROZEN	ENST00000301242	3
PROVISIONAL_NOT_FROZEN	ENST00000504997	2
PROVISIONAL_NOT_FROZEN	ENST00000581993	1
PROVISIONAL_NOT_FROZEN	ENST00000378665	3
PROVISIONAL_NOT_FROZEN	ENST00000369313	2
PROVISIONAL_NOT_FROZEN	ENST00000295767	4
PROVISIONAL_NOT_FROZEN	ENST00000515742	3
PROVISIONAL_NOT_FROZEN	ENST00000509243	1
PROVISIONAL_NOT_FROZEN	ENST00000408001	4
PROVISIONAL_NOT_FROZEN	ENST00000513637	4
PROVISIONAL_NOT_FROZEN	ENST00000310137	3
PROVISIONAL_NOT_FROZEN	ENST00000445755	0
PROVISIONAL_NOT_FROZEN	ENST00000498068	2
PROVISIONAL_NOT_FROZEN	ENST00000299381	2
PROVISIONAL_NOT_FROZEN	ENST00000265394	1
PROVISIONAL_NOT_FROZEN	ENST00000396651	3
PROVISIONAL_NOT_FROZEN	ENST00000409784	0
PROVISIONAL_NOT_FROZEN	ENST00000526865	2
PROVISIONAL_NOT_FROZEN	ENST00000632555	3
PROVISIONAL_NOT_FROZEN	ENST00000368232	2
PROVISIONAL_NOT_FROZEN	ENST00000509148	1
PROVISIONAL_NOT_FROZEN	ENST00000583269	4
PROVISIONAL_NOT_FROZEN	ENST00000319074	2
PROVISIONAL_NOT_FROZEN	ENST00000470843	3
PROVISIONAL_NOT_FROZEN	ENST00000639959	2
PROVISIONAL_NOT_FROZEN	ENST00000524028	3
PROVISIONAL_NOT_FROZEN	ENST00000470830	2
PROVISIONAL_NOT_FROZEN	ENST00000624084	2
PROVISIONAL_NOT_FROZEN	ENST00000351079	4
PROVISIONAL_NOT_FROZEN	ENST00000336695	3
PROVISIONAL_NOT_FROZEN	ENST00000412542	1
PROVISIONAL_NOT_FROZEN	ENST00000560514	4
PROVISIONAL_NOT_FROZEN	ENST00000225298	0
PROVISIONAL_NOT_FROZEN	ENST00000626257	0
PROVISIONAL_NOT_FROZEN	ENST00000396664	4
PROVISIONAL_NOT_FROZEN	ENST00000460876	3
PROVISIONAL_NOT_FROZEN	ENST00000447596	0
PROVISIONAL_NOT_FROZEN	ENST00000396401	4
PROVISIONAL_NOT_FROZEN	ENST00000563263	3
PROVISIONAL_NOT_FROZEN	ENST00000380454	1
PROVISIONAL_NOT_FROZEN	ENST00000538028	4
PROVISIONAL_NOT_FROZEN	ENST00000596916	1
PROVISIONAL_NOT_FROZEN	ENST00000005995	0
PROVISIONAL_NOT_FROZEN	ENST00000403786	2
PROVISIONAL_NOT_FROZEN	ENST00000559113	3
PROVISIONAL_NOT_FROZEN	ENST00000428204	1
PROVISIONAL_NOT_FROZEN	ENST00000264230	3
PROVISIONAL_NOT_FROZEN	ENST00000486089	2
PROVISIONAL_NOT_FROZEN	ENST00000398743	4
PROVISIONAL_NOT_FROZEN	ENST00000452368	4
PROVISIONAL_NOT_FROZEN	ENST00000496596	3
PROVISIONAL_NOT_FROZEN	ENST00000542928	4
PROVISIONAL_NOT_FROZEN	ENST00000518243	3
PROVISIONAL_NOT_FROZEN	ENST00000638448	0
PROVISIONAL_NOT_FROZEN	ENST00000509581	3
PROVISIONAL_NOT_FROZEN	ENST00000442089	2
PROVISIONAL_NOT_FROZEN	ENST00000518327	1
PROVISIONAL_NOT_FROZEN	ENST00000575142	4
PROVISIONAL_NOT_FROZEN	ENST00000552371	1
PROVISIONAL_NOT_FROZEN	ENST00000529861	3
PROVISIONAL_NOT_FROZEN	ENST00000258648	3
PROVISIONAL_NOT_FROZEN	ENST00000266529	4
PROVISIONAL_NOT_FROZEN	ENST00000272402	0
PROVISIONAL_NOT_FROZEN	ENST00000640150	3
PROVISIONAL_NOT_FROZEN	ENST00000373116	3
PROVISIONAL_NOT_FROZEN	ENST00000562234	3
PROVISIONAL_NOT_FROZEN	ENST00000328392	0
PROVISIONAL_NOT_FROZEN	ENST00000556230	3
PROVISIONAL_NOT_FROZEN	ENST00000435879	1
PROVISIONAL_NOT_FROZEN	ENST00000591204	2
PROVISIONAL_NOT_FROZEN	ENST00000413498	1
PROVISIONAL_NOT_FROZEN	ENST00000623461	2
PROVISIONAL_NOT_FROZEN	ENST00000506186	1
PROVISIONAL_NOT_FROZEN	ENST00000419791	2
PROVISIONAL_NOT_FROZEN	ENST00000438068	1
PROVISIONAL_NOT_FROZEN	ENST00000487227	2
PROVISIONAL_NOT_FROZEN	ENST00000406752	1
PROVISIONAL_NOT_FROZEN	ENST00000561801	3
PROVISIONAL_NOT_FROZEN	ENST00000497415	2
PROVISIONAL_NOT_FROZEN	ENST00000491642	0
PROVISIONAL_NOT_FROZEN	ENST00000460882	3
PROVISIONAL_NOT_FROZEN	ENST00000508573	4
PROVISIONAL_NOT_FROZEN	ENST00000356638	2
PROVISIONAL_NOT_FROZEN	ENST00000563158	1
PROVISIONAL_NOT_FROZEN	ENST00000296684	2
PROVISIONAL_NOT_FROZEN	ENST00000417652	0
PROVISIONAL_NOT_FROZEN	ENST00000422053	1
PROVISIONAL_NOT_FROZEN	ENST00000366792	1
PROVISIONAL_NOT_FROZEN	ENST00000360403	0
PROVISIONAL_NOT_FROZEN	ENST00000463817	0
PROVISIONAL_NOT_FROZEN	ENST00000601274	0
PROVISIONAL_NOT_FROZEN	ENST00000432132	3
PROVISIONAL_NOT_FROZEN	ENST00000467615	3
PROVISIONAL_NOT_FROZEN	ENST00000440161	3
PROVISIONAL_NOT_FROZEN	ENST00000587560	4
PROVISIONAL_NOT_FROZEN	ENST00000549287	3
PROVISIONAL_NOT_FROZEN	ENST00000621943	0
PROVISIONAL_NOT_FROZEN	ENST00000427242	0
PROVISIONAL_NOT_FROZEN	ENST00000557508	4
PROVISIONAL_NOT_FROZEN	ENST00000438552	2
PROVISIONAL_NOT_FROZEN	ENST00000465248	2
PROVISIONAL_NOT_FROZEN	ENST00000552147	1
PROVISIONAL_NOT_FROZEN	ENST00000591949	0
PROVISIONAL_NOT_FROZEN	ENST00000594999	1
PROVISIONAL_NOT_FROZEN	ENST00000594643	0
PROVISIONAL_NOT_FROZEN	ENST00000586445	4
PROVISIONAL_NOT_FROZEN	ENST00000552551	3
PROVISIONAL_NOT_FROZEN	ENST00000334530	4
PROVISIONAL_NOT_FROZEN	ENST00000603246	4
PROVISIONAL_NOT_FROZEN	ENST00000570514	0
PROVISIONAL_NOT_FROZEN	ENST00000432931	3
PROVISIONAL_NOT_FROZEN	ENST00000431419	0
PROVISIONAL_NOT_FROZEN	ENST00000426588	0
PROVISIONAL_NOT_FROZEN	ENST00000442997	4
PROVISIONAL_NOT_FROZEN	ENST00000503388	2
PROVISIONAL_NOT_FROZEN	ENST00000461548	3
PROVISIONAL_NOT_FROZEN	ENST00000458128	2
PROVISIONAL_NOT_FROZEN	ENST00000431043	0
PROVISIONAL_NOT_FROZEN	ENST00000599167	3
PROVISIONAL_NOT_FROZEN	ENST00000605895	0
PROVISIONAL_NOT_FROZEN	ENST00000428553	1
PROVISIONAL_NOT_FROZEN	ENST00000487129	2
PROVISIONAL_NOT_FROZEN	ENST00000534536	4
PROVISIONAL_NOT_FROZEN	ENST00000461311	3
PROVISIONAL_NOT_FROZEN	ENST00000372108	4
PROVISIONAL_NOT_FROZEN	ENST00000588959	0
PROVISIONAL_NOT_FROZEN	ENST00000493441	2
PROVISIONAL_NOT_FROZEN	ENST00000485093	2
PROVISIONAL_NOT_FROZEN	ENST00000525079	1
PROVISIONAL_NOT_FROZEN	ENST00000476672	2
PROVISIONAL_NOT_FROZEN	ENST00000489796	4
PROVISIONAL_NOT_FROZEN	ENST00000597451	4
PROVISIONAL_NOT_FROZEN	ENST00000354588	2
PROVISIONAL_NOT_FROZEN	ENST00000415995	3
PROVISIONAL_NOT_FROZEN	ENST00000423330	4
PROVISIONAL_NOT_FROZEN	ENST00000537694	1
PROVISIONAL_NOT_FROZEN	ENST00000562205	2
PROVISIONAL_NOT_FROZEN	ENST00000503945	0
PROVISIONAL_NOT_FROZEN	ENST00000531996	3
PROVISIONAL_NOT_FROZEN	ENST00000612492	0
PROVISIONAL_NOT_FROZEN	ENST00000512880	0
PROVISIONAL_NOT_FROZEN	ENST00000319006	0
PROVISIONAL_NOT_FROZEN	ENST00000428393	1
PROVISIONAL_NOT_FROZEN	ENST00000457918	3
PROVISIONAL_NOT_FROZEN	ENST00000429575	2
PROVISIONAL_NOT_FROZEN	ENST00000491274	0
PROVISIONAL_NOT_FROZEN	ENST00000412830	3
PROVISIONAL_NOT_FROZEN	ENST00000549924	2
PROVISIONAL_NOT_FROZEN	ENST00000529806	2
PROVISIONAL_NOT_FROZEN	ENST00000467415	2
PROVISIONAL_NOT_FROZEN	ENST00000452570	3
PROVISIONAL_NOT_FROZEN	ENST00000509122	2
PROVISIONAL_NOT_FROZEN	ENST00000395663	1
PROVISIONAL_NOT_FROZEN	ENST00000533774	0
PROVISIONAL_NOT_FROZEN	ENST00000367384	0
PROVISIONAL_NOT_FROZEN	ENST00000580210	0
PROVISIONAL_NOT_FROZEN	ENST00000380125	2
PROVISIONAL_NOT_FROZEN	ENST00000482441	4
PROVISIONAL_NOT_FROZEN	ENST00000554413	4
PROVISIONAL_NOT_FROZEN	ENST00000447355	3
PROVISIONAL_NOT_FROZEN	ENST00000395837	4
PROVISIONAL_NOT_FROZEN	ENST00000442110	0
PROVISIONAL_NOT_FROZEN	ENST00000507338	3
PROVISIONAL_NOT_FROZEN	ENST00000442908	2
PROVISIONAL_NOT_FROZEN	ENST00000379198	4
PROVISIONAL_NOT_FROZEN	ENST00000344726	2
PROVISIONAL_NOT_FROZEN	ENST00000497142	1
PROVISIONAL_NOT_FROZEN	ENST00000405355	4
PROVISIONAL_NOT_FROZEN	ENST00000426877	0
PROVISIONAL_NOT_FROZEN	ENST00000495346	1
PROVISIONAL_NOT_FROZEN	ENST00000515119	2
PROVISIONAL_NOT_FROZEN	ENST00000454824	0
PROVISIONAL_NOT_FROZEN	ENST00000483307	1
PROVISIONAL_NOT_FROZEN	ENST00000473321	2
PROVISIONAL_NOT_FROZEN	ENST00000539498	0
PROVISIONAL_NOT_FROZEN	ENST00000519831	1
PROVISIONAL_NOT_FROZEN	ENST00000456291	2
PROVISIONAL_NOT_FROZEN	ENST00000546226	1
PROVISIONAL_NOT_FROZEN	ENST00000510019	3
PROVISIONAL_NOT_FROZEN	ENST00000525086	3
PROVISIONAL_NOT_FROZEN	ENST00000352480	0
PROVISIONAL_NOT_FROZEN	ENST00000549019	0
PROVISIONAL_NOT_FROZEN	ENST00000482246	4
PROVISIONAL_NOT_FROZEN	ENST00000330188	4
PROVISIONAL_NOT_FROZEN	ENST00000264933	3
PROVISIONAL_NOT_FROZEN	ENST00000448718	3
PROVISIONAL_NOT_FROZEN	ENST00000473894	0
PROVISIONAL_NOT_FROZEN	ENST00000483963	1
PROVISIONAL_NOT_FROZEN	ENST00000514198	1
PROVISIONAL_NOT_FROZEN	ENST00000599345	4
PROVISIONAL_NOT_FROZEN	ENST00000492822	2
PROVISIONAL_NOT_FROZEN	ENST00000361143	0
PROVISIONAL_NOT_FROZEN	ENST00000483848	4
PROVISIONAL_NOT_FROZEN	ENST00000406508	0
PROVISIONAL_NOT_FROZEN	ENST00000403433	1
PROVISIONAL_NOT_FROZEN	ENST00000533331	4
PROVISIONAL_NOT_FROZEN	ENST00000519807	1
PROVISIONAL_NOT_FROZEN	ENST00000470611	2
PROVISIONAL_NOT_FROZEN	ENST00000552713	2
PROVISIONAL_NOT_FROZEN	ENST00000261880	4
PROVISIONAL_NOT_FROZEN	ENST00000431549	3
PROVISIONAL_NOT_FROZEN	ENST00000528634	4
PROVISIONAL_NOT_FROZEN	ENST00000540501	4
PROVISIONAL_NOT_FROZEN	ENST00000550170	3
PROVISIONAL_NOT_FROZEN	ENST00000505291	3
PROVISIONAL_NOT_FROZEN	ENST00000585042	4
PROVISIONAL_NOT_FROZEN	ENST00000474941	3
PROVISIONAL_NOT_FROZEN	ENST00000397456	0
PROVISIONAL_NOT_FROZEN	ENST00000466425	0
PROVISIONAL_NOT_FROZEN	ENST00000487862	1
PROVISIONAL_NOT_FROZEN	ENST00000487654	2
PROVISIONAL_NOT_FROZEN	ENST00000471240	2
PROVISIONAL_NOT_FROZEN	ENST00000547157	1
PROVISIONAL_NOT_FROZEN	ENST00000375661	4
PROVISIONAL_NOT_FROZEN	ENST00000514781	0
PROVISIONAL_NOT_FROZEN	ENST00000544301	1
PROVISIONAL_NOT_FROZEN	ENST00000628866	1
PROVISIONAL_NOT_FROZEN	ENST00000427482	0
PROVISIONAL_NOT_FROZEN	ENST00000449067	4
PROVISIONAL_NOT_FROZEN	ENST00000381359	3
PROVISIONAL_NOT_FROZEN	ENST00000440335	4
PROVISIONAL_NOT_FROZEN	ENST00000434317	3
PROVISIONAL_NOT_FROZEN	ENST00000548551	0
PROVISIONAL_NOT_FROZEN	ENST00000444020	4
PROVISIONAL_NOT_FROZEN	ENST00000535326	4
PROVISIONAL_NOT_FROZEN	ENST00000376406	4
PROVISIONAL_NOT_FROZEN	ENST00000619085	3
PROVISIONAL_NOT_FROZEN	ENST00000567262	0
PROVISIONAL_NOT_FROZEN	ENST00000396618	4
PROVISIONAL_NOT_FROZEN	ENST00000570843	2
PROVISIONAL_NOT_FROZEN	ENST00000639845	1
PROVISIONAL_NOT_FROZEN	ENST00000550695	4
PROVISIONAL_NOT_FROZEN	ENST00000553237	2
PROVISIONAL_NOT_FROZEN	ENST00000542416	3
PROVISIONAL_NOT_FROZEN	ENST00000425095	1
PROVISIONAL_NOT_FROZEN	ENST00000338145	1
PROVISIONAL_NOT_FROZEN	ENST00000291634	1
PROVISIONAL_NOT_FROZEN	ENST00000370949	3
PROVISIONAL_NOT_FROZEN	ENST00000253023	0
PROVISIONAL_NOT_FROZEN	ENST00000570828	0
PROVISIONAL_NOT_FROZEN	ENST00000244020	3
PROVISIONAL_NOT_FROZEN	ENST00000312280	0
PROVISIONAL_NOT_FROZEN	ENST00000541455	1
PROVISIONAL_NOT_FROZEN	ENST00000550974	2
PROVISIONAL_NOT_FROZEN	ENST00000455271	3
PROVISIONAL_NOT_FROZEN	ENST00000483575	3
PROVISIONAL_NOT_FROZEN	ENST00000553528	4
PROVISIONAL_NOT_FROZEN	ENST00000569382	3
PROVISIONAL_NOT_FROZEN	ENST00000591956	0
PROVISIONAL_NOT_FROZEN	ENST00000251241	0
PROVISIONAL_NOT_FROZEN	ENST00000338338	4
PROVISIONAL_NOT_FROZEN	ENST00000564967	4
PROVISIONAL_NOT_FROZEN	ENST00000482054	4
PROVISIONAL_NOT_FROZEN	ENST00000441793	3
PROVISIONAL_NOT_FROZEN	ENST00000548752	4
PROVISIONAL_NOT_FROZEN	ENST00000488426	1
PROVISIONAL_NOT_FROZEN	ENST00000451301	0
PROVISIONAL_NOT_FROZEN	ENST00000469948	4
PROVISIONAL_NOT_FROZEN	ENST00000466377	4
PROVISIONAL_NOT_FROZEN	ENST00000456847	1
PROVISIONAL_NOT_FROZEN	ENST00000469928	2
PROVISIONAL_NOT_FROZEN	ENST00000475962	4
PROVISIONAL_NOT_FROZEN	ENST00000402798	0
PROVISIONAL_NOT_FROZEN	ENST00000465242	2
PROVISIONAL_NOT_FROZEN	ENST00000447844	1
PROVISIONAL_NOT_FROZEN	ENST00000437876	0
PROVISIONAL_NOT_FROZEN	ENST00000442788	3
PROVISIONAL_NOT_FROZEN	ENST00000434686	3
PROVISIONAL_NOT_FROZEN	ENST00000538617	3
PROVISIONAL_NOT_FROZEN	ENST00000379279	0
PROVISIONAL_NOT_FROZEN	ENST00000471701	2
PROVISIONAL_NOT_FROZEN	ENST00000328195	0
PROVISIONAL_NOT_FROZEN	ENST00000513336	4
PROVISIONAL_NOT_FROZEN	ENST00000274137	3
PROVISIONAL_NOT_FROZEN	ENST00000453840	2
PROVISIONAL_NOT_FROZEN	ENST00000565571	4
PROVISIONAL_NOT_FROZEN	ENST00000418996	4
PROVISIONAL_NOT_FROZEN	ENST00000448115	0
PROVISIONAL_NOT_FROZEN	ENST00000477939	1
PROVISIONAL_NOT_FROZEN	ENST00000545664	4
PROVISIONAL_NOT_FROZEN	ENST00000253861	4
PROVISIONAL_NOT_FROZEN	ENST00000548849	4
PROVISIONAL_NOT_FROZEN	ENST00000573747	3
PROVISIONAL_NOT_FROZEN	ENST00000396049	1
PROVISIONAL_NOT_FROZEN	ENST00000495052	4
PROVISIONAL_NOT_FROZEN	ENST00000246069	0
PROVISIONAL_NOT_FROZEN	ENST00000265857	0
PROVISIONAL_NOT_FROZEN	ENST00000511309	3
PROVISIONAL_NOT_FROZEN	ENST00000555161	3
PROVISIONAL_NOT_FROZEN	ENST00000367454	0
PROVISIONAL_NOT_FROZEN	ENST00000468479	1
PROVISIONAL_NOT_FROZEN	ENST00000380191	4
PROVISIONAL_NOT_FROZEN	ENST00000475906	1
PROVISIONAL_NOT_FROZEN	ENST00000461494	1
PROVISIONAL_NOT_FROZEN	ENST00000395548	0
PROVISIONAL_NOT_FROZEN	ENST00000550654	2
PROVISIONAL_NOT_FROZEN	ENST00000518850	1
PROVISIONAL_NOT_FROZEN	ENST00000501740	0
PROVISIONAL_NOT_FROZEN	ENST00000488423	4
PROVISIONAL_NOT_FROZEN	ENST00000327490	0
PROVISIONAL_NOT_FROZEN	ENST00000469616	1
PROVISIONAL_NOT_FROZEN	ENST00000555345	2
PROVISIONAL_NOT_FROZEN	ENST00000526562	0
PROVISIONAL_NOT_FROZEN	ENST00000493968	1
PROVISIONAL_NOT_FROZEN	ENST00000573421	0
PROVISIONAL_NOT_FROZEN	ENST00000623163	0
PROVISIONAL_NOT_FROZEN	ENST00000392124	2
PROVISIONAL_NOT_FROZEN	ENST00000462880	4
PROVISIONAL_NOT_FROZEN	ENST00000529163	2
PROVISIONAL_NOT_FROZEN	ENST00000279259	3
PROVISIONAL_NOT_FROZEN	ENST00000369449	0
PROVISIONAL_NOT_FROZEN	ENST00000486355	3
PROVISIONAL_NOT_FROZEN	ENST00000460851	3
PROVISIONAL_NOT_FROZEN	ENST00000559385	1
PROVISIONAL_NOT_FROZEN	ENST00000305885	1
PROVISIONAL_NOT_FROZEN	ENST00000477395	0
PROVISIONAL_NOT_FROZEN	ENST00000535307	1
PROVISIONAL_NOT_FROZEN	ENST00000372217	2
PROVISIONAL_NOT_FROZEN	ENST00000493667	1
PROVISIONAL_NOT_FROZEN	ENST00000468019	1
PROVISIONAL_NOT_FROZEN	ENST00000522720	4
PROVISIONAL_NOT_FROZEN	ENST00000624813	0
PROVISIONAL_NOT_FROZEN	ENST00000539303	3
PROVISIONAL_NOT_FROZEN	ENST00000409729	0
PROVISIONAL_NOT_FROZEN	ENST00000261713	1
PROVISIONAL_NOT_FROZEN	ENST00000447700	0
PROVISIONAL_NOT_FROZEN	ENST00000480603	3
PROVISIONAL_NOT_FROZEN	ENST00000261597	1
PROVISIONAL_NOT_FROZEN	ENST00000582848	0
PROVISIONAL_NOT_FROZEN	ENST00000473913	4
PROVISIONAL_NOT_FROZEN	ENST00000467662	4
PROVISIONAL_NOT_FROZEN	ENST00000373451	4
PROVISIONAL_NOT_FROZEN	ENST00000340900	3
PROVISIONAL_NOT_FROZEN	ENST00000596918	0
PROVISIONAL_NOT_FROZEN	ENST00000531250	3
PROVISIONAL_NOT_FROZEN	ENST00000460581	4
PROVISIONAL_NOT_FROZEN	ENST00000530457	4
PROVISIONAL_NOT_FROZEN	ENST00000437155	3
PROVISIONAL_NOT_FROZEN	ENST00000295777	3
PROVISIONAL_NOT_FROZEN	ENST00000372692	2
PROVISIONAL_NOT_FROZEN	ENST00000618078	2
PROVISIONAL_NOT_FROZEN	ENST00000302386	1
PROVISIONAL_NOT_FROZEN	ENST00000504961	4
PROVISIONAL_NOT_FROZEN	ENST00000453478	1
PROVISIONAL_NOT_FROZEN	ENST00000602948	3
PROVISIONAL_NOT_FROZEN	ENST00000511584	1
PROVISIONAL_NOT_FROZEN	ENST00000550143	4
PROVISIONAL_NOT_FROZEN	ENST00000465359	1
PROVISIONAL_NOT_FROZEN	ENST00000475919	2
PROVISIONAL_NOT_FROZEN	ENST00000550184	1
PROVISIONAL_NOT_FROZEN	ENST00000341756	1
PROVISIONAL_NOT_FROZEN	ENST00000373768	0
PROVISIONAL_NOT_FROZEN	ENST00000590665	4
PROVISIONAL_NOT_FROZEN	ENST00000331483	2
PROVISIONAL_NOT_FROZEN	ENST00000593124	4
PROVISIONAL_NOT_FROZEN	ENST00000368865	3
PROVISIONAL_NOT_FROZEN	ENST00000576984	0
PROVISIONAL_NOT_FROZEN	ENST00000470487	1
PROVISIONAL_NOT_FROZEN	ENST00000364315	3
PROVISIONAL_NOT_FROZEN	ENST00000471992	0
PROVISIONAL_NOT_FROZEN	ENST00000451378	3
PROVISIONAL_NOT_FROZEN	ENST00000541364	0
PROVISIONAL_NOT_FROZEN	ENST00000615264	4
PROVISIONAL_NOT_FROZEN	ENST00000426026	3
PROVISIONAL_NOT_FROZEN	ENST00000573714	1
PROVISIONAL_NOT_FROZEN	ENST00000424977	1
PROVISIONAL_NOT_FROZEN	ENST00000264639	0
PROVISIONAL_NOT_FROZEN	ENST00000384581	3
PROVISIONAL_NOT_FROZEN	ENST00000472108	3
PROVISIONAL_NOT_FROZEN	ENST00000406934	2
PROVISIONAL_NOT_FROZEN	ENST00000462816	4
PROVISIONAL_NOT_FROZEN	ENST00000468084	4
PROVISIONAL_NOT_FROZEN	ENST00000491481	4
PROVISIONAL_NOT_FROZEN	ENST00000519974	3
PROVISIONAL_NOT_FROZEN	ENST00000415949	3
PROVISIONAL_NOT_FROZEN	ENST00000583389	0
PROVISIONAL_NOT_FROZEN	ENST00000278882	4
PROVISIONAL_NOT_FROZEN	ENST00000571955	1
PROVISIONAL_NOT_FROZEN	ENST00000395788	2
PROVISIONAL_NOT_FROZEN	ENST00000464877	3
PROVISIONAL_NOT_FROZEN	ENST00000530026	4
PROVISIONAL_NOT_FROZEN	ENST00000548202	1
PROVISIONAL_NOT_FROZEN	ENST00000414949	3
PROVISIONAL_NOT_FROZEN	ENST00000358901	4
PROVISIONAL_NOT_FROZEN	ENST00000263121	0
PROVISIONAL_NOT_FROZEN	ENST00000611080	1
PROVISIONAL_NOT_FROZEN	ENST00000432071	4
PROVISIONAL_NOT_FROZEN	ENST00000469332	3
PROVISIONAL_NOT_FROZEN	ENST00000371442	0
PROVISIONAL_NOT_FROZEN	ENST00000261574	3
PROVISIONAL_NOT_FROZEN	ENST00000549989	0
PROVISIONAL_NOT_FROZEN	ENST00000564839	0
PROVISIONAL_NOT_FROZEN	ENST00000488906	1
PROVISIONAL_NOT_FROZEN	ENST00000391857	1
PROVISIONAL_NOT_FROZEN	ENST00000573792	1
PROVISIONAL_NOT_FROZEN	ENST00000450657	4
PROVISIONAL_NOT_FROZEN	ENST00000474833	3
PROVISIONAL_NOT_FROZEN	ENST00000370592	1
PROVISIONAL_NOT_FROZEN	ENST00000434365	2
PROVISIONAL_NOT_FROZEN	ENST00000335783	2
PROVISIONAL_NOT_FROZEN	ENST00000627653	1
PROVISIONAL_NOT_FROZEN	ENST00000620401	4
PROVISIONAL_NOT_FROZEN	ENST00000373610	0
PROVISIONAL_NOT_FROZEN	ENST00000465122	4
PROVISIONAL_NOT_FROZEN	ENST00000393794	4
PROVISIONAL_NOT_FROZEN	ENST00000549995	3
PROVISIONAL_NOT_FROZEN	ENST00000596873	3
PROVISIONAL_NOT_FROZEN	ENST00000584860	0
PROVISIONAL_NOT_FROZEN	ENST00000591054	4
PROVISIONAL_NOT_FROZEN	ENST00000555224	3
PROVISIONAL_NOT_FROZEN	ENST00000434494	2
PROVISIONAL_NOT_FROZEN	ENST00000289316	2
PROVISIONAL_NOT_FROZEN	ENST00000559898	2
PROVISIONAL_NOT_FROZEN	ENST00000442902	1
PROVISIONAL_NOT_FROZEN	ENST00000469891	0
PROVISIONAL_NOT_FROZEN	ENST00000370089	0
PROVISIONAL_NOT_FROZEN	ENST00000475049	0
PROVISIONAL_NOT_FROZEN	ENST00000473205	1
PROVISIONAL_NOT_FROZEN	ENST00000450599	2
PROVISIONAL_NOT_FROZEN	ENST00000465732	1
PROVISIONAL_NOT_FROZEN	ENST00000491873	3
PROVISIONAL_NOT_FROZEN	ENST00000561718	2
PROVISIONAL_NOT_FROZEN	ENST00000481647	4
PROVISIONAL_NOT_FROZEN	ENST00000626055	3
PROVISIONAL_NOT_FROZEN	ENST00000578550	2
PROVISIONAL_NOT_FROZEN	ENST00000333082	4
PROVISIONAL_NOT_FROZEN	ENST00000446622	4
PROVISIONAL_NOT_FROZEN	ENST00000428163	3
PROVISIONAL_NOT_FROZEN	ENST00000471086	3
PROVISIONAL_NOT_FROZEN	ENST00000502981	1
PROVISIONAL_NOT_FROZEN	ENST00000463836	1
PROVISIONAL_NOT_FROZEN	ENST00000392508	0
PROVISIONAL_NOT_FROZEN	ENST00000423108	3
PROVISIONAL_NOT_FROZEN	ENST00000559439	2
PROVISIONAL_NOT_FROZEN	ENST00000456530	1
PROVISIONAL_NOT_FROZEN	ENST00000480205	3
PROVISIONAL_NOT_FROZEN	ENST00000481057	2
PROVISIONAL_NOT_FROZEN	ENST00000351223	3
PROVISIONAL_NOT_FROZEN	ENST00000574110	4
PROVISIONAL_NOT_FROZEN	ENST00000437519	2
PROVISIONAL_NOT_FROZEN	ENST00000508682	1
PROVISIONAL_NOT_FROZEN	ENST00000476143	2
PROVISIONAL_NOT_FROZEN	ENST00000444364	2
PROVISIONAL_NOT_FROZEN	ENST00000639844	3
PROVISIONAL_NOT_FROZEN	ENST00000546559	2
PROVISIONAL_NOT_FROZEN	ENST00000454924	2
PROVISIONAL_NOT_FROZEN	ENST00000506397	1
PROVISIONAL_NOT_FROZEN	ENST00000457507	3
PROVISIONAL_NOT_FROZEN	ENST00000199320	3
PROVISIONAL_NOT_FROZEN	ENST00000617198	0
PROVISIONAL_NOT_FROZEN	ENST00000464650	2
PROVISIONAL_NOT_FROZEN	ENST00000264389	0
PROVISIONAL_NOT_FROZEN	ENST00000338401	1
PROVISIONAL_NOT_FROZEN	ENST00000573283	2
PROVISIONAL_NOT_FROZEN	ENST00000297440	4
PROVISIONAL_NOT_FROZEN	ENST00000423464	3
PROVISIONAL_NOT_FROZEN	ENST00000383056	1
PROVISIONAL_NOT_FROZEN	ENST00000600970	4
PROVISIONAL_NOT_FROZEN	ENST00000467540	0
PROVISIONAL_NOT_FROZEN	ENST00000527397	3
PROVISIONAL_NOT_FROZEN	ENST00000396075	2
PROVISIONAL_NOT_FROZEN	ENST00000485435	2
PROVISIONAL_NOT_FROZEN	ENST00000548046	4
PROVISIONAL_NOT_FROZEN	ENST00000496241	2
PROVISIONAL_NOT_FROZEN	ENST00000635377	1
PROVISIONAL_NOT_FROZEN	ENST00000421968	4
PROVISIONAL_NOT_FROZEN	ENST00000444845	2
PROVISIONAL_NOT_FROZEN	ENST00000492704	2
PROVISIONAL_NOT_FROZEN	ENST00000595912	2
PROVISIONAL_NOT_FROZEN	ENST00000422817	1
PROVISIONAL_NOT_FROZEN	ENST00000520427	2
PROVISIONAL_NOT_FROZEN	ENST00000399199	4
PROVISIONAL_NOT_FROZEN	ENST00000445023	2
PROVISIONAL_NOT_FROZEN	ENST00000529639	3
PROVISIONAL_NOT_FROZEN	ENST00000492433	3
PROVISIONAL_NOT_FROZEN	ENST00000375635	2
PROVISIONAL_NOT_FROZEN	ENST00000258975	3
PROVISIONAL_NOT_FROZEN	ENST00000482248	4
PROVISIONAL_NOT_FROZEN	ENST00000573026	1
PROVISIONAL_NOT_FROZEN	ENST00000466494	0
PROVISIONAL_NOT_FROZEN	ENST00000554705	4
PROVISIONAL_NOT_FROZEN	ENST00000488374	3
PROVISIONAL_NOT_FROZEN	ENST00000243563	4
PROVISIONAL_NOT_FROZEN	ENST00000275036	2
PROVISIONAL_NOT_FROZEN	ENST00000514755	1
PROVISIONAL_NOT_FROZEN	ENST00000600149	1
PROVISIONAL_NOT_FROZEN	ENST00000597227	3
PROVISIONAL_NOT_FROZEN	ENST00000502690	1
PROVISIONAL_NOT_FROZEN	ENST00000373548	4
PROVISIONAL_NOT_FROZEN	ENST00000611607	2
PROVISIONAL_NOT_FROZEN	ENST00000379283	0
PROVISIONAL_NOT_FROZEN	ENST00000557111	3
PROVISIONAL_NOT_FROZEN	ENST00000502689	0
PROVISIONAL_NOT_FROZEN	ENST00000361337	1
PROVISIONAL_NOT_FROZEN	ENST00000519170	1
PROVISIONAL_NOT_FROZEN	ENST00000415648	3
PROVISIONAL_NOT_FROZEN	ENST00000558639	3
PROVISIONAL_NOT_FROZEN	ENST00000513027	1
PROVISIONAL_NOT_FROZEN	ENST00000233146	2
PROVISIONAL_NOT_FROZEN	ENST00000607394	4
PROVISIONAL_NOT_FROZEN	ENST00000463015	3
PROVISIONAL_NOT_FROZEN	ENST00000583515	0
PROVISIONAL_NOT_FROZEN	ENST00000379535	4
PROVISIONAL_NOT_FROZEN	ENST00000350697	2
PROVISIONAL_NOT_FROZEN	ENST00000403105	3
PROVISIONAL_NOT_FROZEN	ENST00000555698	3
PROVISIONAL_NOT_FROZEN	ENST00000549562	1
PROVISIONAL_NOT_FROZEN	ENST00000507316	0
PROVISIONAL_NOT_FROZEN	ENST00000484488	2
PROVISIONAL_NOT_FROZEN	ENST00000462256	3
PROVISIONAL_NOT_FROZEN	ENST00000483181	3
PROVISIONAL_NOT_FROZEN	ENST00000396914	4
PROVISIONAL_NOT_FROZEN	ENST00000215742	4
PROVISIONAL_NOT_FROZEN	ENST00000533455	4
PROVISIONAL_NOT_FROZEN	ENST00000381513	4
PROVISIONAL_NOT_FROZEN	ENST00000282074	4
PROVISIONAL_NOT_FROZEN	ENST00000549612	2
PROVISIONAL_NOT_FROZEN	ENST00000025399	4
PROVISIONAL_NOT_FROZEN	ENST00000476746	1
PROVISIONAL_NOT_FROZEN	ENST00000415930	2
PROVISIONAL_NOT_FROZEN	ENST00000614328	2
PROVISIONAL_NOT_FROZEN	ENST00000437628	1
PROVISIONAL_NOT_FROZEN	ENST00000581697	2
PROVISIONAL_NOT_FROZEN	ENST00000569317	3
PROVISIONAL_NOT_FROZEN	ENST00000439255	3
PROVISIONAL_NOT_FROZEN	ENST00000601358	3
PROVISIONAL_NOT_FROZEN	ENST00000481323	4
PROVISIONAL_NOT_FROZEN	ENST00000449832	1
PROVISIONAL_NOT_FROZEN	ENST00000520079	0
PROVISIONAL_NOT_FROZEN	ENST00000426017	3
PROVISIONAL_NOT_FROZEN	ENST00000379316	0
PROVISIONAL_NOT_FROZEN	ENST00000336767	0
PROVISIONAL_NOT_FROZEN	ENST00000370290	2
PROVISIONAL_NOT_FROZEN	ENST00000554455	3
PROVISIONAL_NOT_FROZEN	ENST00000481047	3
PROVISIONAL_NOT_FROZEN	ENST00000272418	0
PROVISIONAL_NOT_FROZEN	ENST00000491084	4
PROVISIONAL_NOT_FROZEN	ENST00000511107	2
PROVISIONAL_NOT_FROZEN	ENST00000317378	0
PROVISIONAL_NOT_FROZEN	ENST00000457942	0
PROVISIONAL_NOT_FROZEN	ENST00000436612	0
PROVISIONAL_NOT_FROZEN	ENST00000328631	4
PROVISIONAL_NOT_FROZEN	ENST00000571947	2
PROVISIONAL_NOT_FROZEN	ENST00000372856	2
PROVISIONAL_NOT_FROZEN	ENST00000355257	4
PROVISIONAL_NOT_FROZEN	ENST00000486500	4
PROVISIONAL_NOT_FROZEN	ENST00000588661	3
PROVISIONAL_NOT_FROZEN	ENST00000484430	0
PROVISIONAL_NOT_FROZEN	ENST00000475295	1
PROVISIONAL_NOT_FROZEN	ENST00000443722	3
PROVISIONAL_NOT_FROZEN	ENST00000522445	3
PROVISIONAL_NOT_FROZEN	ENST00000480615	3
PROVISIONAL_NOT_FROZEN	ENST00000478846	3
PROVISIONAL_NOT_FROZEN	ENST00000299424	3
PROVISIONAL_NOT_FROZEN	ENST00000549471	0
PROVISIONAL_NOT_FROZEN	ENST00000586746	0
PROVISIONAL_NOT_FROZEN	ENST00000319466	3
PROVISIONAL_NOT_FROZEN	ENST00000534386	0
PROVISIONAL_NOT_FROZEN	ENST00000523966	0
PROVISIONAL_NOT_FROZEN	ENST00000488278	0
PROVISIONAL_NOT_FROZEN	ENST00000377891	1
PROVISIONAL_NOT_FROZEN	ENST00000577210	0
PROVISIONAL_NOT_FROZEN	ENST00000404609	2
PROVISIONAL_NOT_FROZEN	ENST00000331666	0
PROVISIONAL_NOT_FROZEN	ENST00000381061	2
PROVISIONAL_NOT_FROZEN	ENST00000538502	3
PROVISIONAL_NOT_FROZEN	ENST00000519858	0
PROVISIONAL_NOT_FROZEN	ENST00000519156	3
PROVISIONAL_NOT_FROZEN	ENST00000506672	2
PROVISIONAL_NOT_FROZEN	ENST00000465727	4
PROVISIONAL_NOT_FROZEN	ENST00000409870	1
PROVISIONAL_NOT_FROZEN	ENST00000508003	0
PROVISIONAL_NOT_FROZEN	ENST00000615999	3
PROVISIONAL_NOT_FROZEN	ENST00000498694	1
PROVISIONAL_NOT_FROZEN	ENST00000265404	4
PROVISIONAL_NOT_FROZEN	ENST00000361624	2
PROVISIONAL_NOT_FROZEN	ENST00000466525	4
PROVISIONAL_NOT_FROZEN	ENST00000422447	4
PROVISIONAL_NOT_FROZEN	ENST00000468777	3
PROVISIONAL_NOT_FROZEN	ENST00000428027	4
PROVISIONAL_NOT_FROZEN	ENST00000397381	1
PROVISIONAL_NOT_FROZEN	ENST00000484601	0
PROVISIONAL_NOT_FROZEN	ENST00000394223	0
PROVISIONAL_NOT_FROZEN	ENST00000530886	4
PROVISIONAL_NOT_FROZEN	ENST00000497254	4
PROVISIONAL_NOT_FROZEN	ENST00000551589	1
PROVISIONAL_NOT_FROZEN	ENST00000412097	1
PROVISIONAL_NOT_FROZEN	ENST00000325349	2
PROVISIONAL_NOT_FROZEN	ENST00000295682	4
PROVISIONAL_NOT_FROZEN	ENST00000533872	2
PROVISIONAL_NOT_FROZEN	ENST00000461347	0
PROVISIONAL_NOT_FROZEN	ENST00000436285	3
PROVISIONAL_NOT_FROZEN	ENST00000424964	2
PROVISIONAL_NOT_FROZEN	ENST00000407360	3
PROVISIONAL_NOT_FROZEN	ENST00000476464	3
PROVISIONAL_NOT_FROZEN	ENST00000481187	1
PROVISIONAL_NOT_FROZEN	ENST00000596247	4
PROVISIONAL_NOT_FROZEN	ENST00000291442	1
PROVISIONAL_NOT_FROZEN	ENST00000497453	2
PROVISIONAL_NOT_FROZEN	ENST00000593748	4
PROVISIONAL_NOT_FROZEN	ENST00000391752	3
PROVISIONAL_NOT_FROZEN	ENST00000359315	4
PROVISIONAL_NOT_FROZEN	ENST00000599699	0
PROVISIONAL_NOT_FROZEN	ENST00000549481	3
PROVISIONAL_NOT_FROZEN	ENST00000495420	1
PROVISIONAL_NOT_FROZEN	ENST00000522453	1
PROVISIONAL_NOT_FROZEN	ENST00000539782	2
PROVISIONAL_NOT_FROZEN	ENST00000512673	2
PROVISIONAL_NOT_FROZEN	ENST00000586942	0
PROVISIONAL_NOT_FROZEN	ENST00000616174	2
PROVISIONAL_NOT_FROZEN	ENST00000544755	4
PROVISIONAL_NOT_FROZEN	ENST00000323274	4
PROVISIONAL_NOT_FROZEN	ENST00000481098	4
PROVISIONAL_NOT_FROZEN	ENST00000554813	2
PROVISIONAL_NOT_FROZEN	ENST00000513523	3
PROVISIONAL_NOT_FROZEN	ENST00000559254	3
PROVISIONAL_NOT_FROZEN	ENST00000396185	3
PROVISIONAL_NOT_FROZEN	ENST00000225972	1
PROVISIONAL_NOT_FROZEN	ENST00000529254	3
PROVISIONAL_NOT_FROZEN	ENST00000445584	4
PROVISIONAL_NOT_FROZEN	ENST00000416690	4
PROVISIONAL_NOT_FROZEN	ENST00000327428	1
PROVISIONAL_NOT_FROZEN	ENST00000429772	3
PROVISIONAL_NOT_FROZEN	ENST00000447479	0
PROVISIONAL_NOT_FROZEN	ENST00000483613	4
PROVISIONAL_NOT_FROZEN	ENST00000262395	2
PROVISIONAL_NOT_FROZEN	ENST00000367495	3
PROVISIONAL_NOT_FROZEN	ENST00000528643	2
PROVISIONAL_NOT_FROZEN	ENST00000413316	2
PROVISIONAL_NOT_FROZEN	ENST00000498642	2
PROVISIONAL_NOT_FROZEN	ENST00000366513	0
PROVISIONAL_NOT_FROZEN	ENST00000532786	1
PROVISIONAL_NOT_FROZEN	ENST00000497113	2
PROVISIONAL_NOT_FROZEN	ENST00000602676	3
PROVISIONAL_NOT_FROZEN	ENST00000598985	1
PROVISIONAL_NOT_FROZEN	ENST00000374133	4
PROVISIONAL_NOT_FROZEN	ENST00000464211	0
PROVISIONAL_NOT_FROZEN	ENST00000531023	4
PROVISIONAL_NOT_FROZEN	ENST00000547566	1
PROVISIONAL_NOT_FROZEN	ENST00000252599	4
PROVISIONAL_NOT_FROZEN	ENST00000432444	4
PROVISIONAL_NOT_FROZEN	ENST00000432458	3
PROVISIONAL_NOT_FROZEN	ENST00000263559	2
PROVISIONAL_NOT_FROZEN	ENST00000557033	3
PROVISIONAL_NOT_FROZEN	ENST00000524583	3
PROVISIONAL_NOT_FROZEN	ENST00000434152	2
PROVISIONAL_NOT_FROZEN	ENST00000482506	3
PROVISIONAL_NOT_FROZEN	ENST00000491294	3
PROVISIONAL_NOT_FROZEN	ENST00000455094	1
PROVISIONAL_NOT_FROZEN	ENST00000344529	1
PROVISIONAL_NOT_FROZEN	ENST00000246554	3
PROVISIONAL_NOT_FROZEN	ENST00000626352	1
PROVISIONAL_NOT_FROZEN	ENST00000618693	1
PROVISIONAL_NOT_FROZEN	ENST00000417101	2
PROVISIONAL_NOT_FROZEN	ENST00000507961	0
PROVISIONAL_NOT_FROZEN	ENST00000396386	2
PROVISIONAL_NOT_FROZEN	ENST00000529524	4
PROVISIONAL_NOT_FROZEN	ENST00000495177	1
PROVISIONAL_NOT_FROZEN	ENST00000219169	3
PROVISIONAL_NOT_FROZEN	ENST00000518657	2
PROVISIONAL_NOT_FROZEN	ENST00000464969	2
PROVISIONAL_NOT_FROZEN	ENST00000404092	3
PROVISIONAL_NOT_FROZEN	ENST00000374501	4
PROVISIONAL_NOT_FROZEN	ENST00000258080	4
PROVISIONAL_NOT_FROZEN	ENST00000549143	4
PROVISIONAL_NOT_FROZEN	ENST00000530664	2
PROVISIONAL_NOT_FROZEN	ENST00000471185	3
PROVISIONAL_NOT_FROZEN	ENST00000303004	1
PROVISIONAL_NOT_FROZEN	ENST00000341372	4
PROVISIONAL_NOT_FROZEN	ENST00000478613	4
PROVISIONAL_NOT_FROZEN	ENST00000447187	2
PROVISIONAL_NOT_FROZEN	ENST00000563473	3
PROVISIONAL_NOT_FROZEN	ENST00000489459	3
PROVISIONAL_NOT_FROZEN	ENST00000414183	3
PROVISIONAL_NOT_FROZEN	ENST00000568235	0
PROVISIONAL_NOT_FROZEN	ENST00000599539	1
PROVISIONAL_NOT_FROZEN	ENST00000564243	0
PROVISIONAL_NOT_FROZEN	ENST00000589240	0
PROVISIONAL_NOT_FROZEN	ENST00000541041	0
PROVISIONAL_NOT_FROZEN	ENST00000488226	0
PROVISIONAL_NOT_FROZEN	ENST00000370491	0
PROVISIONAL_NOT_FROZEN	ENST00000578532	0
PROVISIONAL_NOT_FROZEN	ENST00000216455	4
PROVISIONAL_NOT_FROZEN	ENST00000498685	0
PROVISIONAL_NOT_FROZEN	ENST00000442966	0
PROVISIONAL_NOT_FROZEN	ENST00000374948	3
PROVISIONAL_NOT_FROZEN	ENST00000215904	3
PROVISIONAL_NOT_FROZEN	ENST00000439370	1
PROVISIONAL_NOT_FROZEN	ENST00000526696	2
PROVISIONAL_NOT_FROZEN	ENST00000524568	2
PROVISIONAL_NOT_FROZEN	ENST00000515524	0
PROVISIONAL_NOT_FROZEN	ENST00000515314	4
PROVISIONAL_NOT_FROZEN	ENST00000549273	2
PROVISIONAL_NOT_FROZEN	ENST00000553151	3
PROVISIONAL_NOT_FROZEN	ENST00000524958	1
PROVISIONAL_NOT_FROZEN	ENST00000535217	4
PROVISIONAL_NOT_FROZEN	ENST00000265896	0
PROVISIONAL_NOT_FROZEN	ENST00000543695	4
PROVISIONAL_NOT_FROZEN	ENST00000483706	2
PROVISIONAL_NOT_FROZEN	ENST00000616722	2
PROVISIONAL_NOT_FROZEN	ENST00000438587	4
PROVISIONAL_NOT_FROZEN	ENST00000601216	3
PROVISIONAL_NOT_FROZEN	ENST00000361131	4
PROVISIONAL_NOT_FROZEN	ENST00000395047	3
PROVISIONAL_NOT_FROZEN	ENST00000531625	0
PROVISIONAL_NOT_FROZEN	ENST00000434101	1
PROVISIONAL_NOT_FROZEN	ENST00000493961	4
PROVISIONAL_NOT_FROZEN	ENST00000525365	3
PROVISIONAL_NOT_FROZEN	ENST00000489767	4
PROVISIONAL_NOT_FROZEN	ENST00000575058	3
PROVISIONAL_NOT_FROZEN	ENST00000409281	3
PROVISIONAL_NOT_FROZEN	ENST00000462092	3
PROVISIONAL_NOT_FROZEN	ENST00000418217	3
PROVISIONAL_NOT_FROZEN	ENST00000493119	4
PROVISIONAL_NOT_FROZEN	ENST00000620958	3
PROVISIONAL_NOT_FROZEN	ENST00000463880	4
PROVISIONAL_NOT_FROZEN	ENST00000488216	4
PROVISIONAL_NOT_FROZEN	ENST00000467766	4
PROVISIONAL_NOT_FROZEN	ENST00000331200	4
PROVISIONAL_NOT_FROZEN	ENST00000505327	3
PROVISIONAL_NOT_FROZEN	ENST00000501272	3
PROVISIONAL_NOT_FROZEN	ENST00000331497	2
PROVISIONAL_NOT_FROZEN	ENST00000394074	4
PROVISIONAL_NOT_FROZEN	ENST00000523877	1
PROVISIONAL_NOT_FROZEN	ENST00000592957	0
PROVISIONAL_NOT_FROZEN	ENST00000265447	0
PROVISIONAL_NOT_FROZEN	ENST00000495141	4
PROVISIONAL_NOT_FROZEN	ENST00000471290	0
PROVISIONAL_NOT_FROZEN	ENST00000487066	4
PROVISIONAL_NOT_FROZEN	ENST00000620860	0
PROVISIONAL_NOT_FROZEN	ENST00000480048	3
PROVISIONAL_NOT_FROZEN	ENST00000580972	3
PROVISIONAL_NOT_FROZEN	ENST00000247970	2
PROVISIONAL_NOT_FROZEN	ENST00000409764	3
PROVISIONAL_NOT_FROZEN	ENST00000488606	3
PROVISIONAL_NOT_FROZEN	ENST00000451562	3
PROVISIONAL_NOT_FROZEN	ENST00000544507	1
PROVISIONAL_NOT_FROZEN	ENST00000506390	3
PROVISIONAL_NOT_FROZEN	ENST00000349893	4
PROVISIONAL_NOT_FROZEN	ENST00000425442	0
PROVISIONAL_NOT_FROZEN	ENST00000480489	3
PROVISIONAL_NOT_FROZEN	ENST00000253413	3
PROVISIONAL_NOT_FROZEN	ENST00000457761	1
PROVISIONAL_NOT_FROZEN	ENST00000563790	4
PROVISIONAL_NOT_FROZEN	ENST00000396820	4
PROVISIONAL_NOT_FROZEN	ENST00000311672	3
PROVISIONAL_NOT_FROZEN	ENST00000511473	1
PROVISIONAL_NOT_FROZEN	ENST00000461005	0
PROVISIONAL_NOT_FROZEN	ENST00000420607	4
PROVISIONAL_NOT_FROZEN	ENST00000557519	3
PROVISIONAL_NOT_FROZEN	ENST00000344517	2
PROVISIONAL_NOT_FROZEN	ENST00000547480	2
PROVISIONAL_NOT_FROZEN	ENST00000514057	4
PROVISIONAL_NOT_FROZEN	ENST00000422318	1
PROVISIONAL_NOT_FROZEN	ENST00000429029	1
PROVISIONAL_NOT_FROZEN	ENST00000394333	2
PROVISIONAL_NOT_FROZEN	ENST00000397334	0
PROVISIONAL_NOT_FROZEN	ENST00000451219	4
PROVISIONAL_NOT_FROZEN	ENST00000559445	2
PROVISIONAL_NOT_FROZEN	ENST00000533698	2
PROVISIONAL_NOT_FROZEN	ENST00000506231	0
PROVISIONAL_NOT_FROZEN	ENST00000635918	0
PROVISIONAL_NOT_FROZEN	ENST00000623368	2
PROVISIONAL_NOT_FROZEN	ENST00000493987	0
PROVISIONAL_NOT_FROZEN	ENST00000492002	2
PROVISIONAL_NOT_FROZEN	ENST00000367830	1
PROVISIONAL_NOT_FROZEN	ENST00000552390	2
PROVISIONAL_NOT_FROZEN	ENST00000372116	2
PROVISIONAL_NOT_FROZEN	ENST00000394236	1
PROVISIONAL_NOT_FROZEN	ENST00000395881	0
PROVISIONAL_NOT_FROZEN	ENST00000590324	4
PROVISIONAL_NOT_FROZEN	ENST00000372798	1
PROVISIONAL_NOT_FROZEN	ENST00000560490	4
PROVISIONAL_NOT_FROZEN	ENST00000368494	0
PROVISIONAL_NOT_FROZEN	ENST00000548898	4
PROVISIONAL_NOT_FROZEN	ENST00000498787	1
PROVISIONAL_NOT_FROZEN	ENST00000506679	0
PROVISIONAL_NOT_FROZEN	ENST00000271324	0
PROVISIONAL_NOT_FROZEN	ENST00000547529	1
PROVISIONAL_NOT_FROZEN	ENST00000545464	0
PROVISIONAL_NOT_FROZEN	ENST00000469299	2
PROVISIONAL_NOT_FROZEN	ENST00000589078	4
PROVISIONAL_NOT_FROZEN	ENST00000498785	2
PROVISIONAL_NOT_FROZEN	ENST00000355491	0
PROVISIONAL_NOT_FROZEN	ENST00000482525	2
PROVISIONAL_NOT_FROZEN	ENST00000525378	2
PROVISIONAL_NOT_FROZEN	ENST00000475280	3
PROVISIONAL_NOT_FROZEN	ENST00000225308	2
PROVISIONAL_NOT_FROZEN	ENST00000484439	1
PROVISIONAL_NOT_FROZEN	ENST00000472277	0
PROVISIONAL_NOT_FROZEN	ENST00000524291	0
PROVISIONAL_NOT_FROZEN	ENST00000560640	4
PROVISIONAL_NOT_FROZEN	ENST00000627328	4
PROVISIONAL_NOT_FROZEN	ENST00000573216	0
PROVISIONAL_NOT_FROZEN	ENST00000544040	4
PROVISIONAL_NOT_FROZEN	ENST00000264108	1
PROVISIONAL_NOT_FROZEN	ENST00000589675	2
PROVISIONAL_NOT_FROZEN	ENST00000601065	3
PROVISIONAL_NOT_FROZEN	ENST00000475111	0
PROVISIONAL_NOT_FROZEN	ENST00000374116	1
PROVISIONAL_NOT_FROZEN	ENST00000488324	4
PROVISIONAL_NOT_FROZEN	ENST00000517749	1
PROVISIONAL_NOT_FROZEN	ENST00000528137	1
PROVISIONAL_NOT_FROZEN	ENST00000259895	0
PROVISIONAL_NOT_FROZEN	ENST00000369622	4
PROVISIONAL_NOT_FROZEN	ENST00000373912	4
PROVISIONAL_NOT_FROZEN	ENST00000230340	3
PROVISIONAL_NOT_FROZEN	ENST00000490649	2
PROVISIONAL_NOT_FROZEN	ENST00000444717	4
PROVISIONAL_NOT_FROZEN	ENST00000502560	2
PROVISIONAL_NOT_FROZEN	ENST00000406395	2
PROVISIONAL_NOT_FROZEN	ENST00000476944	2
PROVISIONAL_NOT_FROZEN	ENST00000474582	3
PROVISIONAL_NOT_FROZEN	ENST00000539814	4
PROVISIONAL_NOT_FROZEN	ENST00000314133	3
PROVISIONAL_NOT_FROZEN	ENST00000463213	3
PROVISIONAL_NOT_FROZEN	ENST00000539945	0
PROVISIONAL_NOT_FROZEN	ENST00000575671	0
PROVISIONAL_NOT_FROZEN	ENST00000443953	4
PROVISIONAL_NOT_FROZEN	ENST00000599101	1
PROVISIONAL_NOT_FROZEN	ENST00000568826	4
PROVISIONAL_NOT_FROZEN	ENST00000524496	0
PROVISIONAL_NOT_FROZEN	ENST00000592290	1
PROVISIONAL_NOT_FROZEN	ENST00000507022	0
PROVISIONAL_NOT_FROZEN	ENST00000309324	4
PROVISIONAL_NOT_FROZEN	ENST00000481121	1
PROVISIONAL_NOT_FROZEN	ENST00000425229	4
PROVISIONAL_NOT_FROZEN	ENST00000620753	4
PROVISIONAL_NOT_FROZEN	ENST00000524872	2
PROVISIONAL_NOT_FROZEN	ENST00000509696	1
PROVISIONAL_NOT_FROZEN	ENST00000490912	1
PROVISIONAL_NOT_FROZEN	ENST00000569365	4
PROVISIONAL_NOT_FROZEN	ENST00000464204	0
PROVISIONAL_NOT_FROZEN	ENST00000306869	0
PROVISIONAL_NOT_FROZEN	ENST00000488241	2
PROVISIONAL_NOT_FROZEN	ENST00000471813	0
PROVISIONAL_NOT_FROZEN	ENST00000610160	0
PROVISIONAL_NOT_FROZEN	ENST00000507669	0
PROVISIONAL_NOT_FROZEN	ENST00000335574	3
PROVISIONAL_NOT_FROZEN	ENST00000372097	4
PROVISIONAL_NOT_FROZEN	ENST00000480226	0
PROVISIONAL_NOT_FROZEN	ENST00000488752	4
PROVISIONAL_NOT_FROZEN	ENST00000506259	0
PROVISIONAL_NOT_FROZEN	ENST00000257663	1
PROVISIONAL_NOT_FROZEN	ENST00000470131	1
PROVISIONAL_NOT_FROZEN	ENST00000462221	3
PROVISIONAL_NOT_FROZEN	ENST00000562442	1
PROVISIONAL_NOT_FROZEN	ENST00000546937	0
PROVISIONAL_NOT_FROZEN	ENST00000323959	1
PROVISIONAL_NOT_FROZEN	ENST00000392244	1
PROVISIONAL_NOT_FROZEN	ENST00000544868	0
PROVISIONAL_NOT_FROZEN	ENST00000486032	0
PROVISIONAL_NOT_FROZEN	ENST00000414130	4
PROVISIONAL_NOT_FROZEN	ENST00000488610	0
PROVISIONAL_NOT_FROZEN	ENST00000270776	4
PROVISIONAL_NOT_FROZEN	ENST00000532935	1
PROVISIONAL_NOT_FROZEN	ENST00000484727	1
PROVISIONAL_NOT_FROZEN	ENST00000564973	3
PROVISIONAL_NOT_FROZEN	ENST00000373909	4
PROVISIONAL_NOT_FROZEN	ENST00000538069	2
PROVISIONAL_NOT_FROZEN	ENST00000486062	3
PROVISIONAL_NOT_FROZEN	ENST00000498095	1
PROVISIONAL_NOT_FROZEN	ENST00000514808	0
PROVISIONAL_NOT_FROZEN	ENST00000530799	1
PROVISIONAL_NOT_FROZEN	ENST00000573786	3
PROVISIONAL_NOT_FROZEN	ENST00000512344	0
PROVISIONAL_NOT_FROZEN	ENST00000463397	1
PROVISIONAL_NOT_FROZEN	ENST00000376663	1
PROVISIONAL_NOT_FROZEN	ENST00000525419	3
PROVISIONAL_NOT_FROZEN	ENST00000553711	2
PROVISIONAL_NOT_FROZEN	ENST00000575994	2
PROVISIONAL_NOT_FROZEN	ENST00000495996	0
PROVISIONAL_NOT_FROZEN	ENST00000533969	4
PROVISIONAL_NOT_FROZEN	ENST00000484481	2
PROVISIONAL_NOT_FROZEN	ENST00000266970	0
PROVISIONAL_NOT_FROZEN	ENST00000330334	2
PROVISIONAL_NOT_FROZEN	ENST00000484872	1
PROVISIONAL_NOT_FROZEN	ENST00000409965	0
PROVISIONAL_NOT_FROZEN	ENST00000433415	3
PROVISIONAL_NOT_FROZEN	ENST00000451091	2
PROVISIONAL_NOT_FROZEN	ENST00000507010	1
PROVISIONAL_NOT_FROZEN	ENST00000539477	1
PROVISIONAL_NOT_FROZEN	ENST00000446996	2
PROVISIONAL_NOT_FROZEN	ENST00000530114	3
PROVISIONAL_NOT_FROZEN	ENST00000486769	1
PROVISIONAL_NOT_FROZEN	ENST00000554446	2
PROVISIONAL_NOT_FROZEN	ENST00000469221	2
PROVISIONAL_NOT_FROZEN	ENST00000347262	3
PROVISIONAL_NOT_FROZEN	ENST00000360059	1
PROVISIONAL_NOT_FROZEN	ENST00000495868	1
PROVISIONAL_NOT_FROZEN	ENST00000491322	3
PROVISIONAL_NOT_FROZEN	ENST00000477994	0
PROVISIONAL_NOT_FROZEN	ENST00000489842	4
PROVISIONAL_NOT_FROZEN	ENST00000430450	3
PROVISIONAL_NOT_FROZEN	ENST00000435169	4
PROVISIONAL_NOT_FROZEN	ENST00000630130	3
PROVISIONAL_NOT_FROZEN	ENST00000591272	4
PROVISIONAL_NOT_FROZEN	ENST00000576925	0
PROVISIONAL_NOT_FROZEN	ENST00000582730	2
PROVISIONAL_NOT_FROZEN	ENST00000502844	1
PROVISIONAL_NOT_FROZEN	ENST00000470287	4
PROVISIONAL_NOT_FROZEN	ENST00000616760	0
PROVISIONAL_NOT_FROZEN	ENST00000373809	4
PROVISIONAL_NOT_FROZEN	ENST00000326446	1
PROVISIONAL_NOT_FROZEN	ENST00000372054	0
PROVISIONAL_NOT_FROZEN	ENST00000595223	2
PROVISIONAL_NOT_FROZEN	ENST00000581551	2
PROVISIONAL_NOT_FROZEN	ENST00000559482	1
PROVISIONAL_NOT_FROZEN	ENST00000532229	2
PROVISIONAL_NOT_FROZEN	ENST00000628318	3
PROVISIONAL_NOT_FROZEN	ENST00000396809	0
PROVISIONAL_NOT_FROZEN	ENST00000526770	3
PROVISIONAL_NOT_FROZEN	ENST00000504016	0
PROVISIONAL_NOT_FROZEN	ENST00000469123	3
PROVISIONAL_NOT_FROZEN	ENST00000450584	2
PROVISIONAL_NOT_FROZEN	ENST00000291552	4
PROVISIONAL_NOT_FROZEN	ENST00000471259	1
PROVISIONAL_NOT_FROZEN	ENST00000221859	4
PROVISIONAL_NOT_FROZEN	ENST00000397561	4
PROVISIONAL_NOT_FROZEN	ENST00000328379	3
PROVISIONAL_NOT_FROZEN	ENST00000577910	0
PROVISIONAL_NOT_FROZEN	ENST00000553681	2
PROVISIONAL_NOT_FROZEN	ENST00000499860	4
PROVISIONAL_NOT_FROZEN	ENST00000393893	0
PROVISIONAL_NOT_FROZEN	ENST00000518174	4
PROVISIONAL_NOT_FROZEN	ENST00000466801	1
PROVISIONAL_NOT_FROZEN	ENST00000549178	1
PROVISIONAL_NOT_FROZEN	ENST00000584177	4
PROVISIONAL_NOT_FROZEN	ENST00000585056	0
PROVISIONAL_NOT_FROZEN	ENST00000464397	3
PROVISIONAL_NOT_FROZEN	ENST00000502576	0
PROVISIONAL_NOT_FROZEN	ENST00000310055	3
PROVISIONAL_NOT_FROZEN	ENST00000370994	4
PROVISIONAL_NOT_FROZEN	ENST00000216122	2
PROVISIONAL_NOT_FROZEN	ENST00000481365	3
PROVISIONAL_NOT_FROZEN	ENST00000452781	2
PROVISIONAL_NOT_FROZEN	ENST00000558978	4
PROVISIONAL_NOT_FROZEN	ENST00000410067	1
PROVISIONAL_NOT_FROZEN	ENST00000523019	1
PROVISIONAL_NOT_FROZEN	ENST00000349496	3
PROVISIONAL_NOT_FROZEN	ENST00000596582	0
PROVISIONAL_NOT_FROZEN	ENST00000556821	1
PROVISIONAL_NOT_FROZEN	ENST00000257787	0
PROVISIONAL_NOT_FROZEN	ENST00000437995	2
PROVISIONAL_NOT_FROZEN	ENST00000397505	2
PROVISIONAL_NOT_FROZEN	ENST00000225655	1
PROVISIONAL_NOT_FROZEN	ENST00000256897	0
PROVISIONAL_NOT_FROZEN	ENST00000434726	3
PROVISIONAL_NOT_FROZEN	ENST00000558472	4
PROVISIONAL_NOT_FROZEN	ENST00000513428	3
PROVISIONAL_NOT_FROZEN	ENST00000615993	4
PROVISIONAL_NOT_FROZEN	ENST00000586481	4
PROVISIONAL_NOT_FROZEN	ENST00000426650	0
PROVISIONAL_NOT_FROZEN	ENST00000343043	2
PROVISIONAL_NOT_FROZEN	ENST00000486918	3
PROVISIONAL_NOT_FROZEN	ENST00000492691	4
PROVISIONAL_NOT_FROZEN	ENST00000495909	4
PROVISIONAL_NOT_FROZEN	ENST00000604757	4
PROVISIONAL_NOT_FROZEN	ENST00000438127	3
PROVISIONAL_NOT_FROZEN	ENST00000435781	3
PROVISIONAL_NOT_FROZEN	ENST00000413583	3
PROVISIONAL_NOT_FROZEN	ENST00000440277	2
PROVISIONAL_NOT_FROZEN	ENST00000441883	2
PROVISIONAL_NOT_FROZEN	ENST00000569217	1
PROVISIONAL_NOT_FROZEN	ENST00000476896	2
PROVISIONAL_NOT_FROZEN	ENST00000369026	1
PROVISIONAL_NOT_FROZEN	ENST00000618248	1
PROVISIONAL_NOT_FROZEN	ENST00000585856	4
PROVISIONAL_NOT_FROZEN	ENST00000423411	0
PROVISIONAL_NOT_FROZEN	ENST00000371344	0
PROVISIONAL_NOT_FROZEN	ENST00000491476	2
PROVISIONAL_NOT_FROZEN	ENST00000567500	1
PROVISIONAL_NOT_FROZEN	ENST00000544804	0
PROVISIONAL_NOT_FROZEN	ENST00000526497	1
PROVISIONAL_NOT_FROZEN	ENST00000548847	4
PROVISIONAL_NOT_FROZEN	ENST00000278823	1
PROVISIONAL_NOT_FROZEN	ENST00000411915	1
PROVISIONAL_NOT_FROZEN	ENST00000375640	2
PROVISIONAL_NOT_FROZEN	ENST00000589189	2
PROVISIONAL_NOT_FROZEN	ENST00000493946	2
PROVISIONAL_NOT_FROZEN	ENST00000238112	4
PROVISIONAL_NOT_FROZEN	ENST00000453523	0
PROVISIONAL_NOT_FROZEN	ENST00000469811	3
PROVISIONAL_NOT_FROZEN	ENST00000609350	0
PROVISIONAL_NOT_FROZEN	ENST00000409789	4
PROVISIONAL_NOT_FROZEN	ENST00000542922	1
PROVISIONAL_NOT_FROZEN	ENST00000320895	1
PROVISIONAL_NOT_FROZEN	ENST00000493076	2
PROVISIONAL_NOT_FROZEN	ENST00000402136	4
PROVISIONAL_NOT_FROZEN	ENST00000617141	4
PROVISIONAL_NOT_FROZEN	ENST00000486836	2
PROVISIONAL_NOT_FROZEN	ENST00000494558	3
PROVISIONAL_NOT_FROZEN	ENST00000480561	3
PROVISIONAL_NOT_FROZEN	ENST00000529516	4
PROVISIONAL_NOT_FROZEN	ENST00000540264	1
PROVISIONAL_NOT_FROZEN	ENST00000574576	4
PROVISIONAL_NOT_FROZEN	ENST00000587873	2
PROVISIONAL_NOT_FROZEN	ENST00000396982	2
PROVISIONAL_NOT_FROZEN	ENST00000396020	3
PROVISIONAL_NOT_FROZEN	ENST00000445425	4
PROVISIONAL_NOT_FROZEN	ENST00000310473	0
PROVISIONAL_NOT_FROZEN	ENST00000483659	2
PROVISIONAL_NOT_FROZEN	ENST00000370128	3
PROVISIONAL_NOT_FROZEN	ENST00000478034	2
PROVISIONAL_NOT_FROZEN	ENST00000418340	1
PROVISIONAL_NOT_FROZEN	ENST00000518406	0
PROVISIONAL_NOT_FROZEN	ENST00000371621	0
PROVISIONAL_NOT_FROZEN	ENST00000344034	0
PROVISIONAL_NOT_FROZEN	ENST00000560099	3
PROVISIONAL_NOT_FROZEN	ENST00000460307	2
PROVISIONAL_NOT_FROZEN	ENST00000419989	3
PROVISIONAL_NOT_FROZEN	ENST00000469261	1
PROVISIONAL_NOT_FROZEN	ENST00000517501	0
PROVISIONAL_NOT_FROZEN	ENST00000357849	2
PROVISIONAL_NOT_FROZEN	ENST00000409563	2
PROVISIONAL_NOT_FROZEN	ENST00000462760	3
PROVISIONAL_NOT_FROZEN	ENST00000490506	2
PROVISIONAL_NOT_FROZEN	ENST00000449367	2
PROVISIONAL_NOT_FROZEN	ENST00000432031	1
PROVISIONAL_NOT_FROZEN	ENST00000373627	2
PROVISIONAL_NOT_FROZEN	ENST00000571617	2
PROVISIONAL_NOT_FROZEN	ENST00000582222	2
PROVISIONAL_NOT_FROZEN	ENST00000589978	0
PROVISIONAL_NOT_FROZEN	ENST00000329559	0
PROVISIONAL_NOT_FROZEN	ENST00000336273	2
PROVISIONAL_NOT_FROZEN	ENST00000561169	2
PROVISIONAL_NOT_FROZEN	ENST00000445623	2
PROVISIONAL_NOT_FROZEN	ENST00000250124	1
PROVISIONAL_NOT_FROZEN	ENST00000476826	1
PROVISIONAL_NOT_FROZEN	ENST00000449289	3
PROVISIONAL_NOT_FROZEN	ENST00000620965	3
PROVISIONAL_NOT_FROZEN	ENST00000407422	0
PROVISIONAL_NOT_FROZEN	ENST00000533442	3
PROVISIONAL_NOT_FROZEN	ENST00000471855	1
PROVISIONAL_NOT_FROZEN	ENST00000562875	2
PROVISIONAL_NOT_FROZEN	ENST00000600092	4
PROVISIONAL_NOT_FROZEN	ENST00000466218	2
PROVISIONAL_NOT_FROZEN	ENST00000376509	2
PROVISIONAL_NOT_FROZEN	ENST00000546266	2
PROVISIONAL_NOT_FROZEN	ENST00000526638	2
PROVISIONAL_NOT_FROZEN	ENST00000525946	2
PROVISIONAL_NOT_FROZEN	ENST00000496934	1
PROVISIONAL_NOT_FROZEN	ENST00000474542	0
PROVISIONAL_NOT_FROZEN	ENST00000498453	1
PROVISIONAL_NOT_FROZEN	ENST00000549863	0
PROVISIONAL_NOT_FROZEN	ENST00000399822	4
PROVISIONAL_NOT_FROZEN	ENST00000490221	2
PROVISIONAL_NOT_FROZEN	ENST00000451383	1
PROVISIONAL_NOT_FROZEN	ENST00000623001	0
PROVISIONAL_NOT_FROZEN	ENST00000379254	3
PROVISIONAL_NOT_FROZEN	ENST00000433898	0
PROVISIONAL_NOT_FROZEN	ENST00000557120	0
PROVISIONAL_NOT_FROZEN	ENST00000465771	0
PROVISIONAL_NOT_FROZEN	ENST00000447696	2
PROVISIONAL_NOT_FROZEN	ENST00000511450	4
PROVISIONAL_NOT_FROZEN	ENST00000349736	1
PROVISIONAL_NOT_FROZEN	ENST00000428879	2
PROVISIONAL_NOT_FROZEN	ENST00000505922	2
PROVISIONAL_NOT_FROZEN	ENST00000299299	4
PROVISIONAL_NOT_FROZEN	ENST00000482348	4
PROVISIONAL_NOT_FROZEN	ENST00000427499	0
PROVISIONAL_NOT_FROZEN	ENST00000555873	4
PROVISIONAL_NOT_FROZEN	ENST00000529564	4
PROVISIONAL_NOT_FROZEN	ENST00000431779	4
PROVISIONAL_NOT_FROZEN	ENST00000482962	1
PROVISIONAL_NOT_FROZEN	ENST00000552362	1
PROVISIONAL_NOT_FROZEN	ENST00000483394	1
PROVISIONAL_NOT_FROZEN	ENST00000441022	2
PROVISIONAL_NOT_FROZEN	ENST00000395569	3
PROVISIONAL_NOT_FROZEN	ENST00000530721	2
PROVISIONAL_NOT_FROZEN	ENST00000583313	3
PROVISIONAL_NOT_FROZEN	ENST00000437136	2
PROVISIONAL_NOT_FROZEN	ENST00000417287	1
PROVISIONAL_NOT_FROZEN	ENST00000252934	2
PROVISIONAL_NOT_FROZEN	ENST00000409628	1
PROVISIONAL_NOT_FROZEN	ENST00000598923	4
PROVISIONAL_NOT_FROZEN	ENST00000578444	4
PROVISIONAL_NOT_FROZEN	ENST00000250495	4
PROVISIONAL_NOT_FROZEN	ENST00000556226	3
PROVISIONAL_NOT_FROZEN	ENST00000591981	4
PROVISIONAL_NOT_FROZEN	ENST00000523853	1
PROVISIONAL_NOT_FROZEN	ENST00000508474	1
PROVISIONAL_NOT_FROZEN	ENST00000355105	0
PROVISIONAL_NOT_FROZEN	ENST00000472930	4
PROVISIONAL_NOT_FROZEN	ENST00000438998	0
PROVISIONAL_NOT_FROZEN	ENST00000558843	4
PROVISIONAL_NOT_FROZEN	ENST00000507103	3
PROVISIONAL_NOT_FROZEN	ENST00000519470	1
PROVISIONAL_NOT_FROZEN	ENST00000489418	1
PROVISIONAL_NOT_FROZEN	ENST00000512713	4
PROVISIONAL_NOT_FROZEN	ENST00000453600	1
PROVISIONAL_NOT_FROZEN	ENST00000592107	4
PROVISIONAL_NOT_FROZEN	ENST00000565012	1
PROVISIONAL_NOT_FROZEN	ENST00000437329	2
PROVISIONAL_NOT_FROZEN	ENST00000526242	2
PROVISIONAL_NOT_FROZEN	ENST00000509706	2
PROVISIONAL_NOT_FROZEN	ENST00000263629	3
PROVISIONAL_NOT_FROZEN	ENST00000486071	1
PROVISIONAL_NOT_FROZEN	ENST00000513584	1
PROVISIONAL_NOT_FROZEN	ENST00000462723	2
PROVISIONAL_NOT_FROZEN	ENST00000550069	3
PROVISIONAL_NOT_FROZEN	ENST00000384084	3
PROVISIONAL_NOT_FROZEN	ENST00000586925	1
PROVISIONAL_NOT_FROZEN	ENST00000449329	1
PROVISIONAL_NOT_FROZEN	ENST00000485521	1
PROVISIONAL_NOT_FROZEN	ENST00000474661	0
PROVISIONAL_NOT_FROZEN	ENST00000476408	0
PROVISIONAL_NOT_FROZEN	ENST00000293860	2
PROVISIONAL_NOT_FROZEN	ENST00000426405	0
PROVISIONAL_NOT_FROZEN	ENST00000617074	0
PROVISIONAL_NOT_FROZEN	ENST00000354336	1
PROVISIONAL_NOT_FROZEN	ENST00000489883	0
PROVISIONAL_NOT_FROZEN	ENST00000465604	4
PROVISIONAL_NOT_FROZEN	ENST00000518218	1
PROVISIONAL_NOT_FROZEN	ENST00000465923	2
PROVISIONAL_NOT_FROZEN	ENST00000526686	2
PROVISIONAL_NOT_FROZEN	ENST00000372994	3
PROVISIONAL_NOT_FROZEN	ENST00000471705	1
PROVISIONAL_NOT_FROZEN	ENST00000338167	0
PROVISIONAL_NOT_FROZEN	ENST00000403775	3
PROVISIONAL_NOT_FROZEN	ENST00000463987	3
PROVISIONAL_NOT_FROZEN	ENST00000379757	0
PROVISIONAL_NOT_FROZEN	ENST00000578806	3
PROVISIONAL_NOT_FROZEN	ENST00000591931	0
PROVISIONAL_NOT_FROZEN	ENST00000457423	0
PROVISIONAL_NOT_FROZEN	ENST00000411292	4
PROVISIONAL_NOT_FROZEN	ENST00000463903	1
PROVISIONAL_NOT_FROZEN	ENST00000613916	1
PROVISIONAL_NOT_FROZEN	ENST00000569438	3
PROVISIONAL_NOT_FROZEN	ENST00000486234	1
PROVISIONAL_NOT_FROZEN	ENST00000409915	3
PROVISIONAL_NOT_FROZEN	ENST00000586283	1
PROVISIONAL_NOT_FROZEN	ENST00000450162	4
PROVISIONAL_NOT_FROZEN	ENST00000520998	1
PROVISIONAL_NOT_FROZEN	ENST00000485011	4
PROVISIONAL_NOT_FROZEN	ENST00000515763	3
PROVISIONAL_NOT_FROZEN	ENST00000254508	1
PROVISIONAL_NOT_FROZEN	ENST00000622961	2
PROVISIONAL_NOT_FROZEN	ENST00000487806	2
PROVISIONAL_NOT_FROZEN	ENST00000588858	2
PROVISIONAL_NOT_FROZEN	ENST00000339950	3
PROVISIONAL_NOT_FROZEN	ENST00000404992	0
PROVISIONAL_NOT_FROZEN	ENST00000409002	1
PROVISIONAL_NOT_FROZEN	ENST00000262213	1
PROVISIONAL_NOT_FROZEN	ENST00000596953	1
PROVISIONAL_NOT_FROZEN	ENST00000508783	0
PROVISIONAL_NOT_FROZEN	ENST00000637053	1
PROVISIONAL_NOT_FROZEN	ENST00000616898	2
PROVISIONAL_NOT_FROZEN	ENST00000252015	3
PROVISIONAL_NOT_FROZEN	ENST00000266069	3
PROVISIONAL_NOT_FROZEN	ENST00000620863	2
PROVISIONAL_NOT_FROZEN	ENST00000290158	1
PROVISIONAL_NOT_FROZEN	ENST00000585523	2
PROVISIONAL_NOT_FROZEN	ENST00000529724	1
PROVISIONAL_NOT_FROZEN	ENST00000559273	3
PROVISIONAL_NOT_FROZEN	ENST00000469257	4
PROVISIONAL_NOT_FROZEN	ENST00000522648	4
PROVISIONAL_NOT_FROZEN	ENST00000497437	1
PROVISIONAL_NOT_FROZEN	ENST00000392882	2
PROVISIONAL_NOT_FROZEN	ENST00000361188	4
PROVISIONAL_NOT_FROZEN	ENST00000373178	0
PROVISIONAL_NOT_FROZEN	ENST00000582175	2
PROVISIONAL_NOT_FROZEN	ENST00000412532	3
PROVISIONAL_NOT_FROZEN	ENST00000548033	3
PROVISIONAL_NOT_FROZEN	ENST00000219252	3
PROVISIONAL_NOT_FROZEN	ENST00000498757	0
PROVISIONAL_NOT_FROZEN	ENST00000352222	4
PROVISIONAL_NOT_FROZEN	ENST00000362097	0
PROVISIONAL_NOT_FROZEN	ENST00000477527	3
PROVISIONAL_NOT_FROZEN	ENST00000506644	2
PROVISIONAL_NOT_FROZEN	ENST00000396953	0
PROVISIONAL_NOT_FROZEN	ENST00000537372	3
PROVISIONAL_NOT_FROZEN	ENST00000520700	1
PROVISIONAL_NOT_FROZEN	ENST00000589247	2
PROVISIONAL_NOT_FROZEN	ENST00000437681	4
PROVISIONAL_NOT_FROZEN	ENST00000395458	3
PROVISIONAL_NOT_FROZEN	ENST00000520566	3
PROVISIONAL_NOT_FROZEN	ENST00000461540	3
PROVISIONAL_NOT_FROZEN	ENST00000526015	0
PROVISIONAL_NOT_FROZEN	ENST00000505430	3
PROVISIONAL_NOT_FROZEN	ENST00000361574	4
PROVISIONAL_NOT_FROZEN	ENST00000480102	2
PROVISIONAL_NOT_FROZEN	ENST00000530208	3
PROVISIONAL_NOT_FROZEN	ENST00000314138	0
PROVISIONAL_NOT_FROZEN	ENST00000547444	4
PROVISIONAL_NOT_FROZEN	ENST00000311528	4
PROVISIONAL_NOT_FROZEN	ENST00000307366	2
PROVISIONAL_NOT_FROZEN	ENST00000301019	3
PROVISIONAL_NOT_FROZEN	ENST00000251413	4
PROVISIONAL_NOT_FROZEN	ENST00000435723	1
PROVISIONAL_NOT_FROZEN	ENST00000576008	4
PROVISIONAL_NOT_FROZEN	ENST00000429985	2
PROVISIONAL_NOT_FROZEN	ENST00000357385	2
PROVISIONAL_NOT_FROZEN	ENST00000401609	0
PROVISIONAL_NOT_FROZEN	ENST00000368547	4
PROVISIONAL_NOT_FROZEN	ENST00000522940	1
PROVISIONAL_NOT_FROZEN	ENST00000216254	3
PROVISIONAL_NOT_FROZEN	ENST00000358435	4
PROVISIONAL_NOT_FROZEN	ENST00000526668	2
PROVISIONAL_NOT_FROZEN	ENST00000431628	4
PROVISIONAL_NOT_FROZEN	ENST00000473035	3
PROVISIONAL_NOT_FROZEN	ENST00000461223	1
PROVISIONAL_NOT_FROZEN	ENST00000351500	3
PROVISIONAL_NOT_FROZEN	ENST00000457490	3
PROVISIONAL_NOT_FROZEN	ENST00000534032	2
PROVISIONAL_NOT_FROZEN	ENST00000416067	4
PROVISIONAL_NOT_FROZEN	ENST00000591711	0
PROVISIONAL_NOT_FROZEN	ENST00000509410	0
PROVISIONAL_NOT_FROZEN	ENST00000622868	3
PROVISIONAL_NOT_FROZEN	ENST00000529738	3
PROVISIONAL_NOT_FROZEN	ENST00000571739	2
PROVISIONAL_NOT_FROZEN	ENST00000448395	2
PROVISIONAL_NOT_FROZEN	ENST00000473374	0
PROVISIONAL_NOT_FROZEN	ENST00000595876	1
PROVISIONAL_NOT_FROZEN	ENST00000487674	3
PROVISIONAL_NOT_FROZEN	ENST00000549606	2
PROVISIONAL_NOT_FROZEN	ENST00000570569	1
PROVISIONAL_NOT_FROZEN	ENST00000418688	4
PROVISIONAL_NOT_FROZEN	ENST00000472944	2
PROVISIONAL_NOT_FROZEN	ENST00000422252	3
PROVISIONAL_NOT_FROZEN	ENST00000552125	0
PROVISIONAL_NOT_FROZEN	ENST00000553213	1
PROVISIONAL_NOT_FROZEN	ENST00000575427	0
PROVISIONAL_NOT_FROZEN	ENST00000496593	2
PROVISIONAL_NOT_FROZEN	ENST00000441626	1
PROVISIONAL_NOT_FROZEN	ENST00000571011	0
PROVISIONAL_NOT_FROZEN	ENST00000278671	3
PROVISIONAL_NOT_FROZEN	ENST00000542434	2
PROVISIONAL_NOT_FROZEN	ENST00000414584	2
PROVISIONAL_NOT_FROZEN	ENST00000486421	4
PROVISIONAL_NOT_FROZEN	ENST00000612848	1
PROVISIONAL_NOT_FROZEN	ENST00000402237	3
PROVISIONAL_NOT_FROZEN	ENST00000360605	4
PROVISIONAL_NOT_FROZEN	ENST00000556435	2
PROVISIONAL_NOT_FROZEN	ENST00000468582	2
PROVISIONAL_NOT_FROZEN	ENST00000357736	2
PROVISIONAL_NOT_FROZEN	ENST00000419616	0
PROVISIONAL_NOT_FROZEN	ENST00000534676	3
PROVISIONAL_NOT_FROZEN	ENST00000597279	0
PROVISIONAL_NOT_FROZEN	ENST00000569997	0
PROVISIONAL_NOT_FROZEN	ENST00000497557	4
PROVISIONAL_NOT_FROZEN	ENST00000444599	3
PROVISIONAL_NOT_FROZEN	ENST00000527260	3
PROVISIONAL_NOT_FROZEN	ENST00000368063	0
PROVISIONAL_NOT_FROZEN	ENST00000361631	3
PROVISIONAL_NOT_FROZEN	ENST00000351111	2
PROVISIONAL_NOT_FROZEN	ENST00000472782	0
PROVISIONAL_NOT_FROZEN	ENST00000467334	2
PROVISIONAL_NOT_FROZEN	ENST00000590786	2
PROVISIONAL_NOT_FROZEN	ENST00000322347	4
PROVISIONAL_NOT_FROZEN	ENST00000454011	4
PROVISIONAL_NOT_FROZEN	ENST00000610434	1
PROVISIONAL_NOT_FROZEN	ENST00000577031	1
PROVISIONAL_NOT_FROZEN	ENST00000368097	0
PROVISIONAL_NOT_FROZEN	ENST00000578038	2
PROVISIONAL_NOT_FROZEN	ENST00000452248	2
PROVISIONAL_NOT_FROZEN	ENST00000354480	4
PROVISIONAL_NOT_FROZEN	ENST00000563901	0
PROVISIONAL_NOT_FROZEN	ENST00000567404	4
PROVISIONAL_NOT_FROZEN	ENST00000440551	3
PROVISIONAL_NOT_FROZEN	ENST00000503332	4
PROVISIONAL_NOT_FROZEN	ENST00000474831	2
PROVISIONAL_NOT_FROZEN	ENST00000591267	4
PROVISIONAL_NOT_FROZEN	ENST00000557862	4
PROVISIONAL_NOT_FROZEN	ENST00000023939	0
PROVISIONAL_NOT_FROZEN	ENST00000527791	2
PROVISIONAL_NOT_FROZEN	ENST00000447654	1
PROVISIONAL_NOT_FROZEN	ENST00000491560	4
PROVISIONAL_NOT_FROZEN	ENST00000513575	0
PROVISIONAL_NOT_FROZEN	ENST00000370509	4
PROVISIONAL_NOT_FROZEN	ENST00000547191	0
PROVISIONAL_NOT_FROZEN	ENST00000427861	0
PROVISIONAL_NOT_FROZEN	ENST00000539275	1
PROVISIONAL_NOT_FROZEN	ENST00000417151	4
PROVISIONAL_NOT_FROZEN	ENST00000514136	4
PROVISIONAL_NOT_FROZEN	ENST00000409659	1
PROVISIONAL_NOT_FROZEN	ENST00000416099	2
PROVISIONAL_NOT_FROZEN	ENST00000414983	1
PROVISIONAL_NOT_FROZEN	ENST00000546845	1
PROVISIONAL_NOT_FROZEN	ENST00000530204	3
PROVISIONAL_NOT_FROZEN	ENST00000265070	0
PROVISIONAL_NOT_FROZEN	ENST00000392542	0
PROVISIONAL_NOT_FROZEN	ENST00000316461	3
PROVISIONAL_NOT_FROZEN	ENST00000507606	2
PROVISIONAL_NOT_FROZEN	ENST00000403842	0
PROVISIONAL_NOT_FROZEN	ENST00000550050	4
PROVISIONAL_NOT_FROZEN	ENST00000340192	1
PROVISIONAL_NOT_FROZEN	ENST00000592535	4
PROVISIONAL_NOT_FROZEN	ENST00000359308	0
PROVISIONAL_NOT_FROZEN	ENST00000590702	4
PROVISIONAL_NOT_FROZEN	ENST00000525675	1
PROVISIONAL_NOT_FROZEN	ENST00000404824	2
PROVISIONAL_NOT_FROZEN	ENST00000315554	4
PROVISIONAL_NOT_FROZEN	ENST00000394908	4
PROVISIONAL_NOT_FROZEN	ENST00000552321	1
PROVISIONAL_NOT_FROZEN	ENST00000569885	3
PROVISIONAL_NOT_FROZEN	ENST00000399021	1
PROVISIONAL_NOT_FROZEN	ENST00000619449	0
PROVISIONAL_NOT_FROZEN	ENST00000557078	4
PROVISIONAL_NOT_FROZEN	ENST00000519239	3
PROVISIONAL_NOT_FROZEN	ENST00000555404	4
PROVISIONAL_NOT_FROZEN	ENST00000236412	3
PROVISIONAL_NOT_FROZEN	ENST00000507593	4
PROVISIONAL_NOT_FROZEN	ENST00000457312	4
PROVISIONAL_NOT_FROZEN	ENST00000527715	3
PROVISIONAL_NOT_FROZEN	ENST00000510820	4
PROVISIONAL_NOT_FROZEN	ENST00000367334	3
PROVISIONAL_NOT_FROZEN	ENST00000550878	0
PROVISIONAL_NOT_FROZEN	ENST00000615479	0
PROVISIONAL_NOT_FROZEN	ENST00000295066	3
PROVISIONAL_NOT_FROZEN	ENST00000531621	4
PROVISIONAL_NOT_FROZEN	ENST00000495810	1
PROVISIONAL_NOT_FROZEN	ENST00000492540	4
PROVISIONAL_NOT_FROZEN	ENST00000512805	1
PROVISIONAL_NOT_FROZEN	ENST00000413174	4
PROVISIONAL_NOT_FROZEN	ENST00000457241	2
PROVISIONAL_NOT_FROZEN	ENST00000362653	1
PROVISIONAL_NOT_FROZEN	ENST00000476566	4
PROVISIONAL_NOT_FROZEN	ENST00000548281	1
PROVISIONAL_NOT_FROZEN	ENST00000524415	3
PROVISIONAL_NOT_FROZEN	ENST00000433385	3
PROVISIONAL_NOT_FROZEN	ENST00000566316	3
PROVISIONAL_NOT_FROZEN	ENST00000496904	4
PROVISIONAL_NOT_FROZEN	ENST00000453468	4
PROVISIONAL_NOT_FROZEN	ENST00000463575	2
PROVISIONAL_NOT_FROZEN	ENST00000396063	1
PROVISIONAL_NOT_FROZEN	ENST00000376629	1
PROVISIONAL_NOT_FROZEN	ENST00000467681	3
PROVISIONAL_NOT_FROZEN	ENST00000480942	3
PROVISIONAL_NOT_FROZEN	ENST00000448864	3
PROVISIONAL_NOT_FROZEN	ENST00000463045	0
PROVISIONAL_NOT_FROZEN	ENST00000470592	0
PROVISIONAL_NOT_FROZEN	ENST00000596358	3
PROVISIONAL_NOT_FROZEN	ENST00000472185	0
PROVISIONAL_NOT_FROZEN	ENST00000534419	2
PROVISIONAL_NOT_FROZEN	ENST00000439272	3
PROVISIONAL_NOT_FROZEN	ENST00000445140	2
PROVISIONAL_NOT_FROZEN	ENST00000584880	0
PROVISIONAL_NOT_FROZEN	ENST00000562943	4
PROVISIONAL_NOT_FROZEN	ENST00000316634	4
PROVISIONAL_NOT_FROZEN	ENST00000228825	4
PROVISIONAL_NOT_FROZEN	ENST00000622405	4
PROVISIONAL_NOT_FROZEN	ENST00000493607	4
PROVISIONAL_NOT_FROZEN	ENST00000457654	1
PROVISIONAL_NOT_FROZEN	ENST00000306434	2
PROVISIONAL_NOT_FROZEN	ENST00000228251	4
PROVISIONAL_NOT_FROZEN	ENST00000296658	3
PROVISIONAL_NOT_FROZEN	ENST00000555619	0
PROVISIONAL_NOT_FROZEN	ENST00000526169	3
PROVISIONAL_NOT_FROZEN	ENST00000600964	3
PROVISIONAL_NOT_FROZEN	ENST00000502976	1
PROVISIONAL_NOT_FROZEN	ENST00000559602	3
PROVISIONAL_NOT_FROZEN	ENST00000432849	2
PROVISIONAL_NOT_FROZEN	ENST00000403754	3
PROVISIONAL_NOT_FROZEN	ENST00000498530	3
PROVISIONAL_NOT_FROZEN	ENST00000297533	4
PROVISIONAL_NOT_FROZEN	ENST00000264167	3
PROVISIONAL_NOT_FROZEN	ENST00000593570	4
PROVISIONAL_NOT_FROZEN	ENST00000505818	3
PROVISIONAL_NOT_FROZEN	ENST00000464025	1
PROVISIONAL_NOT_FROZEN	ENST00000241502	2
PROVISIONAL_NOT_FROZEN	ENST00000592786	0
PROVISIONAL_NOT_FROZEN	ENST00000216727	1
PROVISIONAL_NOT_FROZEN	ENST00000273398	1
PROVISIONAL_NOT_FROZEN	ENST00000462974	4
PROVISIONAL_NOT_FROZEN	ENST00000527144	1
PROVISIONAL_NOT_FROZEN	ENST00000419621	0
PROVISIONAL_NOT_FROZEN	ENST00000492933	3
PROVISIONAL_NOT_FROZEN	ENST00000477245	2
PROVISIONAL_NOT_FROZEN	ENST00000273258	3
PROVISIONAL_NOT_FROZEN	ENST00000475545	2
PROVISIONAL_NOT_FROZEN	ENST00000526627	2
PROVISIONAL_NOT_FROZEN	ENST00000617626	1
PROVISIONAL_NOT_FROZEN	ENST00000409139	2
PROVISIONAL_NOT_FROZEN	ENST00000471535	2
PROVISIONAL_NOT_FROZEN	ENST00000607045	2
PROVISIONAL_NOT_FROZEN	ENST00000478050	3
PROVISIONAL_NOT_FROZEN	ENST00000609477	0
PROVISIONAL_NOT_FROZEN	ENST00000361335	2
PROVISIONAL_NOT_FROZEN	ENST00000374846	2
PROVISIONAL_NOT_FROZEN	ENST00000588542	2
PROVISIONAL_NOT_FROZEN	ENST00000526350	2
PROVISIONAL_NOT_FROZEN	ENST00000550343	4
PROVISIONAL_NOT_FROZEN	ENST00000564744	3
PROVISIONAL_NOT_FROZEN	ENST00000395633	3
PROVISIONAL_NOT_FROZEN	ENST00000380087	1
PROVISIONAL_NOT_FROZEN	ENST00000555662	4
PROVISIONAL_NOT_FROZEN	ENST00000303436	4
PROVISIONAL_NOT_FROZEN	ENST00000467930	1
PROVISIONAL_NOT_FROZEN	ENST00000553994	4
PROVISIONAL_NOT_FROZEN	ENST00000263382	3
PROVISIONAL_NOT_FROZEN	ENST00000606923	3
PROVISIONAL_NOT_FROZEN	ENST00000473555	0
PROVISIONAL_NOT_FROZEN	ENST00000551182	2
PROVISIONAL_NOT_FROZEN	ENST00000487096	0
PROVISIONAL_NOT_FROZEN	ENST00000345436	3
PROVISIONAL_NOT_FROZEN	ENST00000463831	2
PROVISIONAL_NOT_FROZEN	ENST00000522230	4
PROVISIONAL_NOT_FROZEN	ENST00000461513	0
PROVISIONAL_NOT_FROZEN	ENST00000437011	1
PROVISIONAL_NOT_FROZEN	ENST00000381967	3
PROVISIONAL_NOT_FROZEN	ENST00000369039	2
PROVISIONAL_NOT_FROZEN	ENST00000529435	0
PROVISIONAL_NOT_FROZEN	ENST00000429437	3
PROVISIONAL_NOT_FROZEN	ENST00000409747	2
PROVISIONAL_NOT_FROZEN	ENST00000309352	0
PROVISIONAL_NOT_FROZEN	ENST00000472642	4
PROVISIONAL_NOT_FROZEN	ENST00000375011	1
PROVISIONAL_NOT_FROZEN	ENST00000460470	0
PROVISIONAL_NOT_FROZEN	ENST00000569140	3
PROVISIONAL_NOT_FROZEN	ENST00000531485	3
PROVISIONAL_NOT_FROZEN	ENST00000367114	1
PROVISIONAL_NOT_FROZEN	ENST00000604360	1
PROVISIONAL_NOT_FROZEN	ENST00000409650	2
PROVISIONAL_NOT_FROZEN	ENST00000361565	2
PROVISIONAL_NOT_FROZEN	ENST00000477686	1
PROVISIONAL_NOT_FROZEN	ENST00000525765	2
PROVISIONAL_NOT_FROZEN	ENST00000458198	2
PROVISIONAL_NOT_FROZEN	ENST00000490044	0
PROVISIONAL_NOT_FROZEN	ENST00000482674	1
PROVISIONAL_NOT_FROZEN	ENST00000460494	0
PROVISIONAL_NOT_FROZEN	ENST00000579335	1
PROVISIONAL_NOT_FROZEN	ENST00000525004	0
PROVISIONAL_NOT_FROZEN	ENST00000579996	2
PROVISIONAL_NOT_FROZEN	ENST00000551265	4
PROVISIONAL_NOT_FROZEN	ENST00000371677	2
PROVISIONAL_NOT_FROZEN	ENST00000467688	3
PROVISIONAL_NOT_FROZEN	ENST00000551611	2
PROVISIONAL_NOT_FROZEN	ENST00000503991	1
PROVISIONAL_NOT_FROZEN	ENST00000464297	1
PROVISIONAL_NOT_FROZEN	ENST00000386747	4
PROVISIONAL_NOT_FROZEN	ENST00000605649	1
PROVISIONAL_NOT_FROZEN	ENST00000373701	0
PROVISIONAL_NOT_FROZEN	ENST00000375147	3
PROVISIONAL_NOT_FROZEN	ENST00000351328	4
PROVISIONAL_NOT_FROZEN	ENST00000443614	2
PROVISIONAL_NOT_FROZEN	ENST00000468908	0
PROVISIONAL_NOT_FROZEN	ENST00000540040	3
PROVISIONAL_NOT_FROZEN	ENST00000259632	2
PROVISIONAL_NOT_FROZEN	ENST00000262177	1
PROVISIONAL_NOT_FROZEN	ENST00000566340	0
PROVISIONAL_NOT_FROZEN	ENST00000493269	0
PROVISIONAL_NOT_FROZEN	ENST00000600463	1
PROVISIONAL_NOT_FROZEN	ENST00000300146	1
PROVISIONAL_NOT_FROZEN	ENST00000497278	2
PROVISIONAL_NOT_FROZEN	ENST00000433983	3
PROVISIONAL_NOT_FROZEN	ENST00000484825	3
PROVISIONAL_NOT_FROZEN	ENST00000462917	4
PROVISIONAL_NOT_FROZEN	ENST00000436446	0
PROVISIONAL_NOT_FROZEN	ENST00000462965	1
PROVISIONAL_NOT_FROZEN	ENST00000505490	2
PROVISIONAL_NOT_FROZEN	ENST00000585468	0
PROVISIONAL_NOT_FROZEN	ENST00000480772	3
PROVISIONAL_NOT_FROZEN	ENST00000528292	2
PROVISIONAL_NOT_FROZEN	ENST00000262067	4
PROVISIONAL_NOT_FROZEN	ENST00000527197	4
PROVISIONAL_NOT_FROZEN	ENST00000521466	2
PROVISIONAL_NOT_FROZEN	ENST00000485362	2
PROVISIONAL_NOT_FROZEN	ENST00000537981	3
PROVISIONAL_NOT_FROZEN	ENST00000553395	2
PROVISIONAL_NOT_FROZEN	ENST00000480769	1
PROVISIONAL_NOT_FROZEN	ENST00000419372	2
PROVISIONAL_NOT_FROZEN	ENST00000505614	2
PROVISIONAL_NOT_FROZEN	ENST00000473532	2
PROVISIONAL_NOT_FROZEN	ENST00000360270	0
PROVISIONAL_NOT_FROZEN	ENST00000620947	1
PROVISIONAL_NOT_FROZEN	ENST00000616392	4
PROVISIONAL_NOT_FROZEN	ENST00000346855	4
PROVISIONAL_NOT_FROZEN	ENST00000372462	3
PROVISIONAL_NOT_FROZEN	ENST00000456833	0
PROVISIONAL_NOT_FROZEN	ENST00000515432	1
PROVISIONAL_NOT_FROZEN	ENST00000518448	4
PROVISIONAL_NOT_FROZEN	ENST00000380843	0
PROVISIONAL_NOT_FROZEN	ENST00000265838	3
PROVISIONAL_NOT_FROZEN	ENST00000373720	1
PROVISIONAL_NOT_FROZEN	ENST00000510442	0
PROVISIONAL_NOT_FROZEN	ENST00000273986	2
PROVISIONAL_NOT_FROZEN	ENST00000490751	0
PROVISIONAL_NOT_FROZEN	ENST00000530295	2
PROVISIONAL_NOT_FROZEN	ENST00000480010	0
PROVISIONAL_NOT_FROZEN	ENST00000559519	2
PROVISIONAL_NOT_FROZEN	ENST00000468834	4
PROVISIONAL_NOT_FROZEN	ENST00000472073	2
PROVISIONAL_NOT_FROZEN	ENST00000514612	3
PROVISIONAL_NOT_FROZEN	ENST00000379160	4
PROVISIONAL_NOT_FROZEN	ENST00000308018	3
PROVISIONAL_NOT_FROZEN	ENST00000579085	0
PROVISIONAL_NOT_FROZEN	ENST00000477741	0
PROVISIONAL_NOT_FROZEN	ENST00000293308	3
PROVISIONAL_NOT_FROZEN	ENST00000484197	4
PROVISIONAL_NOT_FROZEN	ENST00000222547	2
PROVISIONAL_NOT_FROZEN	ENST00000478938	4
PROVISIONAL_NOT_FROZEN	ENST00000507798	0
PROVISIONAL_NOT_FROZEN	ENST00000413759	1
PROVISIONAL_NOT_FROZEN	ENST00000596708	1
PROVISIONAL_NOT_FROZEN	ENST00000518876	0
PROVISIONAL_NOT_FROZEN	ENST00000600373	2
PROVISIONAL_NOT_FROZEN	ENST00000465632	4
PROVISIONAL_NOT_FROZEN	ENST00000392008	1
PROVISIONAL_NOT_FROZEN	ENST00000419079	2
PROVISIONAL_NOT_FROZEN	ENST00000392349	2
PROVISIONAL_NOT_FROZEN	ENST00000413424	3
PROVISIONAL_NOT_FROZEN	ENST00000522385	0
PROVISIONAL_NOT_FROZEN	ENST00000457473	2
PROVISIONAL_NOT_FROZEN	ENST00000505321	3
PROVISIONAL_NOT_FROZEN	ENST00000579261	0
PROVISIONAL_NOT_FROZEN	ENST00000519718	2
PROVISIONAL_NOT_FROZEN	ENST00000455773	1
PROVISIONAL_NOT_FROZEN	ENST00000471737	2
PROVISIONAL_NOT_FROZEN	ENST00000585215	0
PROVISIONAL_NOT_FROZEN	ENST00000494303	2
PROVISIONAL_NOT_FROZEN	ENST00000596985	0
PROVISIONAL_NOT_FROZEN	ENST00000217893	4
PROVISIONAL_NOT_FROZEN	ENST00000546739	4
PROVISIONAL_NOT_FROZEN	ENST00000374266	4
PROVISIONAL_NOT_FROZEN	ENST00000393351	2
PROVISIONAL_NOT_FROZEN	ENST00000227266	1
PROVISIONAL_NOT_FROZEN	ENST00000507570	3
PROVISIONAL_NOT_FROZEN	ENST00000372296	3
PROVISIONAL_NOT_FROZEN	ENST00000504951	0
PROVISIONAL_NOT_FROZEN	ENST00000427779	3
PROVISIONAL_NOT_FROZEN	ENST00000585245	2
PROVISIONAL_NOT_FROZEN	ENST00000482189	0
PROVISIONAL_NOT_FROZEN	ENST00000423113	0
PROVISIONAL_NOT_FROZEN	ENST00000447334	3
PROVISIONAL_NOT_FROZEN	ENST00000419179	4
PROVISIONAL_NOT_FROZEN	ENST00000456170	0
PROVISIONAL_NOT_FROZEN	ENST00000433297	4
PROVISIONAL_NOT_FROZEN	ENST00000376782	0
PROVISIONAL_NOT_FROZEN	ENST00000310837	4
PROVISIONAL_NOT_FROZEN	ENST00000505029	4
PROVISIONAL_NOT_FROZEN	ENST00000515017	3
PROVISIONAL_NOT_FROZEN	ENST00000524810	3
PROVISIONAL_NOT_FROZEN	ENST00000545308	3
PROVISIONAL_NOT_FROZEN	ENST00000494400	1
PROVISIONAL_NOT_FROZEN	ENST00000637666	1
PROVISIONAL_NOT_FROZEN	ENST00000215565	0
PROVISIONAL_NOT_FROZEN	ENST00000580824	0
PROVISIONAL_NOT_FROZEN	ENST00000259523	1
PROVISIONAL_NOT_FROZEN	ENST00000479153	1
PROVISIONAL_NOT_FROZEN	ENST00000343855	4
PROVISIONAL_NOT_FROZEN	ENST00000433835	0
PROVISIONAL_NOT_FROZEN	ENST00000623632	1
PROVISIONAL_NOT_FROZEN	ENST00000420686	1
PROVISIONAL_NOT_FROZEN	ENST00000490032	1
PROVISIONAL_NOT_FROZEN	ENST00000490331	0
PROVISIONAL_NOT_FROZEN	ENST00000552336	4
PROVISIONAL_NOT_FROZEN	ENST00000479057	4
PROVISIONAL_NOT_FROZEN	ENST00000531056	0
PROVISIONAL_NOT_FROZEN	ENST00000402643	2
PROVISIONAL_NOT_FROZEN	ENST00000372022	3
PROVISIONAL_NOT_FROZEN	ENST00000409225	3
PROVISIONAL_NOT_FROZEN	ENST00000560919	3
PROVISIONAL_NOT_FROZEN	ENST00000602841	2
PROVISIONAL_NOT_FROZEN	ENST00000566039	3
PROVISIONAL_NOT_FROZEN	ENST00000601101	1
PROVISIONAL_NOT_FROZEN	ENST00000529640	0
PROVISIONAL_NOT_FROZEN	ENST00000606602	4
PROVISIONAL_NOT_FROZEN	ENST00000474408	1
PROVISIONAL_NOT_FROZEN	ENST00000478935	3
PROVISIONAL_NOT_FROZEN	ENST00000482651	0
PROVISIONAL_NOT_FROZEN	ENST00000479228	0
PROVISIONAL_NOT_FROZEN	ENST00000395535	3
PROVISIONAL_NOT_FROZEN	ENST00000368258	2
PROVISIONAL_NOT_FROZEN	ENST00000199389	3
PROVISIONAL_NOT_FROZEN	ENST00000508407	0
PROVISIONAL_NOT_FROZEN	ENST00000338369	2
PROVISIONAL_NOT_FROZEN	ENST00000538404	3
PROVISIONAL_NOT_FROZEN	ENST00000271526	1
PROVISIONAL_NOT_FROZEN	ENST00000378609	3
PROVISIONAL_NOT_FROZEN	ENST00000473404	1
PROVISIONAL_NOT_FROZEN	ENST00000409275	2
PROVISIONAL_NOT_FROZEN	ENST00000484103	4
PROVISIONAL_NOT_FROZEN	ENST00000509908	2
PROVISIONAL_NOT_FROZEN	ENST00000447721	1
PROVISIONAL_NOT_FROZEN	ENST00000586932	4
PROVISIONAL_NOT_FROZEN	ENST00000502498	3
PROVISIONAL_NOT_FROZEN	ENST00000620138	2
PROVISIONAL_NOT_FROZEN	ENST00000476444	2
PROVISIONAL_NOT_FROZEN	ENST00000549259	4
PROVISIONAL_NOT_FROZEN	ENST00000301686	1
PROVISIONAL_NOT_FROZEN	ENST00000509210	3
PROVISIONAL_NOT_FROZEN	ENST00000449247	1
PROVISIONAL_NOT_FROZEN	ENST00000428288	1
PROVISIONAL_NOT_FROZEN	ENST00000409185	2
PROVISIONAL_NOT_FROZEN	ENST00000234160	2
PROVISIONAL_NOT_FROZEN	ENST00000466433	1
PROVISIONAL_NOT_FROZEN	ENST00000372857	2
PROVISIONAL_NOT_FROZEN	ENST00000585821	1
PROVISIONAL_NOT_FROZEN	ENST00000249289	1
PROVISIONAL_NOT_FROZEN	ENST00000306721	4
PROVISIONAL_NOT_FROZEN	ENST00000524013	1
PROVISIONAL_NOT_FROZEN	ENST00000472481	1
PROVISIONAL_NOT_FROZEN	ENST00000365487	2
PROVISIONAL_NOT_FROZEN	ENST00000243914	1
PROVISIONAL_NOT_FROZEN	ENST00000476936	3
PROVISIONAL_NOT_FROZEN	ENST00000264220	1
PROVISIONAL_NOT_FROZEN	ENST00000258960	0
PROVISIONAL_NOT_FROZEN	ENST00000507327	0
PROVISIONAL_NOT_FROZEN	ENST00000422731	4
PROVISIONAL_NOT_FROZEN	ENST00000393053	4
PROVISIONAL_NOT_FROZEN	ENST00000366658	4
PROVISIONAL_NOT_FROZEN	ENST00000378634	3
PROVISIONAL_NOT_FROZEN	ENST00000639877	2
PROVISIONAL_NOT_FROZEN	ENST00000582380	2
PROVISIONAL_NOT_FROZEN	ENST00000503147	4
PROVISIONAL_NOT_FROZEN	ENST00000421459	1
PROVISIONAL_NOT_FROZEN	ENST00000576027	4
PROVISIONAL_NOT_FROZEN	ENST00000374018	4
PROVISIONAL_NOT_FROZEN	ENST00000395479	0
PROVISIONAL_NOT_FROZEN	ENST00000429490	4
PROVISIONAL_NOT_FROZEN	ENST00000616501	3
PROVISIONAL_NOT_FROZEN	ENST00000434372	3
PROVISIONAL_NOT_FROZEN	ENST00000482632	2
PROVISIONAL_NOT_FROZEN	ENST00000464154	4
PROVISIONAL_NOT_FROZEN	ENST00000538016	1
PROVISIONAL_NOT_FROZEN	ENST00000478431	3
PROVISIONAL_NOT_FROZEN	ENST00000427764	4
PROVISIONAL_NOT_FROZEN	ENST00000589115	0
PROVISIONAL_NOT_FROZEN	ENST00000440410	2
PROVISIONAL_NOT_FROZEN	ENST00000539458	1
PROVISIONAL_NOT_FROZEN	ENST00000460669	2
PROVISIONAL_NOT_FROZEN	ENST00000469050	0
PROVISIONAL_NOT_FROZEN	ENST00000518117	4
PROVISIONAL_NOT_FROZEN	ENST00000598022	3
PROVISIONAL_NOT_FROZEN	ENST00000509578	3
PROVISIONAL_NOT_FROZEN	ENST00000340600	2
PROVISIONAL_NOT_FROZEN	ENST00000418988	4
PROVISIONAL_NOT_FROZEN	ENST00000245458	3
PROVISIONAL_NOT_FROZEN	ENST00000332220	2
PROVISIONAL_NOT_FROZEN	ENST00000476336	4
PROVISIONAL_NOT_FROZEN	ENST00000398733	2
PROVISIONAL_NOT_FROZEN	ENST00000617516	2
PROVISIONAL_NOT_FROZEN	ENST00000561022	3
PROVISIONAL_NOT_FROZEN	ENST00000468161	1
PROVISIONAL_NOT_FROZEN	ENST00000495231	2
PROVISIONAL_NOT_FROZEN	ENST00000533796	0
PROVISIONAL_NOT_FROZEN	ENST00000457695	1
PROVISIONAL_NOT_FROZEN	ENST00000451270	3
PROVISIONAL_NOT_FROZEN	ENST00000394431	3
PROVISIONAL_NOT_FROZEN	ENST00000350997	1
PROVISIONAL_NOT_FROZEN	ENST00000421103	3
PROVISIONAL_NOT_FROZEN	ENST00000578412	2
PROVISIONAL_NOT_FROZEN	ENST00000447123	1
PROVISIONAL_NOT_FROZEN	ENST00000504827	0
PROVISIONAL_NOT_FROZEN	ENST00000398092	1
PROVISIONAL_NOT_FROZEN	ENST00000554405	2
PROVISIONAL_NOT_FROZEN	ENST00000610329	3
PROVISIONAL_NOT_FROZEN	ENST00000514213	3
PROVISIONAL_NOT_FROZEN	ENST00000354361	3
PROVISIONAL_NOT_FROZEN	ENST00000559118	1
PROVISIONAL_NOT_FROZEN	ENST00000363624	1
PROVISIONAL_NOT_FROZEN	ENST00000504579	3
PROVISIONAL_NOT_FROZEN	ENST00000600748	1
PROVISIONAL_NOT_FROZEN	ENST00000475210	0
PROVISIONAL_NOT_FROZEN	ENST00000554539	3
PROVISIONAL_NOT_FROZEN	ENST00000445427	3
PROVISIONAL_NOT_FROZEN	ENST00000330597	2
PROVISIONAL_NOT_FROZEN	ENST00000445261	0
PROVISIONAL_NOT_FROZEN	ENST00000576390	2
PROVISIONAL_NOT_FROZEN	ENST00000529372	3
PROVISIONAL_NOT_FROZEN	ENST00000503715	3
PROVISIONAL_NOT_FROZEN	ENST00000532308	2
PROVISIONAL_NOT_FROZEN	ENST00000476189	1
PROVISIONAL_NOT_FROZEN	ENST00000590448	4
PROVISIONAL_NOT_FROZEN	ENST00000552341	3
PROVISIONAL_NOT_FROZEN	ENST00000474167	2
PROVISIONAL_NOT_FROZEN	ENST00000472218	3
PROVISIONAL_NOT_FROZEN	ENST00000554084	2
PROVISIONAL_NOT_FROZEN	ENST00000411529	4
PROVISIONAL_NOT_FROZEN	ENST00000418634	3
PROVISIONAL_NOT_FROZEN	ENST00000536889	0
PROVISIONAL_NOT_FROZEN	ENST00000515001	0
PROVISIONAL_NOT_FROZEN	ENST00000470621	1
PROVISIONAL_NOT_FROZEN	ENST00000350092	4
PROVISIONAL_NOT_FROZEN	ENST00000470585	4
PROVISIONAL_NOT_FROZEN	ENST00000579025	4
PROVISIONAL_NOT_FROZEN	ENST00000441179	2
PROVISIONAL_NOT_FROZEN	ENST00000450008	2
PROVISIONAL_NOT_FROZEN	ENST00000399022	1
PROVISIONAL_NOT_FROZEN	ENST00000586352	2
PROVISIONAL_NOT_FROZEN	ENST00000409051	1
PROVISIONAL_NOT_FROZEN	ENST00000242784	4
PROVISIONAL_NOT_FROZEN	ENST00000517921	4
PROVISIONAL_NOT_FROZEN	ENST00000546850	3
PROVISIONAL_NOT_FROZEN	ENST00000560409	3
PROVISIONAL_NOT_FROZEN	ENST00000582900	0
PROVISIONAL_NOT_FROZEN	ENST00000357332	4
PROVISIONAL_NOT_FROZEN	ENST00000395850	0
PROVISIONAL_NOT_FROZEN	ENST00000262942	0
PROVISIONAL_NOT_FROZEN	ENST00000587400	4
PROVISIONAL_NOT_FROZEN	ENST00000531612	3
PROVISIONAL_NOT_FROZEN	ENST00000478153	2
PROVISIONAL_NOT_FROZEN	ENST00000471927	3
PROVISIONAL_NOT_FROZEN	ENST00000312475	4
PROVISIONAL_NOT_FROZEN	ENST00000512789	1
PROVISIONAL_NOT_FROZEN	ENST00000369530	4
PROVISIONAL_NOT_FROZEN	ENST00000526009	2
PROVISIONAL_NOT_FROZEN	ENST00000622125	1
PROVISIONAL_NOT_FROZEN	ENST00000510191	0
PROVISIONAL_NOT_FROZEN	ENST00000540746	2
PROVISIONAL_NOT_FROZEN	ENST00000156109	4
PROVISIONAL_NOT_FROZEN	ENST00000438215	0
PROVISIONAL_NOT_FROZEN	ENST00000505423	0
PROVISIONAL_NOT_FROZEN	ENST00000254928	0
PROVISIONAL_NOT_FROZEN	ENST00000466174	2
PROVISIONAL_NOT_FROZEN	ENST00000380266	2
PROVISIONAL_NOT_FROZEN	ENST00000491390	0
PROVISIONAL_NOT_FROZEN	ENST00000423828	0
PROVISIONAL_NOT_FROZEN	ENST00000541210	1
PROVISIONAL_NOT_FROZEN	ENST00000615234	0
PROVISIONAL_NOT_FROZEN	ENST00000506060	2
PROVISIONAL_NOT_FROZEN	ENST00000589080	1
PROVISIONAL_NOT_FROZEN	ENST00000330070	3
PROVISIONAL_NOT_FROZEN	ENST00000511642	4
PROVISIONAL_NOT_FROZEN	ENST00000331944	2
PROVISIONAL_NOT_FROZEN	ENST00000426081	0
PROVISIONAL_NOT_FROZEN	ENST00000504622	4
PROVISIONAL_NOT_FROZEN	ENST00000446719	0
PROVISIONAL_NOT_FROZEN	ENST00000539759	2
PROVISIONAL_NOT_FROZEN	ENST00000534461	2
PROVISIONAL_NOT_FROZEN	ENST00000269373	3
PROVISIONAL_NOT_FROZEN	ENST00000368519	3
PROVISIONAL_NOT_FROZEN	ENST00000428192	4
PROVISIONAL_NOT_FROZEN	ENST00000376442	2
PROVISIONAL_NOT_FROZEN	ENST00000488288	0
PROVISIONAL_NOT_FROZEN	ENST00000290208	2
PROVISIONAL_NOT_FROZEN	ENST00000570255	3
PROVISIONAL_NOT_FROZEN	ENST00000477791	3
PROVISIONAL_NOT_FROZEN	ENST00000443571	4
PROVISIONAL_NOT_FROZEN	ENST00000543555	2
PROVISIONAL_NOT_FROZEN	ENST00000344785	0
PROVISIONAL_NOT_FROZEN	ENST00000409670	2
PROVISIONAL_NOT_FROZEN	ENST00000524899	3
PROVISIONAL_NOT_FROZEN	ENST00000484320	1
PROVISIONAL_NOT_FROZEN	ENST00000446327	4
PROVISIONAL_NOT_FROZEN	ENST00000429295	4
PROVISIONAL_NOT_FROZEN	ENST00000540998	1
PROVISIONAL_NOT_FROZEN	ENST00000307377	1
PROVISIONAL_NOT_FROZEN	ENST00000402380	2
PROVISIONAL_NOT_FROZEN	ENST00000597209	1
PROVISIONAL_NOT_FROZEN	ENST00000264218	3
PROVISIONAL_NOT_FROZEN	ENST00000265351	3
PROVISIONAL_NOT_FROZEN	ENST00000545467	4
PROVISIONAL_NOT_FROZEN	ENST00000535482	4
PROVISIONAL_NOT_FROZEN	ENST00000461507	1
PROVISIONAL_NOT_FROZEN	ENST00000487350	4
PROVISIONAL_NOT_FROZEN	ENST00000495720	2
PROVISIONAL_NOT_FROZEN	ENST00000497726	4
PROVISIONAL_NOT_FROZEN	ENST00000475346	3
PROVISIONAL_NOT_FROZEN	ENST00000352171	1
PROVISIONAL_NOT_FROZEN	ENST00000544381	0
PROVISIONAL_NOT_FROZEN	ENST00000442093	1
PROVISIONAL_NOT_FROZEN	ENST00000583487	0
PROVISIONAL_NOT_FROZEN	ENST00000521049	1
PROVISIONAL_NOT_FROZEN	ENST00000401730	3
PROVISIONAL_NOT_FROZEN	ENST00000482195	3
PROVISIONAL_NOT_FROZEN	ENST00000441989	0
PROVISIONAL_NOT_FROZEN	ENST00000498412	4
PROVISIONAL_NOT_FROZEN	ENST00000618340	3
PROVISIONAL_NOT_FROZEN	ENST00000353214	2
PROVISIONAL_NOT_FROZEN	ENST00000497342	1
PROVISIONAL_NOT_FROZEN	ENST00000539960	4
PROVISIONAL_NOT_FROZEN	ENST00000484270	3
PROVISIONAL_NOT_FROZEN	ENST00000463526	0
PROVISIONAL_NOT_FROZEN	ENST00000513124	3
PROVISIONAL_NOT_FROZEN	ENST00000478185	3
PROVISIONAL_NOT_FROZEN	ENST00000398158	1
PROVISIONAL_NOT_FROZEN	ENST00000610322	1
PROVISIONAL_NOT_FROZEN	ENST00000400033	3
PROVISIONAL_NOT_FROZEN	ENST00000395321	4
PROVISIONAL_NOT_FROZEN	ENST00000492508	1
PROVISIONAL_NOT_FROZEN	ENST00000620219	1
PROVISIONAL_NOT_FROZEN	ENST00000532685	0
PROVISIONAL_NOT_FROZEN	ENST00000610806	3
PROVISIONAL_NOT_FROZEN	ENST00000495541	2
PROVISIONAL_NOT_FROZEN	ENST00000258662	2
PROVISIONAL_NOT_FROZEN	ENST00000466499	3
PROVISIONAL_NOT_FROZEN	ENST00000480596	3
PROVISIONAL_NOT_FROZEN	ENST00000519321	0
PROVISIONAL_NOT_FROZEN	ENST00000354775	4
PROVISIONAL_NOT_FROZEN	ENST00000350051	3
PROVISIONAL_NOT_FROZEN	ENST00000422183	3
PROVISIONAL_NOT_FROZEN	ENST00000338972	0
PROVISIONAL_NOT_FROZEN	ENST00000397420	0
PROVISIONAL_NOT_FROZEN	ENST00000466479	3
PROVISIONAL_NOT_FROZEN	ENST00000451943	3
PROVISIONAL_NOT_FROZEN	ENST00000579334	0
PROVISIONAL_NOT_FROZEN	ENST00000225698	0
PROVISIONAL_NOT_FROZEN	ENST00000474120	2
PROVISIONAL_NOT_FROZEN	ENST00000403160	3
PROVISIONAL_NOT_FROZEN	ENST00000484502	2
PROVISIONAL_NOT_FROZEN	ENST00000359025	1
PROVISIONAL_NOT_FROZEN	ENST00000435844	0
PROVISIONAL_NOT_FROZEN	ENST00000547704	1
PROVISIONAL_NOT_FROZEN	ENST00000435128	0
PROVISIONAL_NOT_FROZEN	ENST00000373538	0
PROVISIONAL_NOT_FROZEN	ENST00000420115	3
PROVISIONAL_NOT_FROZEN	ENST00000528907	0
PROVISIONAL_NOT_FROZEN	ENST00000607564	1
PROVISIONAL_NOT_FROZEN	ENST00000493814	3
PROVISIONAL_NOT_FROZEN	ENST00000483479	3
PROVISIONAL_NOT_FROZEN	ENST00000581157	4
PROVISIONAL_NOT_FROZEN	ENST00000323699	0
PROVISIONAL_NOT_FROZEN	ENST00000432390	3
PROVISIONAL_NOT_FROZEN	ENST00000515209	2
PROVISIONAL_NOT_FROZEN	ENST00000464697	2
PROVISIONAL_NOT_FROZEN	ENST00000426545	2
PROVISIONAL_NOT_FROZEN	ENST00000486250	1
PROVISIONAL_NOT_FROZEN	ENST00000479738	4
PROVISIONAL_NOT_FROZEN	ENST00000525455	3
PROVISIONAL_NOT_FROZEN	ENST00000478402	4
PROVISIONAL_NOT_FROZEN	ENST00000581237	2
PROVISIONAL_NOT_FROZEN	ENST00000367854	0
PROVISIONAL_NOT_FROZEN	ENST00000567490	0
PROVISIONAL_NOT_FROZEN	ENST00000465900	4
PROVISIONAL_NOT_FROZEN	ENST00000481027	4
PROVISIONAL_NOT_FROZEN	ENST00000571870	2
PROVISIONAL_NOT_FROZEN	ENST00000581979	2
PROVISIONAL_NOT_FROZEN	ENST00000491422	1
PROVISIONAL_NOT_FROZEN	ENST00000520507	4
PROVISIONAL_NOT_FROZEN	ENST00000599849	3
PROVISIONAL_NOT_FROZEN	ENST00000431782	0
PROVISIONAL_NOT_FROZEN	ENST00000585671	1
PROVISIONAL_NOT_FROZEN	ENST00000320307	0
PROVISIONAL_NOT_FROZEN	ENST00000420057	4
PROVISIONAL_NOT_FROZEN	ENST00000636433	1
PROVISIONAL_NOT_FROZEN	ENST00000471724	0
PROVISIONAL_NOT_FROZEN	ENST00000608581	4
PROVISIONAL_NOT_FROZEN	ENST00000528110	3
PROVISIONAL_NOT_FROZEN	ENST00000533068	4
PROVISIONAL_NOT_FROZEN	ENST00000404330	4
PROVISIONAL_NOT_FROZEN	ENST00000550856	0
PROVISIONAL_NOT_FROZEN	ENST00000506193	2
PROVISIONAL_NOT_FROZEN	ENST00000316939	2
PROVISIONAL_NOT_FROZEN	ENST00000439799	1
PROVISIONAL_NOT_FROZEN	ENST00000392818	4
PROVISIONAL_NOT_FROZEN	ENST00000530705	0
PROVISIONAL_NOT_FROZEN	ENST00000417615	4
PROVISIONAL_NOT_FROZEN	ENST00000620594	1
PROVISIONAL_NOT_FROZEN	ENST00000486792	1
PROVISIONAL_NOT_FROZEN	ENST00000496958	2
PROVISIONAL_NOT_FROZEN	ENST00000448165	1
PROVISIONAL_NOT_FROZEN	ENST00000417023	3
PROVISIONAL_NOT_FROZEN	ENST00000374741	3
PROVISIONAL_NOT_FROZEN	ENST00000442520	0
PROVISIONAL_NOT_FROZEN	ENST00000610973	4
PROVISIONAL_NOT_FROZEN	ENST00000359832	4
PROVISIONAL_NOT_FROZEN	ENST00000330978	0
PROVISIONAL_NOT_FROZEN	ENST00000372521	1
PROVISIONAL_NOT_FROZEN	ENST00000518034	1
PROVISIONAL_NOT_FROZEN	ENST00000395109	2
PROVISIONAL_NOT_FROZEN	ENST00000377213	0
PROVISIONAL_NOT_FROZEN	ENST00000498163	3
PROVISIONAL_NOT_FROZEN	ENST00000423833	0
PROVISIONAL_NOT_FROZEN	ENST00000587718	1
PROVISIONAL_NOT_FROZEN	ENST00000375885	1
PROVISIONAL_NOT_FROZEN	ENST00000529182	2
PROVISIONAL_NOT_FROZEN	ENST00000413456	1
PROVISIONAL_NOT_FROZEN	ENST00000280346	0
PROVISIONAL_NOT_FROZEN	ENST00000506264	2
PROVISIONAL_NOT_FROZEN	ENST00000598979	4
PROVISIONAL_NOT_FROZEN	ENST00000484235	3
PROVISIONAL_NOT_FROZEN	ENST00000437336	2
PROVISIONAL_NOT_FROZEN	ENST00000295321	3
PROVISIONAL_NOT_FROZEN	ENST00000420709	4
PROVISIONAL_NOT_FROZEN	ENST00000495613	1
PROVISIONAL_NOT_FROZEN	ENST00000558720	2
PROVISIONAL_NOT_FROZEN	ENST00000290130	0
PROVISIONAL_NOT_FROZEN	ENST00000391918	4
PROVISIONAL_NOT_FROZEN	ENST00000467617	2
PROVISIONAL_NOT_FROZEN	ENST00000522313	2
PROVISIONAL_NOT_FROZEN	ENST00000378795	2
PROVISIONAL_NOT_FROZEN	ENST00000562953	3
PROVISIONAL_NOT_FROZEN	ENST00000310256	4
PROVISIONAL_NOT_FROZEN	ENST00000463284	4
PROVISIONAL_NOT_FROZEN	ENST00000460755	1
PROVISIONAL_NOT_FROZEN	ENST00000395956	2
PROVISIONAL_NOT_FROZEN	ENST00000507306	2
PROVISIONAL_NOT_FROZEN	ENST00000522073	2
PROVISIONAL_NOT_FROZEN	ENST00000419869	4
PROVISIONAL_NOT_FROZEN	ENST00000565972	3
PROVISIONAL_NOT_FROZEN	ENST00000463378	2
PROVISIONAL_NOT_FROZEN	ENST00000535183	2
PROVISIONAL_NOT_FROZEN	ENST00000416961	3
PROVISIONAL_NOT_FROZEN	ENST00000460593	4
PROVISIONAL_NOT_FROZEN	ENST00000584912	2
PROVISIONAL_NOT_FROZEN	ENST00000580018	0
PROVISIONAL_NOT_FROZEN	ENST00000456433	3
PROVISIONAL_NOT_FROZEN	ENST00000555067	1
PROVISIONAL_NOT_FROZEN	ENST00000427805	1
PROVISIONAL_NOT_FROZEN	ENST00000425927	4
PROVISIONAL_NOT_FROZEN	ENST00000550162	2
PROVISIONAL_NOT_FROZEN	ENST00000558934	1
PROVISIONAL_NOT_FROZEN	ENST00000527827	1
PROVISIONAL_NOT_FROZEN	ENST00000356245	1
PROVISIONAL_NOT_FROZEN	ENST00000371730	4
PROVISIONAL_NOT_FROZEN	ENST00000431241	1
PROVISIONAL_NOT_FROZEN	ENST00000581741	0
PROVISIONAL_NOT_FROZEN	ENST00000270517	0
PROVISIONAL_NOT_FROZEN	ENST00000560130	4
PROVISIONAL_NOT_FROZEN	ENST00000591583	2
PROVISIONAL_NOT_FROZEN	ENST00000342422	3
PROVISIONAL_NOT_FROZEN	ENST00000474961	3
PROVISIONAL_NOT_FROZEN	ENST00000444958	4
PROVISIONAL_NOT_FROZEN	ENST00000590123	3
PROVISIONAL_NOT_FROZEN	ENST00000411938	2
PROVISIONAL_NOT_FROZEN	ENST00000413382	3
PROVISIONAL_NOT_FROZEN	ENST00000533800	2
PROVISIONAL_NOT_FROZEN	ENST00000527421	0
PROVISIONAL_NOT_FROZEN	ENST00000215829	2
PROVISIONAL_NOT_FROZEN	ENST00000358152	1
PROVISIONAL_NOT_FROZEN	ENST00000396978	0
PROVISIONAL_NOT_FROZEN	ENST00000554545	0
PROVISIONAL_NOT_FROZEN	ENST00000510701	3
PROVISIONAL_NOT_FROZEN	ENST00000366613	2
PROVISIONAL_NOT_FROZEN	ENST00000515866	1
PROVISIONAL_NOT_FROZEN	ENST00000296412	3
PROVISIONAL_NOT_FROZEN	ENST00000540080	4
PROVISIONAL_NOT_FROZEN	ENST00000552635	0
PROVISIONAL_NOT_FROZEN	ENST00000327772	1
PROVISIONAL_NOT_FROZEN	ENST00000305943	3
PROVISIONAL_NOT_FROZEN	ENST00000487704	2
PROVISIONAL_NOT_FROZEN	ENST00000394886	3
PROVISIONAL_NOT_FROZEN	ENST00000600006	1
PROVISIONAL_NOT_FROZEN	ENST00000443438	0
PROVISIONAL_NOT_FROZEN	ENST00000581841	0
PROVISIONAL_NOT_FROZEN	ENST00000532400	4
PROVISIONAL_NOT_FROZEN	ENST00000456420	1
PROVISIONAL_NOT_FROZEN	ENST00000231512	3
PROVISIONAL_NOT_FROZEN	ENST00000530666	0
PROVISIONAL_NOT_FROZEN	ENST00000507614	0
PROVISIONAL_NOT_FROZEN	ENST00000452707	1
PROVISIONAL_NOT_FROZEN	ENST00000567671	0
PROVISIONAL_NOT_FROZEN	ENST00000485542	3
PROVISIONAL_NOT_FROZEN	ENST00000475162	4
PROVISIONAL_NOT_FROZEN	ENST00000550146	3
PROVISIONAL_NOT_FROZEN	ENST00000568237	4
PROVISIONAL_NOT_FROZEN	ENST00000475608	4
PROVISIONAL_NOT_FROZEN	ENST00000533571	2
PROVISIONAL_NOT_FROZEN	ENST00000475983	3
PROVISIONAL_NOT_FROZEN	ENST00000325577	2
PROVISIONAL_NOT_FROZEN	ENST00000539909	3
PROVISIONAL_NOT_FROZEN	ENST00000487509	3
PROVISIONAL_NOT_FROZEN	ENST00000617558	1
PROVISIONAL_NOT_FROZEN	ENST00000541435	1
PROVISIONAL_NOT_FROZEN	ENST00000426233	4
PROVISIONAL_NOT_FROZEN	ENST00000215587	0
PROVISIONAL_NOT_FROZEN	ENST00000620230	3
PROVISIONAL_NOT_FROZEN	ENST00000307961	3
PROVISIONAL_NOT_FROZEN	ENST00000604478	0
PROVISIONAL_NOT_FROZEN	ENST00000335508	3
PROVISIONAL_NOT_FROZEN	ENST00000575087	2
PROVISIONAL_NOT_FROZEN	ENST00000537508	1
PROVISIONAL_NOT_FROZEN	ENST00000566458	2
PROVISIONAL_NOT_FROZEN	ENST00000570355	3
PROVISIONAL_NOT_FROZEN	ENST00000447246	1
PROVISIONAL_NOT_FROZEN	ENST00000453754	0
PROVISIONAL_NOT_FROZEN	ENST00000371785	0
PROVISIONAL_NOT_FROZEN	ENST00000490166	2
PROVISIONAL_NOT_FROZEN	ENST00000225603	3
PROVISIONAL_NOT_FROZEN	ENST00000337682	1
PROVISIONAL_NOT_FROZEN	ENST00000378670	3
PROVISIONAL_NOT_FROZEN	ENST00000477555	2
PROVISIONAL_NOT_FROZEN	ENST00000548362	4
PROVISIONAL_NOT_FROZEN	ENST00000554975	4
PROVISIONAL_NOT_FROZEN	ENST00000480339	2
PROVISIONAL_NOT_FROZEN	ENST00000432588	2
PROVISIONAL_NOT_FROZEN	ENST00000541640	4
PROVISIONAL_NOT_FROZEN	ENST00000478640	2
PROVISIONAL_NOT_FROZEN	ENST00000560881	3
PROVISIONAL_NOT_FROZEN	ENST00000469100	2
PROVISIONAL_NOT_FROZEN	ENST00000380290	3
PROVISIONAL_NOT_FROZEN	ENST00000460021	1
PROVISIONAL_NOT_FROZEN	ENST00000413849	1
PROVISIONAL_NOT_FROZEN	ENST00000382191	1
PROVISIONAL_NOT_FROZEN	ENST00000578115	0
PROVISIONAL_NOT_FROZEN	ENST00000593829	2
PROVISIONAL_NOT_FROZEN	ENST00000261366	2
PROVISIONAL_NOT_FROZEN	ENST00000590603	1
PROVISIONAL_NOT_FROZEN	ENST00000578326	4
PROVISIONAL_NOT_FROZEN	ENST00000532134	0
PROVISIONAL_NOT_FROZEN	ENST00000614775	3
PROVISIONAL_NOT_FROZEN	ENST00000489649	3
PROVISIONAL_NOT_FROZEN	ENST00000302422	0
PROVISIONAL_NOT_FROZEN	ENST00000493224	1
PROVISIONAL_NOT_FROZEN	ENST00000528492	3
PROVISIONAL_NOT_FROZEN	ENST00000423525	2
PROVISIONAL_NOT_FROZEN	ENST00000446011	0
PROVISIONAL_NOT_FROZEN	ENST00000471915	0
PROVISIONAL_NOT_FROZEN	ENST00000418917	4
PROVISIONAL_NOT_FROZEN	ENST00000570594	0
PROVISIONAL_NOT_FROZEN	ENST00000399461	4
PROVISIONAL_NOT_FROZEN	ENST00000474384	2
PROVISIONAL_NOT_FROZEN	ENST00000512212	4
PROVISIONAL_NOT_FROZEN	ENST00000491536	0
PROVISIONAL_NOT_FROZEN	ENST00000458332	0
PROVISIONAL_NOT_FROZEN	ENST00000354503	0
PROVISIONAL_NOT_FROZEN	ENST00000194214	2
PROVISIONAL_NOT_FROZEN	ENST00000614538	4
PROVISIONAL_NOT_FROZEN	ENST00000549380	1
PROVISIONAL_NOT_FROZEN	ENST00000484767	4
PROVISIONAL_NOT_FROZEN	ENST00000309983	4
PROVISIONAL_NOT_FROZEN	ENST00000301935	0
PROVISIONAL_NOT_FROZEN	ENST00000219204	1
PROVISIONAL_NOT_FROZEN	ENST00000431248	0
PROVISIONAL_NOT_FROZEN	ENST00000455372	4
PROVISIONAL_NOT_FROZEN	ENST00000383975	0
PROVISIONAL_NOT_FROZEN	ENST00000415177	3
PROVISIONAL_NOT_FROZEN	ENST00000579408	0
PROVISIONAL_NOT_FROZEN	ENST00000586789	4
PROVISIONAL_NOT_FROZEN	ENST00000445689	2
PROVISIONAL_NOT_FROZEN	ENST00000333175	1
PROVISIONAL_NOT_FROZEN	ENST00000432309	0
PROVISIONAL_NOT_FROZEN	ENST00000330029	0
PROVISIONAL_NOT_FROZEN	ENST00000163416	1
PROVISIONAL_NOT_FROZEN	ENST00000550201	2
PROVISIONAL_NOT_FROZEN	ENST00000296121	4
PROVISIONAL_NOT_FROZEN	ENST00000229201	0
PROVISIONAL_NOT_FROZEN	ENST00000261267	4
PROVISIONAL_NOT_FROZEN	ENST00000495139	4
PROVISIONAL_NOT_FROZEN	ENST00000548293	1
PROVISIONAL_NOT_FROZEN	ENST00000400984	4
PROVISIONAL_NOT_FROZEN	ENST00000367585	4
PROVISIONAL_NOT_FROZEN	ENST00000482998	1
PROVISIONAL_NOT_FROZEN	ENST00000602153	1
PROVISIONAL_NOT_FROZEN	ENST00000557901	0
PROVISIONAL_NOT_FROZEN	ENST00000502283	0
PROVISIONAL_NOT_FROZEN	ENST00000253270	0
PROVISIONAL_NOT_FROZEN	ENST00000557463	0
PROVISIONAL_NOT_FROZEN	ENST00000366560	1
PROVISIONAL_NOT_FROZEN	ENST00000377452	1
PROVISIONAL_NOT_FROZEN	ENST00000591341	3
PROVISIONAL_NOT_FROZEN	ENST00000521699	0
PROVISIONAL_NOT_FROZEN	ENST00000450622	3
PROVISIONAL_NOT_FROZEN	ENST00000477892	4
PROVISIONAL_NOT_FROZEN	ENST00000480216	3
PROVISIONAL_NOT_FROZEN	ENST00000530585	0
PROVISIONAL_NOT_FROZEN	ENST00000354293	2
PROVISIONAL_NOT_FROZEN	ENST00000255320	3
PROVISIONAL_NOT_FROZEN	ENST00000505852	2
PROVISIONAL_NOT_FROZEN	ENST00000535011	4
PROVISIONAL_NOT_FROZEN	ENST00000514518	3
PROVISIONAL_NOT_FROZEN	ENST00000561440	3
PROVISIONAL_NOT_FROZEN	ENST00000476133	1
PROVISIONAL_NOT_FROZEN	ENST00000468824	2
PROVISIONAL_NOT_FROZEN	ENST00000549549	1
PROVISIONAL_NOT_FROZEN	ENST00000462558	0
PROVISIONAL_NOT_FROZEN	ENST00000543164	4
PROVISIONAL_NOT_FROZEN	ENST00000533043	3
PROVISIONAL_NOT_FROZEN	ENST00000545681	0
PROVISIONAL_NOT_FROZEN	ENST00000538451	4
PROVISIONAL_NOT_FROZEN	ENST00000419219	1
PROVISIONAL_NOT_FROZEN	ENST00000596417	3
PROVISIONAL_NOT_FROZEN	ENST00000438747	3
PROVISIONAL_NOT_FROZEN	ENST00000560014	3
PROVISIONAL_NOT_FROZEN	ENST00000488179	1
PROVISIONAL_NOT_FROZEN	ENST00000440748	2
PROVISIONAL_NOT_FROZEN	ENST00000507573	1
PROVISIONAL_NOT_FROZEN	ENST00000592314	4
PROVISIONAL_NOT_FROZEN	ENST00000537057	4
PROVISIONAL_NOT_FROZEN	ENST00000510810	3
PROVISIONAL_NOT_FROZEN	ENST00000340992	2
PROVISIONAL_NOT_FROZEN	ENST00000492149	1
PROVISIONAL_NOT_FROZEN	ENST00000409182	1
PROVISIONAL_NOT_FROZEN	ENST00000544481	3
PROVISIONAL_NOT_FROZEN	ENST00000609712	4
PROVISIONAL_NOT_FROZEN	ENST00000409682	0
PROVISIONAL_NOT_FROZEN	ENST00000315717	1
PROVISIONAL_NOT_FROZEN	ENST00000540434	4
PROVISIONAL_NOT_FROZEN	ENST00000504373	4
PROVISIONAL_NOT_FROZEN	ENST00000321233	4
PROVISIONAL_NOT_FROZEN	ENST00000358572	1
PROVISIONAL_NOT_FROZEN	ENST00000594845	1
PROVISIONAL_NOT_FROZEN	ENST00000486310	4
PROVISIONAL_NOT_FROZEN	ENST00000524321	4
PROVISIONAL_NOT_FROZEN	ENST00000462090	0
PROVISIONAL_NOT_FROZEN	ENST00000452476	1
PROVISIONAL_NOT_FROZEN	ENST00000332556	0
PROVISIONAL_NOT_FROZEN	ENST00000389462	1
PROVISIONAL_NOT_FROZEN	ENST00000504170	0
PROVISIONAL_NOT_FROZEN	ENST00000435241	2
PROVISIONAL_NOT_FROZEN	ENST00000577856	2
PROVISIONAL_NOT_FROZEN	ENST00000312547	1
PROVISIONAL_NOT_FROZEN	ENST00000415692	0
PROVISIONAL_NOT_FROZEN	ENST00000443626	3
PROVISIONAL_NOT_FROZEN	ENST00000502772	0
PROVISIONAL_NOT_FROZEN	ENST00000419210	4
PROVISIONAL_NOT_FROZEN	ENST00000262120	2
PROVISIONAL_NOT_FROZEN	ENST00000454893	1
PROVISIONAL_NOT_FROZEN	ENST00000478508	4
PROVISIONAL_NOT_FROZEN	ENST00000342665	3
PROVISIONAL_NOT_FROZEN	ENST00000406620	4
PROVISIONAL_NOT_FROZEN	ENST00000352301	1
PROVISIONAL_NOT_FROZEN	ENST00000581150	3
PROVISIONAL_NOT_FROZEN	ENST00000369155	1
PROVISIONAL_NOT_FROZEN	ENST00000444127	3
PROVISIONAL_NOT_FROZEN	ENST00000328923	4
PROVISIONAL_NOT_FROZEN	ENST00000430408	1
PROVISIONAL_NOT_FROZEN	ENST00000515015	4
PROVISIONAL_NOT_FROZEN	ENST00000382940	4
PROVISIONAL_NOT_FROZEN	ENST00000532636	2
PROVISIONAL_NOT_FROZEN	ENST00000578454	0
PROVISIONAL_NOT_FROZEN	ENST00000401959	4
PROVISIONAL_NOT_FROZEN	ENST00000481278	2
PROVISIONAL_NOT_FROZEN	ENST00000476880	1
PROVISIONAL_NOT_FROZEN	ENST00000583894	2
PROVISIONAL_NOT_FROZEN	ENST00000372987	4
PROVISIONAL_NOT_FROZEN	ENST00000585123	0
PROVISIONAL_NOT_FROZEN	ENST00000258105	3
PROVISIONAL_NOT_FROZEN	ENST00000453156	0
PROVISIONAL_NOT_FROZEN	ENST00000465124	2
PROVISIONAL_NOT_FROZEN	ENST00000508832	0
PROVISIONAL_NOT_FROZEN	ENST00000463020	4
PROVISIONAL_NOT_FROZEN	ENST00000592634	3
PROVISIONAL_NOT_FROZEN	ENST00000560773	2
PROVISIONAL_NOT_FROZEN	ENST00000367651	4
PROVISIONAL_NOT_FROZEN	ENST00000496554	1
PROVISIONAL_NOT_FROZEN	ENST00000443241	1
PROVISIONAL_NOT_FROZEN	ENST00000451025	0
PROVISIONAL_NOT_FROZEN	ENST00000351018	0
PROVISIONAL_NOT_FROZEN	ENST00000422982	0
PROVISIONAL_NOT_FROZEN	ENST00000481445	3
PROVISIONAL_NOT_FROZEN	ENST00000521348	0
PROVISIONAL_NOT_FROZEN	ENST00000551318	3
PROVISIONAL_NOT_FROZEN	ENST00000430265	4
PROVISIONAL_NOT_FROZEN	ENST00000367303	1
PROVISIONAL_NOT_FROZEN	ENST00000524245	1
PROVISIONAL_NOT_FROZEN	ENST00000595090	4
PROVISIONAL_NOT_FROZEN	ENST00000464553	1
PROVISIONAL_NOT_FROZEN	ENST00000545581	2
PROVISIONAL_NOT_FROZEN	ENST00000332710	3
PROVISIONAL_NOT_FROZEN	ENST00000446953	0
PROVISIONAL_NOT_FROZEN	ENST00000589166	4
PROVISIONAL_NOT_FROZEN	ENST00000584539	4
PROVISIONAL_NOT_FROZEN	ENST00000549808	3
PROVISIONAL_NOT_FROZEN	ENST00000323013	0
PROVISIONAL_NOT_FROZEN	ENST00000461458	1
PROVISIONAL_NOT_FROZEN	ENST00000623640	1
PROVISIONAL_NOT_FROZEN	ENST00000300035	2
PROVISIONAL_NOT_FROZEN	ENST00000457497	4
PROVISIONAL_NOT_FROZEN	ENST00000480271	0
PROVISIONAL_NOT_FROZEN	ENST00000552884	1
PROVISIONAL_NOT_FROZEN	ENST00000171111	3
PROVISIONAL_NOT_FROZEN	ENST00000402039	0
PROVISIONAL_NOT_FROZEN	ENST00000472498	3
PROVISIONAL_NOT_FROZEN	ENST00000258418	3
PROVISIONAL_NOT_FROZEN	ENST00000444166	0
PROVISIONAL_NOT_FROZEN	ENST00000391491	4
PROVISIONAL_NOT_FROZEN	ENST00000585535	4
PROVISIONAL_NOT_FROZEN	ENST00000361439	4
PROVISIONAL_NOT_FROZEN	ENST00000260447	2
PROVISIONAL_NOT_FROZEN	ENST00000446735	2
PROVISIONAL_NOT_FROZEN	ENST00000360840	0
PROVISIONAL_NOT_FROZEN	ENST00000352983	4
PROVISIONAL_NOT_FROZEN	ENST00000368687	1
PROVISIONAL_NOT_FROZEN	ENST00000507088	4
PROVISIONAL_NOT_FROZEN	ENST00000619548	4
PROVISIONAL_NOT_FROZEN	ENST00000432899	2
PROVISIONAL_NOT_FROZEN	ENST00000546490	3
PROVISIONAL_NOT_FROZEN	ENST00000557310	3
PROVISIONAL_NOT_FROZEN	ENST00000553162	1
PROVISIONAL_NOT_FROZEN	ENST00000420302	2
PROVISIONAL_NOT_FROZEN	ENST00000531407	0
PROVISIONAL_NOT_FROZEN	ENST00000491007	4
PROVISIONAL_NOT_FROZEN	ENST00000398148	2
PROVISIONAL_NOT_FROZEN	ENST00000554924	2
PROVISIONAL_NOT_FROZEN	ENST00000373896	2
PROVISIONAL_NOT_FROZEN	ENST00000554820	2
PROVISIONAL_NOT_FROZEN	ENST00000536416	4
PROVISIONAL_NOT_FROZEN	ENST00000301454	3
PROVISIONAL_NOT_FROZEN	ENST00000487182	1
PROVISIONAL_NOT_FROZEN	ENST00000377526	1
PROVISIONAL_NOT_FROZEN	ENST00000498753	1
PROVISIONAL_NOT_FROZEN	ENST00000270586	0
PROVISIONAL_NOT_FROZEN	ENST00000491569	4
PROVISIONAL_NOT_FROZEN	ENST00000398163	3
PROVISIONAL_NOT_FROZEN	ENST00000526877	1
PROVISIONAL_NOT_FROZEN	ENST00000585202	1
PROVISIONAL_NOT_FROZEN	ENST00000463947	1
PROVISIONAL_NOT_FROZEN	ENST00000374616	4
PROVISIONAL_NOT_FROZEN	ENST00000429272	4
PROVISIONAL_NOT_FROZEN	ENST00000328159	4
PROVISIONAL_NOT_FROZEN	ENST00000262053	2
PROVISIONAL_NOT_FROZEN	ENST00000333432	3
PROVISIONAL_NOT_FROZEN	ENST00000412582	3
PROVISIONAL_NOT_FROZEN	ENST00000429585	4
PROVISIONAL_NOT_FROZEN	ENST00000508495	2
PROVISIONAL_NOT_FROZEN	ENST00000421570	2
PROVISIONAL_NOT_FROZEN	ENST00000537332	4
PROVISIONAL_NOT_FROZEN	ENST00000363444	0
PROVISIONAL_NOT_FROZEN	ENST00000344548	4
PROVISIONAL_NOT_FROZEN	ENST00000331434	2
PROVISIONAL_NOT_FROZEN	ENST00000555441	0
PROVISIONAL_NOT_FROZEN	ENST00000534074	2
PROVISIONAL_NOT_FROZEN	ENST00000504082	2
PROVISIONAL_NOT_FROZEN	ENST00000456575	1
PROVISIONAL_NOT_FROZEN	ENST00000477668	1
PROVISIONAL_NOT_FROZEN	ENST00000304895	3
PROVISIONAL_NOT_FROZEN	ENST00000449187	4
PROVISIONAL_NOT_FROZEN	ENST00000448187	2
PROVISIONAL_NOT_FROZEN	ENST00000400093	2
PROVISIONAL_NOT_FROZEN	ENST00000414620	2
PROVISIONAL_NOT_FROZEN	ENST00000456707	2
PROVISIONAL_NOT_FROZEN	ENST00000367440	2
PROVISIONAL_NOT_FROZEN	ENST00000624447	4
PROVISIONAL_NOT_FROZEN	ENST00000530398	2
PROVISIONAL_NOT_FROZEN	ENST00000471163	4
PROVISIONAL_NOT_FROZEN	ENST00000494843	3
PROVISIONAL_NOT_FROZEN	ENST00000426652	2
PROVISIONAL_NOT_FROZEN	ENST00000228136	4
PROVISIONAL_NOT_FROZEN	ENST00000538814	4
PROVISIONAL_NOT_FROZEN	ENST00000461290	3
PROVISIONAL_NOT_FROZEN	ENST00000392376	2
PROVISIONAL_NOT_FROZEN	ENST00000427905	0
PROVISIONAL_NOT_FROZEN	ENST00000487075	3
PROVISIONAL_NOT_FROZEN	ENST00000445940	4
PROVISIONAL_NOT_FROZEN	ENST00000337943	0
PROVISIONAL_NOT_FROZEN	ENST00000464483	0
PROVISIONAL_NOT_FROZEN	ENST00000525035	3
PROVISIONAL_NOT_FROZEN	ENST00000453615	3
PROVISIONAL_NOT_FROZEN	ENST00000513224	3
PROVISIONAL_NOT_FROZEN	ENST00000231790	1
PROVISIONAL_NOT_FROZEN	ENST00000235090	2
PROVISIONAL_NOT_FROZEN	ENST00000460947	3
PROVISIONAL_NOT_FROZEN	ENST00000602725	4
PROVISIONAL_NOT_FROZEN	ENST00000528433	4
PROVISIONAL_NOT_FROZEN	ENST00000387347	2
PROVISIONAL_NOT_FROZEN	ENST00000437799	0
PROVISIONAL_NOT_FROZEN	ENST00000457038	3
PROVISIONAL_NOT_FROZEN	ENST00000381103	0
PROVISIONAL_NOT_FROZEN	ENST00000482103	0
PROVISIONAL_NOT_FROZEN	ENST00000536607	2
PROVISIONAL_NOT_FROZEN	ENST00000253457	0
PROVISIONAL_NOT_FROZEN	ENST00000474025	1
PROVISIONAL_NOT_FROZEN	ENST00000417138	3
PROVISIONAL_NOT_FROZEN	ENST00000569234	4
PROVISIONAL_NOT_FROZEN	ENST00000397806	2
PROVISIONAL_NOT_FROZEN	ENST00000392414	1
PROVISIONAL_NOT_FROZEN	ENST00000625175	0
PROVISIONAL_NOT_FROZEN	ENST00000354171	0
PROVISIONAL_NOT_FROZEN	ENST00000374153	3
PROVISIONAL_NOT_FROZEN	ENST00000396131	2
PROVISIONAL_NOT_FROZEN	ENST00000489200	2
PROVISIONAL_NOT_FROZEN	ENST00000473395	0
PROVISIONAL_NOT_FROZEN	ENST00000594989	3
PROVISIONAL_NOT_FROZEN	ENST00000550479	2
PROVISIONAL_NOT_FROZEN	ENST00000550030	0
PROVISIONAL_NOT_FROZEN	ENST00000462391	3
PROVISIONAL_NOT_FROZEN	ENST00000405331	4
PROVISIONAL_NOT_FROZEN	ENST00000271450	1
PROVISIONAL_NOT_FROZEN	ENST00000578795	4
PROVISIONAL_NOT_FROZEN	ENST00000447259	4
PROVISIONAL_NOT_FROZEN	ENST00000355904	2
PROVISIONAL_NOT_FROZEN	ENST00000484464	2
PROVISIONAL_NOT_FROZEN	ENST00000483112	1
PROVISIONAL_NOT_FROZEN	ENST00000622920	3
PROVISIONAL_NOT_FROZEN	ENST00000533297	0
PROVISIONAL_NOT_FROZEN	ENST00000614791	0
PROVISIONAL_NOT_FROZEN	ENST00000452771	0
PROVISIONAL_NOT_FROZEN	ENST00000488946	1
PROVISIONAL_NOT_FROZEN	ENST00000495822	4
PROVISIONAL_NOT_FROZEN	ENST00000419497	2
PROVISIONAL_NOT_FROZEN	ENST00000477661	4
PROVISIONAL_NOT_FROZEN	ENST00000464926	2
PROVISIONAL_NOT_FROZEN	ENST00000464908	2
PROVISIONAL_NOT_FROZEN	ENST00000546897	3
PROVISIONAL_NOT_FROZEN	ENST00000302517	0
PROVISIONAL_NOT_FROZEN	ENST00000438571	3
PROVISIONAL_NOT_FROZEN	ENST00000199706	2
PROVISIONAL_NOT_FROZEN	ENST00000531921	4
PROVISIONAL_NOT_FROZEN	ENST00000471602	2
PROVISIONAL_NOT_FROZEN	ENST00000613058	2
PROVISIONAL_NOT_FROZEN	ENST00000411875	1
PROVISIONAL_NOT_FROZEN	ENST00000468006	0
PROVISIONAL_NOT_FROZEN	ENST00000602520	0
PROVISIONAL_NOT_FROZEN	ENST00000413966	4
PROVISIONAL_NOT_FROZEN	ENST00000367075	1
PROVISIONAL_NOT_FROZEN	ENST00000465434	1
PROVISIONAL_NOT_FROZEN	ENST00000380629	0
PROVISIONAL_NOT_FROZEN	ENST00000588868	3
PROVISIONAL_NOT_FROZEN	ENST00000487660	2
PROVISIONAL_NOT_FROZEN	ENST00000473603	3
PROVISIONAL_NOT_FROZEN	ENST00000592927	2
PROVISIONAL_NOT_FROZEN	ENST00000483085	1
PROVISIONAL_NOT_FROZEN	ENST00000509253	1
PROVISIONAL_NOT_FROZEN	ENST00000549164	3
PROVISIONAL_NOT_FROZEN	ENST00000616386	1
PROVISIONAL_NOT_FROZEN	ENST00000372525	4
PROVISIONAL_NOT_FROZEN	ENST00000324557	4
PROVISIONAL_NOT_FROZEN	ENST00000507400	0
PROVISIONAL_NOT_FROZEN	ENST00000442225	0
PROVISIONAL_NOT_FROZEN	ENST00000518171	1
PROVISIONAL_NOT_FROZEN	ENST00000486007	2
PROVISIONAL_NOT_FROZEN	ENST00000473929	3
PROVISIONAL_NOT_FROZEN	ENST00000465785	3
PROVISIONAL_NOT_FROZEN	ENST00000289382	0
PROVISIONAL_NOT_FROZEN	ENST00000373635	3
PROVISIONAL_NOT_FROZEN	ENST00000323563	0
PROVISIONAL_NOT_FROZEN	ENST00000474162	0
PROVISIONAL_NOT_FROZEN	ENST00000431907	0
PROVISIONAL_NOT_FROZEN	ENST00000265340	0
PROVISIONAL_NOT_FROZEN	ENST00000488840	0
PROVISIONAL_NOT_FROZEN	ENST00000468010	3
PROVISIONAL_NOT_FROZEN	ENST00000557553	2
PROVISIONAL_NOT_FROZEN	ENST00000495596	3
PROVISIONAL_NOT_FROZEN	ENST00000564659	0
PROVISIONAL_NOT_FROZEN	ENST00000450592	4
PROVISIONAL_NOT_FROZEN	ENST00000380441	1
PROVISIONAL_NOT_FROZEN	ENST00000456046	4
PROVISIONAL_NOT_FROZEN	ENST00000320676	0
PROVISIONAL_NOT_FROZEN	ENST00000592023	1
PROVISIONAL_NOT_FROZEN	ENST00000427397	4
PROVISIONAL_NOT_FROZEN	ENST00000528174	3
PROVISIONAL_NOT_FROZEN	ENST00000467388	4
PROVISIONAL_NOT_FROZEN	ENST00000494946	0
PROVISIONAL_NOT_FROZEN	ENST00000360830	1
PROVISIONAL_NOT_FROZEN	ENST00000556504	2
PROVISIONAL_NOT_FROZEN	ENST00000255764	3
PROVISIONAL_NOT_FROZEN	ENST00000584657	0
PROVISIONAL_NOT_FROZEN	ENST00000618102	1
PROVISIONAL_NOT_FROZEN	ENST00000419155	2
PROVISIONAL_NOT_FROZEN	ENST00000464326	2
PROVISIONAL_NOT_FROZEN	ENST00000558985	3
PROVISIONAL_NOT_FROZEN	ENST00000430199	4
PROVISIONAL_NOT_FROZEN	ENST00000373991	4
PROVISIONAL_NOT_FROZEN	ENST00000476803	1
PROVISIONAL_NOT_FROZEN	ENST00000540251	0
PROVISIONAL_NOT_FROZEN	ENST00000456392	0
PROVISIONAL_NOT_FROZEN	ENST00000423940	3
PROVISIONAL_NOT_FROZEN	ENST00000395422	2
PROVISIONAL_NOT_FROZEN	ENST00000611050	1
PROVISIONAL_NOT_FROZEN	ENST00000460820	3
PROVISIONAL_NOT_FROZEN	ENST00000458220	3
PROVISIONAL_NOT_FROZEN	ENST00000476437	4
PROVISIONAL_NOT_FROZEN	ENST00000528126	3
PROVISIONAL_NOT_FROZEN	ENST00000588599	0
PROVISIONAL_NOT_FROZEN	ENST00000542575	3
PROVISIONAL_NOT_FROZEN	ENST00000366839	4
PROVISIONAL_NOT_FROZEN	ENST00000596253	0
PROVISIONAL_NOT_FROZEN	ENST00000392481	1
PROVISIONAL_NOT_FROZEN	ENST00000355091	1
PROVISIONAL_NOT_FROZEN	ENST00000569760	3
PROVISIONAL_NOT_FROZEN	ENST00000394249	4
PROVISIONAL_NOT_FROZEN	ENST00000470671	1
PROVISIONAL_NOT_FROZEN	ENST00000369220	1
PROVISIONAL_NOT_FROZEN	ENST00000639447	1
PROVISIONAL_NOT_FROZEN	ENST00000461043	3
PROVISIONAL_NOT_FROZEN	ENST00000509846	1
PROVISIONAL_NOT_FROZEN	ENST00000463097	0
PROVISIONAL_NOT_FROZEN	ENST00000586243	3
PROVISIONAL_NOT_FROZEN	ENST00000361946	4
PROVISIONAL_NOT_FROZEN	ENST00000519007	4
PROVISIONAL_NOT_FROZEN	ENST00000543076	2
PROVISIONAL_NOT_FROZEN	ENST00000554074	2
PROVISIONAL_NOT_FROZEN	ENST00000396183	3
PROVISIONAL_NOT_FROZEN	ENST00000443046	1
PROVISIONAL_NOT_FROZEN	ENST00000366794	1
PROVISIONAL_NOT_FROZEN	ENST00000502964	0
PROVISIONAL_NOT_FROZEN	ENST00000511832	2
PROVISIONAL_NOT_FROZEN	ENST00000424214	4
PROVISIONAL_NOT_FROZEN	ENST00000484743	1
PROVISIONAL_NOT_FROZEN	ENST00000551524	1
PROVISIONAL_NOT_FROZEN	ENST00000397885	4
PROVISIONAL_NOT_FROZEN	ENST00000506197	3
PROVISIONAL_NOT_FROZEN	ENST00000518495	0
PROVISIONAL_NOT_FROZEN	ENST00000434913	4
PROVISIONAL_NOT_FROZEN	ENST00000569774	2
PROVISIONAL_NOT_FROZEN	ENST00000519363	4
PROVISIONAL_NOT_FROZEN	ENST00000592042	4
PROVISIONAL_NOT_FROZEN	ENST00000476003	2
PROVISIONAL_NOT_FROZEN	ENST00000005260	0
PROVISIONAL_NOT_FROZEN	ENST00000458033	3
PROVISIONAL_NOT_FROZEN	ENST00000215754	2
PROVISIONAL_NOT_FROZEN	ENST00000441173	2
PROVISIONAL_NOT_FROZEN	ENST00000369014	3
PROVISIONAL_NOT_FROZEN	ENST00000605661	3
PROVISIONAL_NOT_FROZEN	ENST00000470873	3
PROVISIONAL_NOT_FROZEN	ENST00000518186	0
PROVISIONAL_NOT_FROZEN	ENST00000464611	2
PROVISIONAL_NOT_FROZEN	ENST00000371060	3
PROVISIONAL_NOT_FROZEN	ENST00000439343	0
PROVISIONAL_NOT_FROZEN	ENST00000553171	3
PROVISIONAL_NOT_FROZEN	ENST00000555839	2
PROVISIONAL_NOT_FROZEN	ENST00000403441	4
PROVISIONAL_NOT_FROZEN	ENST00000471475	0
PROVISIONAL_NOT_FROZEN	ENST00000544028	1
PROVISIONAL_NOT_FROZEN	ENST00000482603	3
PROVISIONAL_NOT_FROZEN	ENST00000478882	3
PROVISIONAL_NOT_FROZEN	ENST00000462047	1
PROVISIONAL_NOT_FROZEN	ENST00000433978	0
PROVISIONAL_NOT_FROZEN	ENST00000510787	0
PROVISIONAL_NOT_FROZEN	ENST00000368902	2
PROVISIONAL_NOT_FROZEN	ENST00000526214	3
PROVISIONAL_NOT_FROZEN	ENST00000559956	3
PROVISIONAL_NOT_FROZEN	ENST00000628507	2
PROVISIONAL_NOT_FROZEN	ENST00000397511	0
PROVISIONAL_NOT_FROZEN	ENST00000455250	2
PROVISIONAL_NOT_FROZEN	ENST00000577286	0
PROVISIONAL_NOT_FROZEN	ENST00000371085	1
PROVISIONAL_NOT_FROZEN	ENST00000465294	0
PROVISIONAL_NOT_FROZEN	ENST00000432746	1
PROVISIONAL_NOT_FROZEN	ENST00000005257	3
PROVISIONAL_NOT_FROZEN	ENST00000522447	1
PROVISIONAL_NOT_FROZEN	ENST00000509708	0
PROVISIONAL_NOT_FROZEN	ENST00000380381	0
PROVISIONAL_NOT_FROZEN	ENST00000484754	0
PROVISIONAL_NOT_FROZEN	ENST00000261427	1
PROVISIONAL_NOT_FROZEN	ENST00000465748	0
PROVISIONAL_NOT_FROZEN	ENST00000596386	1
PROVISIONAL_NOT_FROZEN	ENST00000570805	0
PROVISIONAL_NOT_FROZEN	ENST00000233114	0
PROVISIONAL_NOT_FROZEN	ENST00000555938	4
PROVISIONAL_NOT_FROZEN	ENST00000627059	0
PROVISIONAL_NOT_FROZEN	ENST00000340913	1
PROVISIONAL_NOT_FROZEN	ENST00000573968	1
PROVISIONAL_NOT_FROZEN	ENST00000552760	3
PROVISIONAL_NOT_FROZEN	ENST00000371778	1
PROVISIONAL_NOT_FROZEN	ENST00000369797	4
PROVISIONAL_NOT_FROZEN	ENST00000472645	1
PROVISIONAL_NOT_FROZEN	ENST00000531718	0
PROVISIONAL_NOT_FROZEN	ENST00000572656	2
PROVISIONAL_NOT_FROZEN	ENST00000414823	4
PROVISIONAL_NOT_FROZEN	ENST00000492245	4
PROVISIONAL_NOT_FROZEN	ENST00000601306	3
PROVISIONAL_NOT_FROZEN	ENST00000216951	3
PROVISIONAL_NOT_FROZEN	ENST00000300291	0
PROVISIONAL_NOT_FROZEN	ENST00000462133	3
PROVISIONAL_NOT_FROZEN	ENST00000470924	4
PROVISIONAL_NOT_FROZEN	ENST00000392798	2
PROVISIONAL_NOT_FROZEN	ENST00000547969	1
PROVISIONAL_NOT_FROZEN	ENST00000492253	3
PROVISIONAL_NOT_FROZEN	ENST00000493323	2
PROVISIONAL_NOT_FROZEN	ENST00000528370	3
PROVISIONAL_NOT_FROZEN	ENST00000584486	3
PROVISIONAL_NOT_FROZEN	ENST00000392185	0
PROVISIONAL_NOT_FROZEN	ENST00000575071	1
PROVISIONAL_NOT_FROZEN	ENST00000425280	0
PROVISIONAL_NOT_FROZEN	ENST00000400754	2
PROVISIONAL_NOT_FROZEN	ENST00000345896	4
PROVISIONAL_NOT_FROZEN	ENST00000395384	4
PROVISIONAL_NOT_FROZEN	ENST00000550166	1
PROVISIONAL_NOT_FROZEN	ENST00000331244	3
PROVISIONAL_NOT_FROZEN	ENST00000413888	3
PROVISIONAL_NOT_FROZEN	ENST00000504963	4
PROVISIONAL_NOT_FROZEN	ENST00000475927	3
PROVISIONAL_NOT_FROZEN	ENST00000601150	3
PROVISIONAL_NOT_FROZEN	ENST00000546939	4
PROVISIONAL_NOT_FROZEN	ENST00000392246	1
PROVISIONAL_NOT_FROZEN	ENST00000614132	1
PROVISIONAL_NOT_FROZEN	ENST00000511653	0
PROVISIONAL_NOT_FROZEN	ENST00000582076	2
PROVISIONAL_NOT_FROZEN	ENST00000351193	0
PROVISIONAL_NOT_FROZEN	ENST00000594838	2
PROVISIONAL_NOT_FROZEN	ENST00000328848	1
PROVISIONAL_NOT_FROZEN	ENST00000625770	3
PROVISIONAL_NOT_FROZEN	ENST00000510207	2
PROVISIONAL_NOT_FROZEN	ENST00000498664	0
PROVISIONAL_NOT_FROZEN	ENST00000491989	3
PROVISIONAL_NOT_FROZEN	ENST00000375926	2
PROVISIONAL_NOT_FROZEN	ENST00000367067	4
PROVISIONAL_NOT_FROZEN	ENST00000553205	1
PROVISIONAL_NOT_FROZEN	ENST00000513394	4
PROVISIONAL_NOT_FROZEN	ENST00000510537	3
PROVISIONAL_NOT_FROZEN	ENST00000361446	3
PROVISIONAL_NOT_FROZEN	ENST00000564595	0
PROVISIONAL_NOT_FROZEN	ENST00000439605	1
PROVISIONAL_NOT_FROZEN	ENST00000301364	3
PROVISIONAL_NOT_FROZEN	ENST00000485275	0
PROVISIONAL_NOT_FROZEN	ENST00000376772	3
PROVISIONAL_NOT_FROZEN	ENST00000548647	2
PROVISIONAL_NOT_FROZEN	ENST00000230640	2
PROVISIONAL_NOT_FROZEN	ENST00000382753	0
PROVISIONAL_NOT_FROZEN	ENST00000618164	3
PROVISIONAL_NOT_FROZEN	ENST00000459956	2
PROVISIONAL_NOT_FROZEN	ENST00000503967	2
PROVISIONAL_NOT_FROZEN	ENST00000490352	1
PROVISIONAL_NOT_FROZEN	ENST00000373016	3
PROVISIONAL_NOT_FROZEN	ENST00000609232	1
PROVISIONAL_NOT_FROZEN	ENST00000561171	4
PROVISIONAL_NOT_FROZEN	ENST00000487404	2
PROVISIONAL_NOT_FROZEN	ENST00000587252	0
PROVISIONAL_NOT_FROZEN	ENST00000381070	3
PROVISIONAL_NOT_FROZEN	ENST00000219771	4
PROVISIONAL_NOT_FROZEN	ENST00000396682	2
PROVISIONAL_NOT_FROZEN	ENST00000585024	0
PROVISIONAL_NOT_FROZEN	ENST00000466227	1
PROVISIONAL_NOT_FROZEN	ENST00000492376	2
PROVISIONAL_NOT_FROZEN	ENST00000623910	0
PROVISIONAL_NOT_FROZEN	ENST00000556760	2
PROVISIONAL_NOT_FROZEN	ENST00000504810	0
PROVISIONAL_NOT_FROZEN	ENST00000378669	1
PROVISIONAL_NOT_FROZEN	ENST00000454402	0
PROVISIONAL_NOT_FROZEN	ENST00000392568	3
PROVISIONAL_NOT_FROZEN	ENST00000340623	1
PROVISIONAL_NOT_FROZEN	ENST00000607784	3
PROVISIONAL_NOT_FROZEN	ENST00000471227	2
PROVISIONAL_NOT_FROZEN	ENST00000466016	2
PROVISIONAL_NOT_FROZEN	ENST00000575069	2
PROVISIONAL_NOT_FROZEN	ENST00000454403	4
PROVISIONAL_NOT_FROZEN	ENST00000396384	2
PROVISIONAL_NOT_FROZEN	ENST00000270502	0
PROVISIONAL_NOT_FROZEN	ENST00000265620	1
PROVISIONAL_NOT_FROZEN	ENST00000479960	4
PROVISIONAL_NOT_FROZEN	ENST00000304004	0
PROVISIONAL_NOT_FROZEN	ENST00000491200	2
PROVISIONAL_NOT_FROZEN	ENST00000533777	3
PROVISIONAL_NOT_FROZEN	ENST00000634318	2
PROVISIONAL_NOT_FROZEN	ENST00000494506	3
PROVISIONAL_NOT_FROZEN	ENST00000377953	3
PROVISIONAL_NOT_FROZEN	ENST00000489290	3
PROVISIONAL_NOT_FROZEN	ENST00000550964	3
PROVISIONAL_NOT_FROZEN	ENST00000601449	1
PROVISIONAL_NOT_FROZEN	ENST00000596658	3
PROVISIONAL_NOT_FROZEN	ENST00000557443	2
PROVISIONAL_NOT_FROZEN	ENST00000592144	2
PROVISIONAL_NOT_FROZEN	ENST00000640762	3
PROVISIONAL_NOT_FROZEN	ENST00000582050	0
PROVISIONAL_NOT_FROZEN	ENST00000414262	4
PROVISIONAL_NOT_FROZEN	ENST00000464010	1
PROVISIONAL_NOT_FROZEN	ENST00000495986	1
PROVISIONAL_NOT_FROZEN	ENST00000490423	0
PROVISIONAL_NOT_FROZEN	ENST00000493673	0
PROVISIONAL_NOT_FROZEN	ENST00000486039	4
PROVISIONAL_NOT_FROZEN	ENST00000354895	4
PROVISIONAL_NOT_FROZEN	ENST00000503453	0
PROVISIONAL_NOT_FROZEN	ENST00000527954	3
PROVISIONAL_NOT_FROZEN	ENST00000475720	4
PROVISIONAL_NOT_FROZEN	ENST00000469684	2
PROVISIONAL_NOT_FROZEN	ENST00000322028	2
PROVISIONAL_NOT_FROZEN	ENST00000421621	1
PROVISIONAL_NOT_FROZEN	ENST00000459665	2
PROVISIONAL_NOT_FROZEN	ENST00000393183	1
PROVISIONAL_NOT_FROZEN	ENST00000486613	0
PROVISIONAL_NOT_FROZEN	ENST00000546111	2
PROVISIONAL_NOT_FROZEN	ENST00000456859	2
PROVISIONAL_NOT_FROZEN	ENST00000471115	4
PROVISIONAL_NOT_FROZEN	ENST00000456160	4
PROVISIONAL_NOT_FROZEN	ENST00000425466	0
PROVISIONAL_NOT_FROZEN	ENST00000450504	2
PROVISIONAL_NOT_FROZEN	ENST00000265056	1
PROVISIONAL_NOT_FROZEN	ENST00000356628	1
PROVISIONAL_NOT_FROZEN	ENST00000582965	3
PROVISIONAL_NOT_FROZEN	ENST00000549318	0
PROVISIONAL_NOT_FROZEN	ENST00000317799	4
PROVISIONAL_NOT_FROZEN	ENST00000372969	4
PROVISIONAL_NOT_FROZEN	ENST00000508425	1
PROVISIONAL_NOT_FROZEN	ENST00000379270	3
PROVISIONAL_NOT_FROZEN	ENST00000451303	1
PROVISIONAL_NOT_FROZEN	ENST00000219431	3
PROVISIONAL_NOT_FROZEN	ENST00000438350	2
PROVISIONAL_NOT_FROZEN	ENST00000544844	1
PROVISIONAL_NOT_FROZEN	ENST00000266079	1
PROVISIONAL_NOT_FROZEN	ENST00000396014	4
PROVISIONAL_NOT_FROZEN	ENST00000601778	4
PROVISIONAL_NOT_FROZEN	ENST00000558311	0
PROVISIONAL_NOT_FROZEN	ENST00000531189	0
PROVISIONAL_NOT_FROZEN	ENST00000587962	3
PROVISIONAL_NOT_FROZEN	ENST00000433284	4
PROVISIONAL_NOT_FROZEN	ENST00000372133	2
PROVISIONAL_NOT_FROZEN	ENST00000521607	2
PROVISIONAL_NOT_FROZEN	ENST00000493018	3
PROVISIONAL_NOT_FROZEN	ENST00000592268	0
PROVISIONAL_NOT_FROZEN	ENST00000366672	0
PROVISIONAL_NOT_FROZEN	ENST00000585900	0
PROVISIONAL_NOT_FROZEN	ENST00000397133	3
PROVISIONAL_NOT_FROZEN	ENST00000511482	3
PROVISIONAL_NOT_FROZEN	ENST00000487784	4
PROVISIONAL_NOT_FROZEN	ENST00000349038	4
PROVISIONAL_NOT_FROZEN	ENST00000275517	1
PROVISIONAL_NOT_FROZEN	ENST00000434963	0
PROVISIONAL_NOT_FROZEN	ENST00000449083	3
PROVISIONAL_NOT_FROZEN	ENST00000569299	4
PROVISIONAL_NOT_FROZEN	ENST00000502899	4
PROVISIONAL_NOT_FROZEN	ENST00000587807	0
PROVISIONAL_NOT_FROZEN	ENST00000405364	2
PROVISIONAL_NOT_FROZEN	ENST00000394714	3
PROVISIONAL_NOT_FROZEN	ENST00000426413	0
PROVISIONAL_NOT_FROZEN	ENST00000504475	3
PROVISIONAL_NOT_FROZEN	ENST00000497997	3
PROVISIONAL_NOT_FROZEN	ENST00000342756	2
PROVISIONAL_NOT_FROZEN	ENST00000379341	1
PROVISIONAL_NOT_FROZEN	ENST00000550697	1
PROVISIONAL_NOT_FROZEN	ENST00000399075	3
PROVISIONAL_NOT_FROZEN	ENST00000532097	3
PROVISIONAL_NOT_FROZEN	ENST00000508963	1
PROVISIONAL_NOT_FROZEN	ENST00000513919	0
PROVISIONAL_NOT_FROZEN	ENST00000487479	3
PROVISIONAL_NOT_FROZEN	ENST00000580377	2
PROVISIONAL_NOT_FROZEN	ENST00000605314	0
PROVISIONAL_NOT_FROZEN	ENST00000460492	3
PROVISIONAL_NOT_FROZEN	ENST00000434917	2
PROVISIONAL_NOT_FROZEN	ENST00000587806	2
PROVISIONAL_NOT_FROZEN	ENST00000542145	2
PROVISIONAL_NOT_FROZEN	ENST00000438874	0
PROVISIONAL_NOT_FROZEN	ENST00000506207	2
PROVISIONAL_NOT_FROZEN	ENST00000529301	4
PROVISIONAL_NOT_FROZEN	ENST00000455131	2
PROVISIONAL_NOT_FROZEN	ENST00000477071	2
PROVISIONAL_NOT_FROZEN	ENST00000590253	1
PROVISIONAL_NOT_FROZEN	ENST00000379060	0
PROVISIONAL_NOT_FROZEN	ENST00000588981	0
PROVISIONAL_NOT_FROZEN	ENST00000423843	1
PROVISIONAL_NOT_FROZEN	ENST00000329399	2
PROVISIONAL_NOT_FROZEN	ENST00000369638	4
PROVISIONAL_NOT_FROZEN	ENST00000409913	3
PROVISIONAL_NOT_FROZEN	ENST00000449759	2
PROVISIONAL_NOT_FROZEN	ENST00000495531	4
PROVISIONAL_NOT_FROZEN	ENST00000359895	0
PROVISIONAL_NOT_FROZEN	ENST00000424225	4
PROVISIONAL_NOT_FROZEN	ENST00000284320	1
PROVISIONAL_NOT_FROZEN	ENST00000592740	1
PROVISIONAL_NOT_FROZEN	ENST00000511475	2
PROVISIONAL_NOT_FROZEN	ENST00000343823	0
PROVISIONAL_NOT_FROZEN	ENST00000596288	3
PROVISIONAL_NOT_FROZEN	ENST00000614236	4
PROVISIONAL_NOT_FROZEN	ENST00000630114	2
PROVISIONAL_NOT_FROZEN	ENST00000619352	0
PROVISIONAL_NOT_FROZEN	ENST00000370087	0
PROVISIONAL_NOT_FROZEN	ENST00000524972	3
PROVISIONAL_NOT_FROZEN	ENST00000566846	0
PROVISIONAL_NOT_FROZEN	ENST00000299413	0
PROVISIONAL_NOT_FROZEN	ENST00000582556	0
PROVISIONAL_NOT_FROZEN	ENST00000611668	2
PROVISIONAL_NOT_FROZEN	ENST00000217026	2
PROVISIONAL_NOT_FROZEN	ENST00000340473	2
PROVISIONAL_NOT_FROZEN	ENST00000486386	3
PROVISIONAL_NOT_FROZEN	ENST00000480661	2
PROVISIONAL_NOT_FROZEN	ENST00000467905	3
PROVISIONAL_NOT_FROZEN	ENST00000308774	1
PROVISIONAL_NOT_FROZEN	ENST00000453348	1
PROVISIONAL_NOT_FROZEN	ENST00000589372	4
PROVISIONAL_NOT_FROZEN	ENST00000492572	2
PROVISIONAL_NOT_FROZEN	ENST00000477393	4
PROVISIONAL_NOT_FROZEN	ENST00000470050	3
PROVISIONAL_NOT_FROZEN	ENST00000622530	1
PROVISIONAL_NOT_FROZEN	ENST00000412051	4
PROVISIONAL_NOT_FROZEN	ENST00000599794	3
PROVISIONAL_NOT_FROZEN	ENST00000492989	3
PROVISIONAL_NOT_FROZEN	ENST00000466237	3
PROVISIONAL_NOT_FROZEN	ENST00000562379	4
PROVISIONAL_NOT_FROZEN	ENST00000375631	3
PROVISIONAL_NOT_FROZEN	ENST00000380071	2
PROVISIONAL_NOT_FROZEN	ENST00000482732	2
PROVISIONAL_NOT_FROZEN	ENST00000369541	3
PROVISIONAL_NOT_FROZEN	ENST00000479243	3
PROVISIONAL_NOT_FROZEN	ENST00000426421	4
PROVISIONAL_NOT_FROZEN	ENST00000474377	1
PROVISIONAL_NOT_FROZEN	ENST00000484604	0
PROVISIONAL_NOT_FROZEN	ENST00000317198	4
PROVISIONAL_NOT_FROZEN	ENST00000464716	1
PROVISIONAL_NOT_FROZEN	ENST00000513778	2
PROVISIONAL_NOT_FROZEN	ENST00000420791	0
PROVISIONAL_NOT_FROZEN	ENST00000407324	1
PROVISIONAL_NOT_FROZEN	ENST00000580814	0
PROVISIONAL_NOT_FROZEN	ENST00000431098	3
PROVISIONAL_NOT_FROZEN	ENST00000445505	0
PROVISIONAL_NOT_FROZEN	ENST00000518393	0
PROVISIONAL_NOT_FROZEN	ENST00000495288	0
PROVISIONAL_NOT_FROZEN	ENST00000511988	0
PROVISIONAL_NOT_FROZEN	ENST00000486984	2
PROVISIONAL_NOT_FROZEN	ENST00000545173	4
PROVISIONAL_NOT_FROZEN	ENST00000505500	0
PROVISIONAL_NOT_FROZEN	ENST00000479056	3
PROVISIONAL_NOT_FROZEN	ENST00000526991	3
PROVISIONAL_NOT_FROZEN	ENST00000369825	1
PROVISIONAL_NOT_FROZEN	ENST00000417647	4
PROVISIONAL_NOT_FROZEN	ENST00000559458	1
PROVISIONAL_NOT_FROZEN	ENST00000370177	4
PROVISIONAL_NOT_FROZEN	ENST00000317881	4
PROVISIONAL_NOT_FROZEN	ENST00000264001	3
PROVISIONAL_NOT_FROZEN	ENST00000331523	0
PROVISIONAL_NOT_FROZEN	ENST00000595483	3
PROVISIONAL_NOT_FROZEN	ENST00000587393	4
PROVISIONAL_NOT_FROZEN	ENST00000282050	4
PROVISIONAL_NOT_FROZEN	ENST00000488260	4
PROVISIONAL_NOT_FROZEN	ENST00000565494	2
PROVISIONAL_NOT_FROZEN	ENST00000369535	3
PROVISIONAL_NOT_FROZEN	ENST00000439422	1
PROVISIONAL_NOT_FROZEN	ENST00000254480	2
PROVISIONAL_NOT_FROZEN	ENST00000362052	3
PROVISIONAL_NOT_FROZEN	ENST00000591250	2
PROVISIONAL_NOT_FROZEN	ENST00000555659	4
PROVISIONAL_NOT_FROZEN	ENST00000360507	4
PROVISIONAL_NOT_FROZEN	ENST00000495487	0
PROVISIONAL_NOT_FROZEN	ENST00000420894	2
PROVISIONAL_NOT_FROZEN	ENST00000295920	1
PROVISIONAL_NOT_FROZEN	ENST00000535847	0
PROVISIONAL_NOT_FROZEN	ENST00000577929	0
PROVISIONAL_NOT_FROZEN	ENST00000294360	1
PROVISIONAL_NOT_FROZEN	ENST00000503241	3
PROVISIONAL_NOT_FROZEN	ENST00000616692	3
PROVISIONAL_NOT_FROZEN	ENST00000525283	2
PROVISIONAL_NOT_FROZEN	ENST00000551823	2
PROVISIONAL_NOT_FROZEN	ENST00000544233	4
PROVISIONAL_NOT_FROZEN	ENST00000234875	2
PROVISIONAL_NOT_FROZEN	ENST00000554332	3
PROVISIONAL_NOT_FROZEN	ENST00000372996	3
PROVISIONAL_NOT_FROZEN	ENST00000421179	1
PROVISIONAL_NOT_FROZEN	ENST00000522635	4
PROVISIONAL_NOT_FROZEN	ENST00000503771	2
PROVISIONAL_NOT_FROZEN	ENST00000370277	4
PROVISIONAL_NOT_FROZEN	ENST00000561610	0
PROVISIONAL_NOT_FROZEN	ENST00000571957	1
PROVISIONAL_NOT_FROZEN	ENST00000426713	2
PROVISIONAL_NOT_FROZEN	ENST00000325000	4
PROVISIONAL_NOT_FROZEN	ENST00000506908	2
PROVISIONAL_NOT_FROZEN	ENST00000455934	0
PROVISIONAL_NOT_FROZEN	ENST00000420199	0
PROVISIONAL_NOT_FROZEN	ENST00000462503	1
PROVISIONAL_NOT_FROZEN	ENST00000491523	4
PROVISIONAL_NOT_FROZEN	ENST00000491229	3
PROVISIONAL_NOT_FROZEN	ENST00000496837	1
PROVISIONAL_NOT_FROZEN	ENST00000370274	0
PROVISIONAL_NOT_FROZEN	ENST00000423894	2
PROVISIONAL_NOT_FROZEN	ENST00000557530	4
PROVISIONAL_NOT_FROZEN	ENST00000549748	3
PROVISIONAL_NOT_FROZEN	ENST00000589880	1
PROVISIONAL_NOT_FROZEN	ENST00000334268	3
PROVISIONAL_NOT_FROZEN	ENST00000476304	0
PROVISIONAL_NOT_FROZEN	ENST00000455385	0
PROVISIONAL_NOT_FROZEN	ENST00000507416	3
PROVISIONAL_NOT_FROZEN	ENST00000470722	2
PROVISIONAL_NOT_FROZEN	ENST00000626000	0
PROVISIONAL_NOT_FROZEN	ENST00000426040	4
PROVISIONAL_NOT_FROZEN	ENST00000466670	4
PROVISIONAL_NOT_FROZEN	ENST00000482972	2
PROVISIONAL_NOT_FROZEN	ENST00000367478	0
PROVISIONAL_NOT_FROZEN	ENST00000337679	2
PROVISIONAL_NOT_FROZEN	ENST00000361611	0
PROVISIONAL_NOT_FROZEN	ENST00000307650	4
PROVISIONAL_NOT_FROZEN	ENST00000462129	0
PROVISIONAL_NOT_FROZEN	ENST00000426499	0
PROVISIONAL_NOT_FROZEN	ENST00000548143	3
PROVISIONAL_NOT_FROZEN	ENST00000564669	4
PROVISIONAL_NOT_FROZEN	ENST00000443817	1
PROVISIONAL_NOT_FROZEN	ENST00000593437	0
PROVISIONAL_NOT_FROZEN	ENST00000358625	3
PROVISIONAL_NOT_FROZEN	ENST00000362969	2
PROVISIONAL_NOT_FROZEN	ENST00000356634	1
PROVISIONAL_NOT_FROZEN	ENST00000221576	2
PROVISIONAL_NOT_FROZEN	ENST00000566560	2
PROVISIONAL_NOT_FROZEN	ENST00000623123	2
PROVISIONAL_NOT_FROZEN	ENST00000303204	3
PROVISIONAL_NOT_FROZEN	ENST00000398409	2
PROVISIONAL_NOT_FROZEN	ENST00000503948	3
PROVISIONAL_NOT_FROZEN	ENST00000440331	0
PROVISIONAL_NOT_FROZEN	ENST00000377792	2
PROVISIONAL_NOT_FROZEN	ENST00000409334	1
PROVISIONAL_NOT_FROZEN	ENST00000396172	3
PROVISIONAL_NOT_FROZEN	ENST00000559852	4
PROVISIONAL_NOT_FROZEN	ENST00000600972	2
PROVISIONAL_NOT_FROZEN	ENST00000570163	3
PROVISIONAL_NOT_FROZEN	ENST00000555137	3
PROVISIONAL_NOT_FROZEN	ENST00000417407	3
PROVISIONAL_NOT_FROZEN	ENST00000460334	3
PROVISIONAL_NOT_FROZEN	ENST00000436280	4
PROVISIONAL_NOT_FROZEN	ENST00000535589	0
PROVISIONAL_NOT_FROZEN	ENST00000533616	0
PROVISIONAL_NOT_FROZEN	ENST00000477757	2
PROVISIONAL_NOT_FROZEN	ENST00000504072	0
PROVISIONAL_NOT_FROZEN	ENST00000167218	4
PROVISIONAL_NOT_FROZEN	ENST00000498765	0
PROVISIONAL_NOT_FROZEN	ENST00000460225	3
PROVISIONAL_NOT_FROZEN	ENST00000512991	3
PROVISIONAL_NOT_FROZEN	ENST00000223369	1
PROVISIONAL_NOT_FROZEN	ENST00000426531	2
PROVISIONAL_NOT_FROZEN	ENST00000471414	0
PROVISIONAL_NOT_FROZEN	ENST00000509425	1
PROVISIONAL_NOT_FROZEN	ENST00000517709	1
PROVISIONAL_NOT_FROZEN	ENST00000463322	2
PROVISIONAL_NOT_FROZEN	ENST00000374675	2
PROVISIONAL_NOT_FROZEN	ENST00000354147	0
PROVISIONAL_NOT_FROZEN	ENST00000350303	1
PROVISIONAL_NOT_FROZEN	ENST00000497349	2
PROVISIONAL_NOT_FROZEN	ENST00000455667	0
PROVISIONAL_NOT_FROZEN	ENST00000340398	3
PROVISIONAL_NOT_FROZEN	ENST00000340368	2
PROVISIONAL_NOT_FROZEN	ENST00000527226	0
PROVISIONAL_NOT_FROZEN	ENST00000520429	1
PROVISIONAL_NOT_FROZEN	ENST00000472467	1
PROVISIONAL_NOT_FROZEN	ENST00000553102	1
PROVISIONAL_NOT_FROZEN	ENST00000494697	3
PROVISIONAL_NOT_FROZEN	ENST00000588692	2
PROVISIONAL_NOT_FROZEN	ENST00000253815	2
PROVISIONAL_NOT_FROZEN	ENST00000473006	2
PROVISIONAL_NOT_FROZEN	ENST00000270538	1
PROVISIONAL_NOT_FROZEN	ENST00000455918	0
PROVISIONAL_NOT_FROZEN	ENST00000427602	4
PROVISIONAL_NOT_FROZEN	ENST00000378916	2
PROVISIONAL_NOT_FROZEN	ENST00000490223	1
PROVISIONAL_NOT_FROZEN	ENST00000506801	2
PROVISIONAL_NOT_FROZEN	ENST00000338370	4
PROVISIONAL_NOT_FROZEN	ENST00000225916	4
PROVISIONAL_NOT_FROZEN	ENST00000477300	3
PROVISIONAL_NOT_FROZEN	ENST00000368884	3
PROVISIONAL_NOT_FROZEN	ENST00000520490	1
PROVISIONAL_NOT_FROZEN	ENST00000553100	4
PROVISIONAL_NOT_FROZEN	ENST00000253047	2
PROVISIONAL_NOT_FROZEN	ENST00000448516	4
PROVISIONAL_NOT_FROZEN	ENST00000488868	1
PROVISIONAL_NOT_FROZEN	ENST00000422826	2
PROVISIONAL_NOT_FROZEN	ENST00000313132	3
PROVISIONAL_NOT_FROZEN	ENST00000375642	2
PROVISIONAL_NOT_FROZEN	ENST00000485869	2
PROVISIONAL_NOT_FROZEN	ENST00000361505	2
PROVISIONAL_NOT_FROZEN	ENST00000597285	1
PROVISIONAL_NOT_FROZEN	ENST00000418288	1
PROVISIONAL_NOT_FROZEN	ENST00000455925	4
PROVISIONAL_NOT_FROZEN	ENST00000370372	0
PROVISIONAL_NOT_FROZEN	ENST00000269601	0
PROVISIONAL_NOT_FROZEN	ENST00000568615	1
PROVISIONAL_NOT_FROZEN	ENST00000396465	4
PROVISIONAL_NOT_FROZEN	ENST00000476482	2
PROVISIONAL_NOT_FROZEN	ENST00000329667	0
PROVISIONAL_NOT_FROZEN	ENST00000297613	3
PROVISIONAL_NOT_FROZEN	ENST00000542893	0
PROVISIONAL_NOT_FROZEN	ENST00000260359	4
PROVISIONAL_NOT_FROZEN	ENST00000436685	4
PROVISIONAL_NOT_FROZEN	ENST00000254436	4
PROVISIONAL_NOT_FROZEN	ENST00000369763	0
PROVISIONAL_NOT_FROZEN	ENST00000564688	0
PROVISIONAL_NOT_FROZEN	ENST00000579708	0
PROVISIONAL_NOT_FROZEN	ENST00000546206	3
PROVISIONAL_NOT_FROZEN	ENST00000487761	3
PROVISIONAL_NOT_FROZEN	ENST00000532268	1
PROVISIONAL_NOT_FROZEN	ENST00000222553	2
PROVISIONAL_NOT_FROZEN	ENST00000392090	4
PROVISIONAL_NOT_FROZEN	ENST00000502461	0
PROVISIONAL_NOT_FROZEN	ENST00000433498	0
PROVISIONAL_NOT_FROZEN	ENST00000437246	1
PROVISIONAL_NOT_FROZEN	ENST00000592672	0
PROVISIONAL_NOT_FROZEN	ENST00000502877	1
PROVISIONAL_NOT_FROZEN	ENST00000600806	4
PROVISIONAL_NOT_FROZEN	ENST00000461686	1
PROVISIONAL_NOT_FROZEN	ENST00000482310	4
PROVISIONAL_NOT_FROZEN	ENST00000539180	4
PROVISIONAL_NOT_FROZEN	ENST00000543847	4
PROVISIONAL_NOT_FROZEN	ENST00000620797	1
PROVISIONAL_NOT_FROZEN	ENST00000293880	2
PROVISIONAL_NOT_FROZEN	ENST00000357325	0
PROVISIONAL_NOT_FROZEN	ENST00000427426	1
PROVISIONAL_NOT_FROZEN	ENST00000478464	0
PROVISIONAL_NOT_FROZEN	ENST00000379143	4
PROVISIONAL_NOT_FROZEN	ENST00000253794	3
PROVISIONAL_NOT_FROZEN	ENST00000506477	0
PROVISIONAL_NOT_FROZEN	ENST00000273158	3
PROVISIONAL_NOT_FROZEN	ENST00000440766	2
PROVISIONAL_NOT_FROZEN	ENST00000524624	4
PROVISIONAL_NOT_FROZEN	ENST00000503245	4
PROVISIONAL_NOT_FROZEN	ENST00000535923	2
PROVISIONAL_NOT_FROZEN	ENST00000509016	3
PROVISIONAL_NOT_FROZEN	ENST00000513066	0
PROVISIONAL_NOT_FROZEN	ENST00000462205	4
PROVISIONAL_NOT_FROZEN	ENST00000509378	1
PROVISIONAL_NOT_FROZEN	ENST00000456185	3
PROVISIONAL_NOT_FROZEN	ENST00000558670	2
PROVISIONAL_NOT_FROZEN	ENST00000469153	1
PROVISIONAL_NOT_FROZEN	ENST00000331173	1
PROVISIONAL_NOT_FROZEN	ENST00000619901	1
PROVISIONAL_NOT_FROZEN	ENST00000267750	0
PROVISIONAL_NOT_FROZEN	ENST00000316637	3
PROVISIONAL_NOT_FROZEN	ENST00000511801	4
PROVISIONAL_NOT_FROZEN	ENST00000538654	3
PROVISIONAL_NOT_FROZEN	ENST00000299335	1
PROVISIONAL_NOT_FROZEN	ENST00000472928	4
PROVISIONAL_NOT_FROZEN	ENST00000527058	3
PROVISIONAL_NOT_FROZEN	ENST00000439351	3
PROVISIONAL_NOT_FROZEN	ENST00000370554	3
PROVISIONAL_NOT_FROZEN	ENST00000246747	3
PROVISIONAL_NOT_FROZEN	ENST00000529958	4
PROVISIONAL_NOT_FROZEN	ENST00000252288	3
PROVISIONAL_NOT_FROZEN	ENST00000495563	0
PROVISIONAL_NOT_FROZEN	ENST00000013034	2
PROVISIONAL_NOT_FROZEN	ENST00000631770	3
PROVISIONAL_NOT_FROZEN	ENST00000521865	4
PROVISIONAL_NOT_FROZEN	ENST00000316788	0
PROVISIONAL_NOT_FROZEN	ENST00000318387	3
PROVISIONAL_NOT_FROZEN	ENST00000527830	0
PROVISIONAL_NOT_FROZEN	ENST00000402868	2
PROVISIONAL_NOT_FROZEN	ENST00000572179	2
PROVISIONAL_NOT_FROZEN	ENST00000431607	4
PROVISIONAL_NOT_FROZEN	ENST00000583565	0
PROVISIONAL_NOT_FROZEN	ENST00000438498	3
PROVISIONAL_NOT_FROZEN	ENST00000444291	4
PROVISIONAL_NOT_FROZEN	ENST00000472981	0
PROVISIONAL_NOT_FROZEN	ENST00000216780	1
PROVISIONAL_NOT_FROZEN	ENST00000274458	4
PROVISIONAL_NOT_FROZEN	ENST00000543146	3
PROVISIONAL_NOT_FROZEN	ENST00000510797	3
PROVISIONAL_NOT_FROZEN	ENST00000568455	4
PROVISIONAL_NOT_FROZEN	ENST00000636313	4
PROVISIONAL_NOT_FROZEN	ENST00000578804	2
PROVISIONAL_NOT_FROZEN	ENST00000435947	0
PROVISIONAL_NOT_FROZEN	ENST00000577734	2
PROVISIONAL_NOT_FROZEN	ENST00000336812	4
PROVISIONAL_NOT_FROZEN	ENST00000617569	2
PROVISIONAL_NOT_FROZEN	ENST00000394936	2
PROVISIONAL_NOT_FROZEN	ENST00000568282	3
PROVISIONAL_NOT_FROZEN	ENST00000532972	3
PROVISIONAL_NOT_FROZEN	ENST00000469475	1
PROVISIONAL_NOT_FROZEN	ENST00000263620	4
PROVISIONAL_NOT_FROZEN	ENST00000527446	2
PROVISIONAL_NOT_FROZEN	ENST00000395149	1
PROVISIONAL_NOT_FROZEN	ENST00000380851	0
PROVISIONAL_NOT_FROZEN	ENST00000443413	4
PROVISIONAL_NOT_FROZEN	ENST00000490504	3
PROVISIONAL_NOT_FROZEN	ENST00000503467	2
PROVISIONAL_NOT_FROZEN	ENST00000487725	1
PROVISIONAL_NOT_FROZEN	ENST00000287598	3
PROVISIONAL_NOT_FROZEN	ENST00000263228	2
PROVISIONAL_NOT_FROZEN	ENST00000466877	3
PROVISIONAL_NOT_FROZEN	ENST00000314191	3
PROVISIONAL_NOT_FROZEN	ENST00000578190	2
PROVISIONAL_NOT_FROZEN	ENST00000584164	0
PROVISIONAL_NOT_FROZEN	ENST00000514511	2
PROVISIONAL_NOT_FROZEN	ENST00000584514	3
PROVISIONAL_NOT_FROZEN	ENST00000439385	2
PROVISIONAL_NOT_FROZEN	ENST00000465956	4
PROVISIONAL_NOT_FROZEN	ENST00000553683	1
PROVISIONAL_NOT_FROZEN	ENST00000433535	3
PROVISIONAL_NOT_FROZEN	ENST00000513877	2
PROVISIONAL_NOT_FROZEN	ENST00000490680	3
PROVISIONAL_NOT_FROZEN	ENST00000409477	0
PROVISIONAL_NOT_FROZEN	ENST00000469676	1
PROVISIONAL_NOT_FROZEN	ENST00000414294	2
PROVISIONAL_NOT_FROZEN	ENST00000461845	0
PROVISIONAL_NOT_FROZEN	ENST00000271643	2
PROVISIONAL_NOT_FROZEN	ENST00000489255	1
PROVISIONAL_NOT_FROZEN	ENST00000467690	3
PROVISIONAL_NOT_FROZEN	ENST00000515435	0
PROVISIONAL_NOT_FROZEN	ENST00000605788	2
PROVISIONAL_NOT_FROZEN	ENST00000488633	0
PROVISIONAL_NOT_FROZEN	ENST00000622963	0
PROVISIONAL_NOT_FROZEN	ENST00000553169	3
PROVISIONAL_NOT_FROZEN	ENST00000372172	1
PROVISIONAL_NOT_FROZEN	ENST00000554804	1
PROVISIONAL_NOT_FROZEN	ENST00000481210	0
PROVISIONAL_NOT_FROZEN	ENST00000600840	3
PROVISIONAL_NOT_FROZEN	ENST00000492798	1
PROVISIONAL_NOT_FROZEN	ENST00000367166	4
PROVISIONAL_NOT_FROZEN	ENST00000371764	1
PROVISIONAL_NOT_FROZEN	ENST00000463464	0
PROVISIONAL_NOT_FROZEN	ENST00000541371	4
PROVISIONAL_NOT_FROZEN	ENST00000514089	2
PROVISIONAL_NOT_FROZEN	ENST00000038176	0
PROVISIONAL_NOT_FROZEN	ENST00000523127	4
PROVISIONAL_NOT_FROZEN	ENST00000589919	1
PROVISIONAL_NOT_FROZEN	ENST00000509371	3
PROVISIONAL_NOT_FROZEN	ENST00000472966	0
PROVISIONAL_NOT_FROZEN	ENST00000549078	1
PROVISIONAL_NOT_FROZEN	ENST00000478091	1
PROVISIONAL_NOT_FROZEN	ENST00000429734	2
PROVISIONAL_NOT_FROZEN	ENST00000513950	4
PROVISIONAL_NOT_FROZEN	ENST00000221975	0
PROVISIONAL_NOT_FROZEN	ENST00000376665	3
PROVISIONAL_NOT_FROZEN	ENST00000297258	3
PROVISIONAL_NOT_FROZEN	ENST00000563987	0
PROVISIONAL_NOT_FROZEN	ENST00000449897	3
PROVISIONAL_NOT_FROZEN	ENST00000399838	4
PROVISIONAL_NOT_FROZEN	ENST00000474215	0
PROVISIONAL_NOT_FROZEN	ENST00000448483	3
PROVISIONAL_NOT_FROZEN	ENST00000382564	3
PROVISIONAL_NOT_FROZEN	ENST00000551041	1
PROVISIONAL_NOT_FROZEN	ENST00000374503	4
PROVISIONAL_NOT_FROZEN	ENST00000216252	3
PROVISIONAL_NOT_FROZEN	ENST00000587089	0
PROVISIONAL_NOT_FROZEN	ENST00000160827	3
PROVISIONAL_NOT_FROZEN	ENST00000528020	1
PROVISIONAL_NOT_FROZEN	ENST00000360001	4
PROVISIONAL_NOT_FROZEN	ENST00000419835	3
PROVISIONAL_NOT_FROZEN	ENST00000462814	4
PROVISIONAL_NOT_FROZEN	ENST00000313511	1
PROVISIONAL_NOT_FROZEN	ENST00000519911	1
PROVISIONAL_NOT_FROZEN	ENST00000343380	4
PROVISIONAL_NOT_FROZEN	ENST00000603777	1
PROVISIONAL_NOT_FROZEN	ENST00000488133	2
PROVISIONAL_NOT_FROZEN	ENST00000511355	2
PROVISIONAL_NOT_FROZEN	ENST00000598925	2
PROVISIONAL_NOT_FROZEN	ENST00000514603	1
PROVISIONAL_NOT_FROZEN	ENST00000358008	2
PROVISIONAL_NOT_FROZEN	ENST00000374820	0
PROVISIONAL_NOT_FROZEN	ENST00000216361	4
PROVISIONAL_NOT_FROZEN	ENST00000372940	0
PROVISIONAL_NOT_FROZEN	ENST00000597607	1
PROVISIONAL_NOT_FROZEN	ENST00000597961	3
PROVISIONAL_NOT_FROZEN	ENST00000333188	0
PROVISIONAL_NOT_FROZEN	ENST00000378364	0
PROVISIONAL_NOT_FROZEN	ENST00000415933	3
PROVISIONAL_NOT_FROZEN	ENST00000451315	0
PROVISIONAL_NOT_FROZEN	ENST00000462444	3
PROVISIONAL_NOT_FROZEN	ENST00000557159	2
PROVISIONAL_NOT_FROZEN	ENST00000398168	4
PROVISIONAL_NOT_FROZEN	ENST00000457492	2
PROVISIONAL_NOT_FROZEN	ENST00000390658	4
PROVISIONAL_NOT_FROZEN	ENST00000493028	4
PROVISIONAL_NOT_FROZEN	ENST00000357156	2
PROVISIONAL_NOT_FROZEN	ENST00000331029	3
PROVISIONAL_NOT_FROZEN	ENST00000573090	0
PROVISIONAL_NOT_FROZEN	ENST00000377199	4
PROVISIONAL_NOT_FROZEN	ENST00000546564	0
PROVISIONAL_NOT_FROZEN	ENST00000438886	2
PROVISIONAL_NOT_FROZEN	ENST00000216968	1
PROVISIONAL_NOT_FROZEN	ENST00000620382	1
PROVISIONAL_NOT_FROZEN	ENST00000392399	4
PROVISIONAL_NOT_FROZEN	ENST00000509152	1
PROVISIONAL_NOT_FROZEN	ENST00000585756	4
PROVISIONAL_NOT_FROZEN	ENST00000382952	2
PROVISIONAL_NOT_FROZEN	ENST00000526193	2
PROVISIONAL_NOT_FROZEN	ENST00000495224	4
PROVISIONAL_NOT_FROZEN	ENST00000437719	0
PROVISIONAL_NOT_FROZEN	ENST00000437505	3
PROVISIONAL_NOT_FROZEN	ENST00000589813	4
PROVISIONAL_NOT_FROZEN	ENST00000567511	4
PROVISIONAL_NOT_FROZEN	ENST00000504591	0
PROVISIONAL_NOT_FROZEN	ENST00000517503	0
PROVISIONAL_NOT_FROZEN	ENST00000380818	2
PROVISIONAL_NOT_FROZEN	ENST00000380127	4
PROVISIONAL_NOT_FROZEN	ENST00000396210	2
PROVISIONAL_NOT_FROZEN	ENST00000394668	1
PROVISIONAL_NOT_FROZEN	ENST00000640406	2
PROVISIONAL_NOT_FROZEN	ENST00000618836	1
PROVISIONAL_NOT_FROZEN	ENST00000561773	0
PROVISIONAL_NOT_FROZEN	ENST00000476660	4
PROVISIONAL_NOT_FROZEN	ENST00000620312	3
PROVISIONAL_NOT_FROZEN	ENST00000486762	0
PROVISIONAL_NOT_FROZEN	ENST00000448968	0
PROVISIONAL_NOT_FROZEN	ENST00000419477	2
PROVISIONAL_NOT_FROZEN	ENST00000593992	0
PROVISIONAL_NOT_FROZEN	ENST00000486585	0
PROVISIONAL_NOT_FROZEN	ENST00000506125	0
PROVISIONAL_NOT_FROZEN	ENST00000451682	3
PROVISIONAL_NOT_FROZEN	ENST00000355937	0
PROVISIONAL_NOT_FROZEN	ENST00000565644	2
PROVISIONAL_NOT_FROZEN	ENST00000447801	4
PROVISIONAL_NOT_FROZEN	ENST00000599540	1
PROVISIONAL_NOT_FROZEN	ENST00000438834	3
PROVISIONAL_NOT_FROZEN	ENST00000368545	4
PROVISIONAL_NOT_FROZEN	ENST00000552692	4
PROVISIONAL_NOT_FROZEN	ENST00000476840	1
PROVISIONAL_NOT_FROZEN	ENST00000541645	3
PROVISIONAL_NOT_FROZEN	ENST00000571730	2
PROVISIONAL_NOT_FROZEN	ENST00000439997	2
PROVISIONAL_NOT_FROZEN	ENST00000569436	3
PROVISIONAL_NOT_FROZEN	ENST00000420398	4
PROVISIONAL_NOT_FROZEN	ENST00000437728	1
PROVISIONAL_NOT_FROZEN	ENST00000522552	0
PROVISIONAL_NOT_FROZEN	ENST00000492144	4
PROVISIONAL_NOT_FROZEN	ENST00000610481	0
PROVISIONAL_NOT_FROZEN	ENST00000409908	0
PROVISIONAL_NOT_FROZEN	ENST00000420700	3
PROVISIONAL_NOT_FROZEN	ENST00000407940	0
PROVISIONAL_NOT_FROZEN	ENST00000280892	1
PROVISIONAL_NOT_FROZEN	ENST00000478196	3
PROVISIONAL_NOT_FROZEN	ENST00000409724	2
PROVISIONAL_NOT_FROZEN	ENST00000463521	1
PROVISIONAL_NOT_FROZEN	ENST00000447052	4
PROVISIONAL_NOT_FROZEN	ENST00000377017	2
PROVISIONAL_NOT_FROZEN	ENST00000487876	3
PROVISIONAL_NOT_FROZEN	ENST00000394133	1
PROVISIONAL_NOT_FROZEN	ENST00000474947	0
PROVISIONAL_NOT_FROZEN	ENST00000590784	4
PROVISIONAL_NOT_FROZEN	ENST00000409837	0
PROVISIONAL_NOT_FROZEN	ENST00000410396	3
PROVISIONAL_NOT_FROZEN	ENST00000394142	0
PROVISIONAL_NOT_FROZEN	ENST00000476627	4
PROVISIONAL_NOT_FROZEN	ENST00000372621	1
PROVISIONAL_NOT_FROZEN	ENST00000512532	1
PROVISIONAL_NOT_FROZEN	ENST00000311351	4
PROVISIONAL_NOT_FROZEN	ENST00000496071	0
PROVISIONAL_NOT_FROZEN	ENST00000304191	4
PROVISIONAL_NOT_FROZEN	ENST00000590947	0
PROVISIONAL_NOT_FROZEN	ENST00000463772	3
PROVISIONAL_NOT_FROZEN	ENST00000366813	2
PROVISIONAL_NOT_FROZEN	ENST00000492004	4
PROVISIONAL_NOT_FROZEN	ENST00000335274	4
PROVISIONAL_NOT_FROZEN	ENST00000562416	1
PROVISIONAL_NOT_FROZEN	ENST00000446596	3
PROVISIONAL_NOT_FROZEN	ENST00000373218	3
PROVISIONAL_NOT_FROZEN	ENST00000608703	2
PROVISIONAL_NOT_FROZEN	ENST00000320849	1
PROVISIONAL_NOT_FROZEN	ENST00000525878	4
PROVISIONAL_NOT_FROZEN	ENST00000247461	3
PROVISIONAL_NOT_FROZEN	ENST00000497398	2
PROVISIONAL_NOT_FROZEN	ENST00000336230	0
PROVISIONAL_NOT_FROZEN	ENST00000485820	1
PROVISIONAL_NOT_FROZEN	ENST00000634247	0
PROVISIONAL_NOT_FROZEN	ENST00000493278	4
PROVISIONAL_NOT_FROZEN	ENST00000550027	1
PROVISIONAL_NOT_FROZEN	ENST00000432591	4
PROVISIONAL_NOT_FROZEN	ENST00000451695	3
PROVISIONAL_NOT_FROZEN	ENST00000538372	1
PROVISIONAL_NOT_FROZEN	ENST00000371582	1
PROVISIONAL_NOT_FROZEN	ENST00000558746	4
PROVISIONAL_NOT_FROZEN	ENST00000376627	1
PROVISIONAL_NOT_FROZEN	ENST00000373042	4
PROVISIONAL_NOT_FROZEN	ENST00000311521	1
PROVISIONAL_NOT_FROZEN	ENST00000299166	0
PROVISIONAL_NOT_FROZEN	ENST00000336111	1
PROVISIONAL_NOT_FROZEN	ENST00000465557	2
PROVISIONAL_NOT_FROZEN	ENST00000515390	1
PROVISIONAL_NOT_FROZEN	ENST00000558986	3
PROVISIONAL_NOT_FROZEN	ENST00000464218	3
PROVISIONAL_NOT_FROZEN	ENST00000509698	0
PROVISIONAL_NOT_FROZEN	ENST00000477670	1
PROVISIONAL_NOT_FROZEN	ENST00000494599	0
PROVISIONAL_NOT_FROZEN	ENST00000257789	2
PROVISIONAL_NOT_FROZEN	ENST00000558558	3
PROVISIONAL_NOT_FROZEN	ENST00000395131	4
PROVISIONAL_NOT_FROZEN	ENST00000512062	4
PROVISIONAL_NOT_FROZEN	ENST00000467797	3
PROVISIONAL_NOT_FROZEN	ENST00000495623	3
PROVISIONAL_NOT_FROZEN	ENST00000001008	0
PROVISIONAL_NOT_FROZEN	ENST00000221448	3
PROVISIONAL_NOT_FROZEN	ENST00000513231	1
PROVISIONAL_NOT_FROZEN	ENST00000343231	3
PROVISIONAL_NOT_FROZEN	ENST00000367576	2
PROVISIONAL_NOT_FROZEN	ENST00000409170	3
PROVISIONAL_NOT_FROZEN	ENST00000558815	3
PROVISIONAL_NOT_FROZEN	ENST00000296149	3
PROVISIONAL_NOT_FROZEN	ENST00000301071	3
PROVISIONAL_NOT_FROZEN	ENST00000393712	3
PROVISIONAL_NOT_FROZEN	ENST00000524965	0
PROVISIONAL_NOT_FROZEN	ENST00000541713	0
PROVISIONAL_NOT_FROZEN	ENST00000443647	0
PROVISIONAL_NOT_FROZEN	ENST00000546392	4
PROVISIONAL_NOT_FROZEN	ENST00000264718	4
PROVISIONAL_NOT_FROZEN	ENST00000397300	2
PROVISIONAL_NOT_FROZEN	ENST00000290551	2
PROVISIONAL_NOT_FROZEN	ENST00000351137	3
PROVISIONAL_NOT_FROZEN	ENST00000487892	2
PROVISIONAL_NOT_FROZEN	ENST00000570712	1
PROVISIONAL_NOT_FROZEN	ENST00000568396	3
PROVISIONAL_NOT_FROZEN	ENST00000255175	3
PROVISIONAL_NOT_FROZEN	ENST00000353801	4
PROVISIONAL_NOT_FROZEN	ENST00000419958	4
PROVISIONAL_NOT_FROZEN	ENST00000430730	3
PROVISIONAL_NOT_FROZEN	ENST00000491267	2
PROVISIONAL_NOT_FROZEN	ENST00000451239	4
PROVISIONAL_NOT_FROZEN	ENST00000451912	1
PROVISIONAL_NOT_FROZEN	ENST00000590878	4
PROVISIONAL_NOT_FROZEN	ENST00000297431	4
PROVISIONAL_NOT_FROZEN	ENST00000618132	0
PROVISIONAL_NOT_FROZEN	ENST00000305264	1
PROVISIONAL_NOT_FROZEN	ENST00000467582	2
PROVISIONAL_NOT_FROZEN	ENST00000534355	0
PROVISIONAL_NOT_FROZEN	ENST00000512968	1
PROVISIONAL_NOT_FROZEN	ENST00000523057	1
PROVISIONAL_NOT_FROZEN	ENST00000612333	4
PROVISIONAL_NOT_FROZEN	ENST00000602637	0
PROVISIONAL_NOT_FROZEN	ENST00000260731	2
PROVISIONAL_NOT_FROZEN	ENST00000369163	3
PROVISIONAL_NOT_FROZEN	ENST00000361070	4
PROVISIONAL_NOT_FROZEN	ENST00000432137	1
PROVISIONAL_NOT_FROZEN	ENST00000265421	1
PROVISIONAL_NOT_FROZEN	ENST00000558217	3
PROVISIONAL_NOT_FROZEN	ENST00000338272	1
PROVISIONAL_NOT_FROZEN	ENST00000583239	2
PROVISIONAL_NOT_FROZEN	ENST00000589004	4
PROVISIONAL_NOT_FROZEN	ENST00000532746	2
PROVISIONAL_NOT_FROZEN	ENST00000447385	1
PROVISIONAL_NOT_FROZEN	ENST00000474738	4
PROVISIONAL_NOT_FROZEN	ENST00000454001	1
PROVISIONAL_NOT_FROZEN	ENST00000420864	1
PROVISIONAL_NOT_FROZEN	ENST00000415719	1
PROVISIONAL_NOT_FROZEN	ENST00000411828	4
PROVISIONAL_NOT_FROZEN	ENST00000411544	3
PROVISIONAL_NOT_FROZEN	ENST00000508301	4
PROVISIONAL_NOT_FROZEN	ENST00000376185	4
PROVISIONAL_NOT_FROZEN	ENST00000583741	2
PROVISIONAL_NOT_FROZEN	ENST00000475269	4
PROVISIONAL_NOT_FROZEN	ENST00000402069	0
PROVISIONAL_NOT_FROZEN	ENST00000509913	3
PROVISIONAL_NOT_FROZEN	ENST00000444351	1
PROVISIONAL_NOT_FROZEN	ENST00000368698	4
PROVISIONAL_NOT_FROZEN	ENST00000473276	4
PROVISIONAL_NOT_FROZEN	ENST00000605891	1
PROVISIONAL_NOT_FROZEN	ENST00000319622	0
PROVISIONAL_NOT_FROZEN	ENST00000480540	1
PROVISIONAL_NOT_FROZEN	ENST00000252951	1
PROVISIONAL_NOT_FROZEN	ENST00000554624	0
PROVISIONAL_NOT_FROZEN	ENST00000465259	2
PROVISIONAL_NOT_FROZEN	ENST00000531383	0
PROVISIONAL_NOT_FROZEN	ENST00000640432	4
PROVISIONAL_NOT_FROZEN	ENST00000412502	1
PROVISIONAL_NOT_FROZEN	ENST00000524097	0
PROVISIONAL_NOT_FROZEN	ENST00000471774	4
PROVISIONAL_NOT_FROZEN	ENST00000375298	1
PROVISIONAL_NOT_FROZEN	ENST00000590397	1
PROVISIONAL_NOT_FROZEN	ENST00000531978	0
PROVISIONAL_NOT_FROZEN	ENST00000472354	4
PROVISIONAL_NOT_FROZEN	ENST00000577532	0
PROVISIONAL_NOT_FROZEN	ENST00000409782	1
PROVISIONAL_NOT_FROZEN	ENST00000582130	0
PROVISIONAL_NOT_FROZEN	ENST00000437146	3
PROVISIONAL_NOT_FROZEN	ENST00000484751	2
PROVISIONAL_NOT_FROZEN	ENST00000548878	4
PROVISIONAL_NOT_FROZEN	ENST00000378513	0
PROVISIONAL_NOT_FROZEN	ENST00000455976	4
PROVISIONAL_NOT_FROZEN	ENST00000467910	2
PROVISIONAL_NOT_FROZEN	ENST00000576217	1
PROVISIONAL_NOT_FROZEN	ENST00000620597	1
PROVISIONAL_NOT_FROZEN	ENST00000552568	1
PROVISIONAL_NOT_FROZEN	ENST00000412758	1
PROVISIONAL_NOT_FROZEN	ENST00000442175	4
PROVISIONAL_NOT_FROZEN	ENST00000359282	0
PROVISIONAL_NOT_FROZEN	ENST00000532536	1
PROVISIONAL_NOT_FROZEN	ENST00000415136	0
PROVISIONAL_NOT_FROZEN	ENST00000210060	2
PROVISIONAL_NOT_FROZEN	ENST00000472729	0
PROVISIONAL_NOT_FROZEN	ENST00000573784	0
PROVISIONAL_NOT_FROZEN	ENST00000462894	2
PROVISIONAL_NOT_FROZEN	ENST00000474815	0
PROVISIONAL_NOT_FROZEN	ENST00000556840	2
PROVISIONAL_NOT_FROZEN	ENST00000537024	3
PROVISIONAL_NOT_FROZEN	ENST00000422514	3
PROVISIONAL_NOT_FROZEN	ENST00000447282	0
PROVISIONAL_NOT_FROZEN	ENST00000442812	4
PROVISIONAL_NOT_FROZEN	ENST00000229390	1
PROVISIONAL_NOT_FROZEN	ENST00000441206	2
PROVISIONAL_NOT_FROZEN	ENST00000523293	4
PROVISIONAL_NOT_FROZEN	ENST00000309519	3
PROVISIONAL_NOT_FROZEN	ENST00000489498	0
PROVISIONAL_NOT_FROZEN	ENST00000552292	0
PROVISIONAL_NOT_FROZEN	ENST00000435275	1
PROVISIONAL_NOT_FROZEN	ENST00000372014	2
PROVISIONAL_NOT_FROZEN	ENST00000405465	0
PROVISIONAL_NOT_FROZEN	ENST00000251289	1
PROVISIONAL_NOT_FROZEN	ENST00000305978	4
PROVISIONAL_NOT_FROZEN	ENST00000469143	1
PROVISIONAL_NOT_FROZEN	ENST00000411769	1
PROVISIONAL_NOT_FROZEN	ENST00000572883	0
PROVISIONAL_NOT_FROZEN	ENST00000278980	0
PROVISIONAL_NOT_FROZEN	ENST00000579213	0
PROVISIONAL_NOT_FROZEN	ENST00000471552	1
PROVISIONAL_NOT_FROZEN	ENST00000395347	2
PROVISIONAL_NOT_FROZEN	ENST00000475036	3
PROVISIONAL_NOT_FROZEN	ENST00000355621	0
PROVISIONAL_NOT_FROZEN	ENST00000484088	0
PROVISIONAL_NOT_FROZEN	ENST00000462421	3
PROVISIONAL_NOT_FROZEN	ENST00000559776	3
PROVISIONAL_NOT_FROZEN	ENST00000626705	4
PROVISIONAL_NOT_FROZEN	ENST00000302907	3
PROVISIONAL_NOT_FROZEN	ENST00000626972	1
PROVISIONAL_NOT_FROZEN	ENST00000405636	4
PROVISIONAL_NOT_FROZEN	ENST00000524552	2
PROVISIONAL_NOT_FROZEN	ENST00000551665	1
PROVISIONAL_NOT_FROZEN	ENST00000356303	0
PROVISIONAL_NOT_FROZEN	ENST00000560427	4
PROVISIONAL_NOT_FROZEN	ENST00000476605	4
PROVISIONAL_NOT_FROZEN	ENST00000621385	4
PROVISIONAL_NOT_FROZEN	ENST00000512773	1
PROVISIONAL_NOT_FROZEN	ENST00000254719	1
PROVISIONAL_NOT_FROZEN	ENST00000487799	3
PROVISIONAL_NOT_FROZEN	ENST00000378852	1
PROVISIONAL_NOT_FROZEN	ENST00000420144	0
PROVISIONAL_NOT_FROZEN	ENST00000455768	4
PROVISIONAL_NOT_FROZEN	ENST00000607315	0
PROVISIONAL_NOT_FROZEN	ENST00000460428	3
PROVISIONAL_NOT_FROZEN	ENST00000376215	3
PROVISIONAL_NOT_FROZEN	ENST00000367884	1
PROVISIONAL_NOT_FROZEN	ENST00000284719	2
PROVISIONAL_NOT_FROZEN	ENST00000379403	4
PROVISIONAL_NOT_FROZEN	ENST00000558779	3
PROVISIONAL_NOT_FROZEN	ENST00000360803	1
PROVISIONAL_NOT_FROZEN	ENST00000590239	2
PROVISIONAL_NOT_FROZEN	ENST00000262056	3
PROVISIONAL_NOT_FROZEN	ENST00000303545	4
PROVISIONAL_NOT_FROZEN	ENST00000263379	4
PROVISIONAL_NOT_FROZEN	ENST00000472628	3
PROVISIONAL_NOT_FROZEN	ENST00000495270	2
PROVISIONAL_NOT_FROZEN	ENST00000444305	4
PROVISIONAL_NOT_FROZEN	ENST00000358290	0
PROVISIONAL_NOT_FROZEN	ENST00000273047	1
PROVISIONAL_NOT_FROZEN	ENST00000554052	2
PROVISIONAL_NOT_FROZEN	ENST00000358227	0
PROVISIONAL_NOT_FROZEN	ENST00000587171	4
PROVISIONAL_NOT_FROZEN	ENST00000406712	3
PROVISIONAL_NOT_FROZEN	ENST00000548622	2
PROVISIONAL_NOT_FROZEN	ENST00000540557	4
PROVISIONAL_NOT_FROZEN	ENST00000406109	2
PROVISIONAL_NOT_FROZEN	ENST00000423068	3
PROVISIONAL_NOT_FROZEN	ENST00000481059	1
PROVISIONAL_NOT_FROZEN	ENST00000463217	4
PROVISIONAL_NOT_FROZEN	ENST00000603427	1
PROVISIONAL_NOT_FROZEN	ENST00000367294	2
PROVISIONAL_NOT_FROZEN	ENST00000399148	1
PROVISIONAL_NOT_FROZEN	ENST00000244670	2
PROVISIONAL_NOT_FROZEN	ENST00000404022	1
PROVISIONAL_NOT_FROZEN	ENST00000380635	2
PROVISIONAL_NOT_FROZEN	ENST00000504639	0
PROVISIONAL_NOT_FROZEN	ENST00000485355	2
PROVISIONAL_NOT_FROZEN	ENST00000471496	3
PROVISIONAL_NOT_FROZEN	ENST00000445593	1
PROVISIONAL_NOT_FROZEN	ENST00000431643	3
PROVISIONAL_NOT_FROZEN	ENST00000572899	0
PROVISIONAL_NOT_FROZEN	ENST00000489072	1
PROVISIONAL_NOT_FROZEN	ENST00000610026	1
PROVISIONAL_NOT_FROZEN	ENST00000085079	1
PROVISIONAL_NOT_FROZEN	ENST00000487100	4
PROVISIONAL_NOT_FROZEN	ENST00000640813	1
PROVISIONAL_NOT_FROZEN	ENST00000532904	0
PROVISIONAL_NOT_FROZEN	ENST00000534038	3
PROVISIONAL_NOT_FROZEN	ENST00000459155	3
PROVISIONAL_NOT_FROZEN	ENST00000445636	3
PROVISIONAL_NOT_FROZEN	ENST00000473805	1
PROVISIONAL_NOT_FROZEN	ENST00000274811	3
PROVISIONAL_NOT_FROZEN	ENST00000607440	1
PROVISIONAL_NOT_FROZEN	ENST00000494359	3
PROVISIONAL_NOT_FROZEN	ENST00000420826	1
PROVISIONAL_NOT_FROZEN	ENST00000549833	4
PROVISIONAL_NOT_FROZEN	ENST00000490891	0
PROVISIONAL_NOT_FROZEN	ENST00000461708	1
PROVISIONAL_NOT_FROZEN	ENST00000533233	1
PROVISIONAL_NOT_FROZEN	ENST00000559798	4
PROVISIONAL_NOT_FROZEN	ENST00000418441	1
PROVISIONAL_NOT_FROZEN	ENST00000491588	3
PROVISIONAL_NOT_FROZEN	ENST00000000233	1
PROVISIONAL_NOT_FROZEN	ENST00000547939	3
PROVISIONAL_NOT_FROZEN	ENST00000372435	1
PROVISIONAL_NOT_FROZEN	ENST00000605844	1
PROVISIONAL_NOT_FROZEN	ENST00000581915	4
PROVISIONAL_NOT_FROZEN	ENST00000552673	4
PROVISIONAL_NOT_FROZEN	ENST00000300738	2
PROVISIONAL_NOT_FROZEN	ENST00000473054	0
PROVISIONAL_NOT_FROZEN	ENST00000570403	0
PROVISIONAL_NOT_FROZEN	ENST00000538402	0
PROVISIONAL_NOT_FROZEN	ENST00000484627	4
PROVISIONAL_NOT_FROZEN	ENST00000392776	2
PROVISIONAL_NOT_FROZEN	ENST00000551003	2
PROVISIONAL_NOT_FROZEN	ENST00000590551	4
PROVISIONAL_NOT_FROZEN	ENST00000504188	3
PROVISIONAL_NOT_FROZEN	ENST00000533439	4
PROVISIONAL_NOT_FROZEN	ENST00000575001	1
PROVISIONAL_NOT_FROZEN	ENST00000356950	3
PROVISIONAL_NOT_FROZEN	ENST00000528302	1
PROVISIONAL_NOT_FROZEN	ENST00000543455	0
PROVISIONAL_NOT_FROZEN	ENST00000562396	3
PROVISIONAL_NOT_FROZEN	ENST00000584678	1
PROVISIONAL_NOT_FROZEN	ENST00000381839	1
PROVISIONAL_NOT_FROZEN	ENST00000510079	0
PROVISIONAL_NOT_FROZEN	ENST00000320371	4
PROVISIONAL_NOT_FROZEN	ENST00000488299	0
PROVISIONAL_NOT_FROZEN	ENST00000467018	0
PROVISIONAL_NOT_FROZEN	ENST00000550920	4
PROVISIONAL_NOT_FROZEN	ENST00000488594	1
PROVISIONAL_NOT_FROZEN	ENST00000464120	2
PROVISIONAL_NOT_FROZEN	ENST00000525428	2
PROVISIONAL_NOT_FROZEN	ENST00000618612	0
PROVISIONAL_NOT_FROZEN	ENST00000547479	1
PROVISIONAL_NOT_FROZEN	ENST00000464216	0
PROVISIONAL_NOT_FROZEN	ENST00000366923	4
PROVISIONAL_NOT_FROZEN	ENST00000631126	2
PROVISIONAL_NOT_FROZEN	ENST00000495554	1
PROVISIONAL_NOT_FROZEN	ENST00000215567	1
PROVISIONAL_NOT_FROZEN	ENST00000216281	4
PROVISIONAL_NOT_FROZEN	ENST00000549970	1
PROVISIONAL_NOT_FROZEN	ENST00000468490	2
PROVISIONAL_NOT_FROZEN	ENST00000268379	0
PROVISIONAL_NOT_FROZEN	ENST00000455843	2
PROVISIONAL_NOT_FROZEN	ENST00000464182	0
PROVISIONAL_NOT_FROZEN	ENST00000261396	1
PROVISIONAL_NOT_FROZEN	ENST00000480147	2
PROVISIONAL_NOT_FROZEN	ENST00000369016	3
PROVISIONAL_NOT_FROZEN	ENST00000371384	1
PROVISIONAL_NOT_FROZEN	ENST00000566749	0
PROVISIONAL_NOT_FROZEN	ENST00000412359	3
PROVISIONAL_NOT_FROZEN	ENST00000491936	1
PROVISIONAL_NOT_FROZEN	ENST00000620465	0
PROVISIONAL_NOT_FROZEN	ENST00000368552	3
PROVISIONAL_NOT_FROZEN	ENST00000472085	4
PROVISIONAL_NOT_FROZEN	ENST00000465705	2
PROVISIONAL_NOT_FROZEN	ENST00000223336	1
PROVISIONAL_NOT_FROZEN	ENST00000232888	3
PROVISIONAL_NOT_FROZEN	ENST00000242285	4
PROVISIONAL_NOT_FROZEN	ENST00000562409	0
PROVISIONAL_NOT_FROZEN	ENST00000560309	3
PROVISIONAL_NOT_FROZEN	ENST00000365188	0
PROVISIONAL_NOT_FROZEN	ENST00000567555	0
PROVISIONAL_NOT_FROZEN	ENST00000470084	3
PROVISIONAL_NOT_FROZEN	ENST00000539764	0
PROVISIONAL_NOT_FROZEN	ENST00000360652	2
PROVISIONAL_NOT_FROZEN	ENST00000552754	4
PROVISIONAL_NOT_FROZEN	ENST00000587001	1
PROVISIONAL_NOT_FROZEN	ENST00000544615	0
PROVISIONAL_NOT_FROZEN	ENST00000553610	4
PROVISIONAL_NOT_FROZEN	ENST00000498626	3
PROVISIONAL_NOT_FROZEN	ENST00000549596	1
PROVISIONAL_NOT_FROZEN	ENST00000314088	0
PROVISIONAL_NOT_FROZEN	ENST00000447425	1
PROVISIONAL_NOT_FROZEN	ENST00000513079	4
PROVISIONAL_NOT_FROZEN	ENST00000577999	0
PROVISIONAL_NOT_FROZEN	ENST00000578273	0
PROVISIONAL_NOT_FROZEN	ENST00000596860	4
PROVISIONAL_NOT_FROZEN	ENST00000601346	3
PROVISIONAL_NOT_FROZEN	ENST00000394213	3
PROVISIONAL_NOT_FROZEN	ENST00000394833	1
PROVISIONAL_NOT_FROZEN	ENST00000221957	2
PROVISIONAL_NOT_FROZEN	ENST00000491807	2
PROVISIONAL_NOT_FROZEN	ENST00000424167	1
PROVISIONAL_NOT_FROZEN	ENST00000612651	4
PROVISIONAL_NOT_FROZEN	ENST00000440646	3
PROVISIONAL_NOT_FROZEN	ENST00000258416	4
PROVISIONAL_NOT_FROZEN	ENST00000612958	2
PROVISIONAL_NOT_FROZEN	ENST00000551582	2
PROVISIONAL_NOT_FROZEN	ENST00000483804	2
PROVISIONAL_NOT_FROZEN	ENST00000474350	3
PROVISIONAL_NOT_FROZEN	ENST00000540688	3
PROVISIONAL_NOT_FROZEN	ENST00000463351	2
PROVISIONAL_NOT_FROZEN	ENST00000460806	2
PROVISIONAL_NOT_FROZEN	ENST00000492739	4
PROVISIONAL_NOT_FROZEN	ENST00000547914	4
PROVISIONAL_NOT_FROZEN	ENST00000484279	1
PROVISIONAL_NOT_FROZEN	ENST00000530445	4
PROVISIONAL_NOT_FROZEN	ENST00000527302	2
PROVISIONAL_NOT_FROZEN	ENST00000464254	4
PROVISIONAL_NOT_FROZEN	ENST00000568575	0
PROVISIONAL_NOT_FROZEN	ENST00000477279	0
PROVISIONAL_NOT_FROZEN	ENST00000437572	2
PROVISIONAL_NOT_FROZEN	ENST00000244520	4
PROVISIONAL_NOT_FROZEN	ENST00000371075	1
PROVISIONAL_NOT_FROZEN	ENST00000481898	4
PROVISIONAL_NOT_FROZEN	ENST00000465409	0
PROVISIONAL_NOT_FROZEN	ENST00000339436	4
PROVISIONAL_NOT_FROZEN	ENST00000585176	0
PROVISIONAL_NOT_FROZEN	ENST00000468872	1
PROVISIONAL_NOT_FROZEN	ENST00000373585	0
PROVISIONAL_NOT_FROZEN	ENST00000409255	2
PROVISIONAL_NOT_FROZEN	ENST00000471152	3
PROVISIONAL_NOT_FROZEN	ENST00000488281	1
PROVISIONAL_NOT_FROZEN	ENST00000319410	2
PROVISIONAL_NOT_FROZEN	ENST00000416465	3
PROVISIONAL_NOT_FROZEN	ENST00000470520	4
PROVISIONAL_NOT_FROZEN	ENST00000329092	3
PROVISIONAL_NOT_FROZEN	ENST00000413995	4
PROVISIONAL_NOT_FROZEN	ENST00000507528	3
PROVISIONAL_NOT_FROZEN	ENST00000547454	1
PROVISIONAL_NOT_FROZEN	ENST00000247655	3
PROVISIONAL_NOT_FROZEN	ENST00000552316	0
PROVISIONAL_NOT_FROZEN	ENST00000385250	4
PROVISIONAL_NOT_FROZEN	ENST00000330479	2
PROVISIONAL_NOT_FROZEN	ENST00000530192	2
PROVISIONAL_NOT_FROZEN	ENST00000238831	3
PROVISIONAL_NOT_FROZEN	ENST00000300933	1
PROVISIONAL_NOT_FROZEN	ENST00000508337	1
PROVISIONAL_NOT_FROZEN	ENST00000588329	0
PROVISIONAL_NOT_FROZEN	ENST00000223129	2
PROVISIONAL_NOT_FROZEN	ENST00000519682	4
PROVISIONAL_NOT_FROZEN	ENST00000359426	3
PROVISIONAL_NOT_FROZEN	ENST00000476222	3
PROVISIONAL_NOT_FROZEN	ENST00000598681	4
PROVISIONAL_NOT_FROZEN	ENST00000398411	2
PROVISIONAL_NOT_FROZEN	ENST00000421017	3
PROVISIONAL_NOT_FROZEN	ENST00000552862	2
PROVISIONAL_NOT_FROZEN	ENST00000549566	1
PROVISIONAL_NOT_FROZEN	ENST00000496790	3
PROVISIONAL_NOT_FROZEN	ENST00000434558	3
PROVISIONAL_NOT_FROZEN	ENST00000519606	1
PROVISIONAL_NOT_FROZEN	ENST00000573866	1
PROVISIONAL_NOT_FROZEN	ENST00000545322	2
PROVISIONAL_NOT_FROZEN	ENST00000562949	1
PROVISIONAL_NOT_FROZEN	ENST00000453392	4
PROVISIONAL_NOT_FROZEN	ENST00000619225	2
PROVISIONAL_NOT_FROZEN	ENST00000489378	3
PROVISIONAL_NOT_FROZEN	ENST00000614925	3
PROVISIONAL_NOT_FROZEN	ENST00000549685	3
PROVISIONAL_NOT_FROZEN	ENST00000371348	0
PROVISIONAL_NOT_FROZEN	ENST00000394971	4
PROVISIONAL_NOT_FROZEN	ENST00000495043	0
PROVISIONAL_NOT_FROZEN	ENST00000492663	1
PROVISIONAL_NOT_FROZEN	ENST00000485798	3
PROVISIONAL_NOT_FROZEN	ENST00000011619	3
PROVISIONAL_NOT_FROZEN	ENST00000554843	4
PROVISIONAL_NOT_FROZEN	ENST00000520803	0
PROVISIONAL_NOT_FROZEN	ENST00000400593	4
PROVISIONAL_NOT_FROZEN	ENST00000405422	0
PROVISIONAL_NOT_FROZEN	ENST00000617981	2
PROVISIONAL_NOT_FROZEN	ENST00000598285	4
PROVISIONAL_NOT_FROZEN	ENST00000351450	0
PROVISIONAL_NOT_FROZEN	ENST00000474226	4
PROVISIONAL_NOT_FROZEN	ENST00000537701	4
PROVISIONAL_NOT_FROZEN	ENST00000485530	1
PROVISIONAL_NOT_FROZEN	ENST00000413844	0
PROVISIONAL_NOT_FROZEN	ENST00000462026	0
PROVISIONAL_NOT_FROZEN	ENST00000356783	0
PROVISIONAL_NOT_FROZEN	ENST00000420576	1
PROVISIONAL_NOT_FROZEN	ENST00000492550	3
PROVISIONAL_NOT_FROZEN	ENST00000429360	2
PROVISIONAL_NOT_FROZEN	ENST00000488229	1
PROVISIONAL_NOT_FROZEN	ENST00000616464	0
PROVISIONAL_NOT_FROZEN	ENST00000263645	2
PROVISIONAL_NOT_FROZEN	ENST00000379719	1
PROVISIONAL_NOT_FROZEN	ENST00000592885	4
PROVISIONAL_NOT_FROZEN	ENST00000595143	4
PROVISIONAL_NOT_FROZEN	ENST00000397261	0
PROVISIONAL_NOT_FROZEN	ENST00000254722	2
PROVISIONAL_NOT_FROZEN	ENST00000391921	4
PROVISIONAL_NOT_FROZEN	ENST00000375094	3
PROVISIONAL_NOT_FROZEN	ENST00000356948	4
PROVISIONAL_NOT_FROZEN	ENST00000375779	0
PROVISIONAL_NOT_FROZEN	ENST00000591090	4
PROVISIONAL_NOT_FROZEN	ENST00000531551	4
PROVISIONAL_NOT_FROZEN	ENST00000484096	2
PROVISIONAL_NOT_FROZEN	ENST00000467957	2
PROVISIONAL_NOT_FROZEN	ENST00000527235	4
PROVISIONAL_NOT_FROZEN	ENST00000419015	1
PROVISIONAL_NOT_FROZEN	ENST00000552056	1
PROVISIONAL_NOT_FROZEN	ENST00000482859	2
PROVISIONAL_NOT_FROZEN	ENST00000461263	1
PROVISIONAL_NOT_FROZEN	ENST00000350608	3
PROVISIONAL_NOT_FROZEN	ENST00000393929	1
PROVISIONAL_NOT_FROZEN	ENST00000537087	2
PROVISIONAL_NOT_FROZEN	ENST00000444457	3
PROVISIONAL_NOT_FROZEN	ENST00000483593	0
PROVISIONAL_NOT_FROZEN	ENST00000523890	2
PROVISIONAL_NOT_FROZEN	ENST00000462708	2
PROVISIONAL_NOT_FROZEN	ENST00000525359	2
PROVISIONAL_NOT_FROZEN	ENST00000525686	1
PROVISIONAL_NOT_FROZEN	ENST00000336219	4
PROVISIONAL_NOT_FROZEN	ENST00000561554	3
PROVISIONAL_NOT_FROZEN	ENST00000467032	0
PROVISIONAL_NOT_FROZEN	ENST00000470181	2
PROVISIONAL_NOT_FROZEN	ENST00000199708	2
PROVISIONAL_NOT_FROZEN	ENST00000371341	0
PROVISIONAL_NOT_FROZEN	ENST00000569636	3
PROVISIONAL_NOT_FROZEN	ENST00000511412	2
PROVISIONAL_NOT_FROZEN	ENST00000377889	1
PROVISIONAL_NOT_FROZEN	ENST00000546766	4
PROVISIONAL_NOT_FROZEN	ENST00000561798	0
PROVISIONAL_NOT_FROZEN	ENST00000575643	0
PROVISIONAL_NOT_FROZEN	ENST00000394679	4
PROVISIONAL_NOT_FROZEN	ENST00000377843	0
PROVISIONAL_NOT_FROZEN	ENST00000482943	1
PROVISIONAL_NOT_FROZEN	ENST00000296597	2
PROVISIONAL_NOT_FROZEN	ENST00000221233	3
PROVISIONAL_NOT_FROZEN	ENST00000421430	4
PROVISIONAL_NOT_FROZEN	ENST00000487974	3
PROVISIONAL_NOT_FROZEN	ENST00000575659	2
PROVISIONAL_NOT_FROZEN	ENST00000577425	2
PROVISIONAL_NOT_FROZEN	ENST00000394934	2
PROVISIONAL_NOT_FROZEN	ENST00000489124	0
PROVISIONAL_NOT_FROZEN	ENST00000482088	2
PROVISIONAL_NOT_FROZEN	ENST00000442394	4
PROVISIONAL_NOT_FROZEN	ENST00000489324	1
PROVISIONAL_NOT_FROZEN	ENST00000518113	0
PROVISIONAL_NOT_FROZEN	ENST00000488586	2
PROVISIONAL_NOT_FROZEN	ENST00000398033	3
PROVISIONAL_NOT_FROZEN	ENST00000358406	4
PROVISIONAL_NOT_FROZEN	ENST00000472946	0
PROVISIONAL_NOT_FROZEN	ENST00000482081	1
PROVISIONAL_NOT_FROZEN	ENST00000476715	0
PROVISIONAL_NOT_FROZEN	ENST00000476041	3
PROVISIONAL_NOT_FROZEN	ENST00000413744	0
PROVISIONAL_NOT_FROZEN	ENST00000495944	0
PROVISIONAL_NOT_FROZEN	ENST00000594806	3
PROVISIONAL_NOT_FROZEN	ENST00000261537	1
PROVISIONAL_NOT_FROZEN	ENST00000503609	4
PROVISIONAL_NOT_FROZEN	ENST00000531418	0
PROVISIONAL_NOT_FROZEN	ENST00000330072	2
PROVISIONAL_NOT_FROZEN	ENST00000368256	2
PROVISIONAL_NOT_FROZEN	ENST00000279550	4
PROVISIONAL_NOT_FROZEN	ENST00000597848	1
PROVISIONAL_NOT_FROZEN	ENST00000534268	3
PROVISIONAL_NOT_FROZEN	ENST00000505992	1
PROVISIONAL_NOT_FROZEN	ENST00000454046	1
PROVISIONAL_NOT_FROZEN	ENST00000449223	4
PROVISIONAL_NOT_FROZEN	ENST00000492865	2
PROVISIONAL_NOT_FROZEN	ENST00000494296	1
PROVISIONAL_NOT_FROZEN	ENST00000481215	0
PROVISIONAL_NOT_FROZEN	ENST00000586375	0
PROVISIONAL_NOT_FROZEN	ENST00000588553	4
PROVISIONAL_NOT_FROZEN	ENST00000263774	2
PROVISIONAL_NOT_FROZEN	ENST00000358951	0
PROVISIONAL_NOT_FROZEN	ENST00000396895	4
PROVISIONAL_NOT_FROZEN	ENST00000531051	0
PROVISIONAL_NOT_FROZEN	ENST00000577658	0
PROVISIONAL_NOT_FROZEN	ENST00000623901	0
PROVISIONAL_NOT_FROZEN	ENST00000308595	3
PROVISIONAL_NOT_FROZEN	ENST00000265069	3
PROVISIONAL_NOT_FROZEN	ENST00000363688	4
PROVISIONAL_NOT_FROZEN	ENST00000598495	3
PROVISIONAL_NOT_FROZEN	ENST00000578400	2
PROVISIONAL_NOT_FROZEN	ENST00000476217	3
PROVISIONAL_NOT_FROZEN	ENST00000423757	0
PROVISIONAL_NOT_FROZEN	ENST00000543045	1
PROVISIONAL_NOT_FROZEN	ENST00000552217	3
PROVISIONAL_NOT_FROZEN	ENST00000510771	1
PROVISIONAL_NOT_FROZEN	ENST00000572583	1
PROVISIONAL_NOT_FROZEN	ENST00000306306	4
PROVISIONAL_NOT_FROZEN	ENST00000550455	3
PROVISIONAL_NOT_FROZEN	ENST00000510217	2
PROVISIONAL_NOT_FROZEN	ENST00000441944	4
PROVISIONAL_NOT_FROZEN	ENST00000560747	4
PROVISIONAL_NOT_FROZEN	ENST00000356674	1
PROVISIONAL_NOT_FROZEN	ENST00000308153	4
PROVISIONAL_NOT_FROZEN	ENST00000316629	4
PROVISIONAL_NOT_FROZEN	ENST00000480528	3
PROVISIONAL_NOT_FROZEN	ENST00000489681	4
PROVISIONAL_NOT_FROZEN	ENST00000563860	0
PROVISIONAL_NOT_FROZEN	ENST00000392902	2
PROVISIONAL_NOT_FROZEN	ENST00000531743	3
PROVISIONAL_NOT_FROZEN	ENST00000623387	1
PROVISIONAL_NOT_FROZEN	ENST00000414167	1
PROVISIONAL_NOT_FROZEN	ENST00000588161	2
PROVISIONAL_NOT_FROZEN	ENST00000287543	3
PROVISIONAL_NOT_FROZEN	ENST00000574265	0
PROVISIONAL_NOT_FROZEN	ENST00000290663	4
PROVISIONAL_NOT_FROZEN	ENST00000426712	4
PROVISIONAL_NOT_FROZEN	ENST00000582169	0
PROVISIONAL_NOT_FROZEN	ENST00000455150	0
PROVISIONAL_NOT_FROZEN	ENST00000578495	0
PROVISIONAL_NOT_FROZEN	ENST00000504328	0
PROVISIONAL_NOT_FROZEN	ENST00000431047	3
PROVISIONAL_NOT_FROZEN	ENST00000462685	4
PROVISIONAL_NOT_FROZEN	ENST00000471350	0
PROVISIONAL_NOT_FROZEN	ENST00000590339	3
PROVISIONAL_NOT_FROZEN	ENST00000382647	3
PROVISIONAL_NOT_FROZEN	ENST00000544255	2
PROVISIONAL_NOT_FROZEN	ENST00000479111	0
PROVISIONAL_NOT_FROZEN	ENST00000475483	1
PROVISIONAL_NOT_FROZEN	ENST00000259038	2
PROVISIONAL_NOT_FROZEN	ENST00000419089	1
PROVISIONAL_NOT_FROZEN	ENST00000361899	1
PROVISIONAL_NOT_FROZEN	ENST00000394665	1
PROVISIONAL_NOT_FROZEN	ENST00000583879	4
PROVISIONAL_NOT_FROZEN	ENST00000440019	0
PROVISIONAL_NOT_FROZEN	ENST00000427472	2
PROVISIONAL_NOT_FROZEN	ENST00000557239	2
PROVISIONAL_NOT_FROZEN	ENST00000585199	4
PROVISIONAL_NOT_FROZEN	ENST00000482389	2
PROVISIONAL_NOT_FROZEN	ENST00000463926	0
PROVISIONAL_NOT_FROZEN	ENST00000559199	2
PROVISIONAL_NOT_FROZEN	ENST00000603633	1
PROVISIONAL_NOT_FROZEN	ENST00000521440	3
PROVISIONAL_NOT_FROZEN	ENST00000425118	1
PROVISIONAL_NOT_FROZEN	ENST00000529384	3
PROVISIONAL_NOT_FROZEN	ENST00000517671	1
PROVISIONAL_NOT_FROZEN	ENST00000505036	0
PROVISIONAL_NOT_FROZEN	ENST00000431390	1
PROVISIONAL_NOT_FROZEN	ENST00000484897	3
PROVISIONAL_NOT_FROZEN	ENST00000370920	4
PROVISIONAL_NOT_FROZEN	ENST00000301327	0
PROVISIONAL_NOT_FROZEN	ENST00000372099	4
PROVISIONAL_NOT_FROZEN	ENST00000202017	2
PROVISIONAL_NOT_FROZEN	ENST00000373485	2
PROVISIONAL_NOT_FROZEN	ENST00000549920	2
PROVISIONAL_NOT_FROZEN	ENST00000625097	2
PROVISIONAL_NOT_FROZEN	ENST00000422587	1
PROVISIONAL_NOT_FROZEN	ENST00000418933	4
PROVISIONAL_NOT_FROZEN	ENST00000483956	0
PROVISIONAL_NOT_FROZEN	ENST00000559699	1
PROVISIONAL_NOT_FROZEN	ENST00000542939	0
PROVISIONAL_NOT_FROZEN	ENST00000592763	2
PROVISIONAL_NOT_FROZEN	ENST00000460249	4
PROVISIONAL_NOT_FROZEN	ENST00000396222	4
PROVISIONAL_NOT_FROZEN	ENST00000392590	4
PROVISIONAL_NOT_FROZEN	ENST00000437932	2
PROVISIONAL_NOT_FROZEN	ENST00000533238	2
PROVISIONAL_NOT_FROZEN	ENST00000540154	4
PROVISIONAL_NOT_FROZEN	ENST00000552297	1
PROVISIONAL_NOT_FROZEN	ENST00000464240	3
PROVISIONAL_NOT_FROZEN	ENST00000427306	0
PROVISIONAL_NOT_FROZEN	ENST00000547832	0
PROVISIONAL_NOT_FROZEN	ENST00000543959	4
PROVISIONAL_NOT_FROZEN	ENST00000586486	0
PROVISIONAL_NOT_FROZEN	ENST00000552315	1
PROVISIONAL_NOT_FROZEN	ENST00000617799	1
PROVISIONAL_NOT_FROZEN	ENST00000504341	1
PROVISIONAL_NOT_FROZEN	ENST00000617249	2
PROVISIONAL_NOT_FROZEN	ENST00000378102	2
PROVISIONAL_NOT_FROZEN	ENST00000485972	0
PROVISIONAL_NOT_FROZEN	ENST00000264932	2
PROVISIONAL_NOT_FROZEN	ENST00000470203	4
PROVISIONAL_NOT_FROZEN	ENST00000404674	1
PROVISIONAL_NOT_FROZEN	ENST00000465167	3
PROVISIONAL_NOT_FROZEN	ENST00000489822	0
PROVISIONAL_NOT_FROZEN	ENST00000466127	4
PROVISIONAL_NOT_FROZEN	ENST00000530912	0
PROVISIONAL_NOT_FROZEN	ENST00000466636	1
PROVISIONAL_NOT_FROZEN	ENST00000248114	0
PROVISIONAL_NOT_FROZEN	ENST00000445782	2
PROVISIONAL_NOT_FROZEN	ENST00000535451	4
PROVISIONAL_NOT_FROZEN	ENST00000528840	4
PROVISIONAL_NOT_FROZEN	ENST00000360566	1
PROVISIONAL_NOT_FROZEN	ENST00000237530	2
PROVISIONAL_NOT_FROZEN	ENST00000384161	1
PROVISIONAL_NOT_FROZEN	ENST00000475247	3
PROVISIONAL_NOT_FROZEN	ENST00000459760	0
PROVISIONAL_NOT_FROZEN	ENST00000556338	2
PROVISIONAL_NOT_FROZEN	ENST00000553479	2
PROVISIONAL_NOT_FROZEN	ENST00000461006	4
PROVISIONAL_NOT_FROZEN	ENST00000215375	3
PROVISIONAL_NOT_FROZEN	ENST00000369905	4
PROVISIONAL_NOT_FROZEN	ENST00000520531	0
PROVISIONAL_NOT_FROZEN	ENST00000379834	2
PROVISIONAL_NOT_FROZEN	ENST00000375425	1
PROVISIONAL_NOT_FROZEN	ENST00000216277	3
PROVISIONAL_NOT_FROZEN	ENST00000532522	3
PROVISIONAL_NOT_FROZEN	ENST00000262093	3
PROVISIONAL_NOT_FROZEN	ENST00000411964	4
PROVISIONAL_NOT_FROZEN	ENST00000535538	3
PROVISIONAL_NOT_FROZEN	ENST00000539212	4
PROVISIONAL_NOT_FROZEN	ENST00000446071	1
PROVISIONAL_NOT_FROZEN	ENST00000487080	1
PROVISIONAL_NOT_FROZEN	ENST00000324953	4
PROVISIONAL_NOT_FROZEN	ENST00000402029	3
PROVISIONAL_NOT_FROZEN	ENST00000526115	2
PROVISIONAL_NOT_FROZEN	ENST00000285093	2
PROVISIONAL_NOT_FROZEN	ENST00000459680	1
PROVISIONAL_NOT_FROZEN	ENST00000463972	2
PROVISIONAL_NOT_FROZEN	ENST00000532882	0
PROVISIONAL_NOT_FROZEN	ENST00000615374	3
PROVISIONAL_NOT_FROZEN	ENST00000339020	3
PROVISIONAL_NOT_FROZEN	ENST00000439687	3
PROVISIONAL_NOT_FROZEN	ENST00000436998	2
PROVISIONAL_NOT_FROZEN	ENST00000626725	0
PROVISIONAL_NOT_FROZEN	ENST00000597776	2
PROVISIONAL_NOT_FROZEN	ENST00000591208	1
PROVISIONAL_NOT_FROZEN	ENST00000376582	1
PROVISIONAL_NOT_FROZEN	ENST00000508284	1
PROVISIONAL_NOT_FROZEN	ENST00000526908	2
PROVISIONAL_NOT_FROZEN	ENST00000481694	3
PROVISIONAL_NOT_FROZEN	ENST00000261070	3
PROVISIONAL_NOT_FROZEN	ENST00000612039	4
PROVISIONAL_NOT_FROZEN	ENST00000378937	4
PROVISIONAL_NOT_FROZEN	ENST00000256689	1
PROVISIONAL_NOT_FROZEN	ENST00000434013	0
PROVISIONAL_NOT_FROZEN	ENST00000597017	0
PROVISIONAL_NOT_FROZEN	ENST00000246533	1
PROVISIONAL_NOT_FROZEN	ENST00000369642	4
PROVISIONAL_NOT_FROZEN	ENST00000283646	1
PROVISIONAL_NOT_FROZEN	ENST00000613695	4
PROVISIONAL_NOT_FROZEN	ENST00000546088	0
PROVISIONAL_NOT_FROZEN	ENST00000592860	4
PROVISIONAL_NOT_FROZEN	ENST00000285667	0
PROVISIONAL_NOT_FROZEN	ENST00000496382	4
PROVISIONAL_NOT_FROZEN	ENST00000375710	4
PROVISIONAL_NOT_FROZEN	ENST00000485101	4
PROVISIONAL_NOT_FROZEN	ENST00000470806	3
PROVISIONAL_NOT_FROZEN	ENST00000473949	1
PROVISIONAL_NOT_FROZEN	ENST00000392218	1
PROVISIONAL_NOT_FROZEN	ENST00000529437	0
PROVISIONAL_NOT_FROZEN	ENST00000494081	1
PROVISIONAL_NOT_FROZEN	ENST00000375894	4
PROVISIONAL_NOT_FROZEN	ENST00000578820	3
PROVISIONAL_NOT_FROZEN	ENST00000637112	1
PROVISIONAL_NOT_FROZEN	ENST00000372902	0
PROVISIONAL_NOT_FROZEN	ENST00000549357	4
PROVISIONAL_NOT_FROZEN	ENST00000569616	0
PROVISIONAL_NOT_FROZEN	ENST00000547075	3
PROVISIONAL_NOT_FROZEN	ENST00000513098	1
PROVISIONAL_NOT_FROZEN	ENST00000491850	3
PROVISIONAL_NOT_FROZEN	ENST00000579133	2
PROVISIONAL_NOT_FROZEN	ENST00000557394	4
PROVISIONAL_NOT_FROZEN	ENST00000440465	3
PROVISIONAL_NOT_FROZEN	ENST00000593729	1
PROVISIONAL_NOT_FROZEN	ENST00000355968	3
PROVISIONAL_NOT_FROZEN	ENST00000314852	1
PROVISIONAL_NOT_FROZEN	ENST00000418154	2
PROVISIONAL_NOT_FROZEN	ENST00000567761	4
PROVISIONAL_NOT_FROZEN	ENST00000488338	2
PROVISIONAL_NOT_FROZEN	ENST00000361822	4
PROVISIONAL_NOT_FROZEN	ENST00000503788	4
PROVISIONAL_NOT_FROZEN	ENST00000430258	2
PROVISIONAL_NOT_FROZEN	ENST00000505262	3
PROVISIONAL_NOT_FROZEN	ENST00000556029	4
PROVISIONAL_NOT_FROZEN	ENST00000467516	1
PROVISIONAL_NOT_FROZEN	ENST00000304298	1
PROVISIONAL_NOT_FROZEN	ENST00000220763	0
PROVISIONAL_NOT_FROZEN	ENST00000482192	1
PROVISIONAL_NOT_FROZEN	ENST00000435277	3
PROVISIONAL_NOT_FROZEN	ENST00000589762	1
PROVISIONAL_NOT_FROZEN	ENST00000586316	0
PROVISIONAL_NOT_FROZEN	ENST00000481034	3
PROVISIONAL_NOT_FROZEN	ENST00000460567	1
PROVISIONAL_NOT_FROZEN	ENST00000480992	3
PROVISIONAL_NOT_FROZEN	ENST00000563029	3
PROVISIONAL_NOT_FROZEN	ENST00000480447	3
PROVISIONAL_NOT_FROZEN	ENST00000518716	4
PROVISIONAL_NOT_FROZEN	ENST00000479853	1
PROVISIONAL_NOT_FROZEN	ENST00000616527	0
PROVISIONAL_NOT_FROZEN	ENST00000557094	2
PROVISIONAL_NOT_FROZEN	ENST00000488492	1
PROVISIONAL_NOT_FROZEN	ENST00000496294	0
PROVISIONAL_NOT_FROZEN	ENST00000554417	3
PROVISIONAL_NOT_FROZEN	ENST00000440787	0
PROVISIONAL_NOT_FROZEN	ENST00000392169	4
PROVISIONAL_NOT_FROZEN	ENST00000323963	4
PROVISIONAL_NOT_FROZEN	ENST00000304312	2
PROVISIONAL_NOT_FROZEN	ENST00000524663	3
PROVISIONAL_NOT_FROZEN	ENST00000552235	4
PROVISIONAL_NOT_FROZEN	ENST00000593353	0
PROVISIONAL_NOT_FROZEN	ENST00000262193	3
PROVISIONAL_NOT_FROZEN	ENST00000480234	4
PROVISIONAL_NOT_FROZEN	ENST00000415548	2
PROVISIONAL_NOT_FROZEN	ENST00000559517	3
PROVISIONAL_NOT_FROZEN	ENST00000419378	1
PROVISIONAL_NOT_FROZEN	ENST00000443616	1
PROVISIONAL_NOT_FROZEN	ENST00000431519	3
PROVISIONAL_NOT_FROZEN	ENST00000327044	3
PROVISIONAL_NOT_FROZEN	ENST00000470643	1
PROVISIONAL_NOT_FROZEN	ENST00000592347	4
PROVISIONAL_NOT_FROZEN	ENST00000374294	3
PROVISIONAL_NOT_FROZEN	ENST00000448403	4
PROVISIONAL_NOT_FROZEN	ENST00000567411	1
PROVISIONAL_NOT_FROZEN	ENST00000431206	3
PROVISIONAL_NOT_FROZEN	ENST00000468499	4
PROVISIONAL_NOT_FROZEN	ENST00000484558	2
PROVISIONAL_NOT_FROZEN	ENST00000571691	2
PROVISIONAL_NOT_FROZEN	ENST00000283131	4
PROVISIONAL_NOT_FROZEN	ENST00000454308	0
PROVISIONAL_NOT_FROZEN	ENST00000472580	1
PROVISIONAL_NOT_FROZEN	ENST00000502590	3
PROVISIONAL_NOT_FROZEN	ENST00000462527	1
PROVISIONAL_NOT_FROZEN	ENST00000303142	4
PROVISIONAL_NOT_FROZEN	ENST00000445436	0
PROVISIONAL_NOT_FROZEN	ENST00000588814	0
PROVISIONAL_NOT_FROZEN	ENST00000392807	4
PROVISIONAL_NOT_FROZEN	ENST00000626547	3
PROVISIONAL_NOT_FROZEN	ENST00000374865	1
PROVISIONAL_NOT_FROZEN	ENST00000264935	0
PROVISIONAL_NOT_FROZEN	ENST00000374692	2
PROVISIONAL_NOT_FROZEN	ENST00000488122	4
PROVISIONAL_NOT_FROZEN	ENST00000470753	4
PROVISIONAL_NOT_FROZEN	ENST00000462349	1
PROVISIONAL_NOT_FROZEN	ENST00000545648	4
PROVISIONAL_NOT_FROZEN	ENST00000512260	2
PROVISIONAL_NOT_FROZEN	ENST00000463371	0
PROVISIONAL_NOT_FROZEN	ENST00000623550	0
PROVISIONAL_NOT_FROZEN	ENST00000535042	4
PROVISIONAL_NOT_FROZEN	ENST00000587994	2
PROVISIONAL_NOT_FROZEN	ENST00000490466	4
PROVISIONAL_NOT_FROZEN	ENST00000415761	3
PROVISIONAL_NOT_FROZEN	ENST00000480190	3
PROVISIONAL_NOT_FROZEN	ENST00000407033	2
PROVISIONAL_NOT_FROZEN	ENST00000555895	0
PROVISIONAL_NOT_FROZEN	ENST00000442341	3
PROVISIONAL_NOT_FROZEN	ENST00000359534	3
PROVISIONAL_NOT_FROZEN	ENST00000492772	4
PROVISIONAL_NOT_FROZEN	ENST00000617706	4
PROVISIONAL_NOT_FROZEN	ENST00000437231	0
PROVISIONAL_NOT_FROZEN	ENST00000463308	2
PROVISIONAL_NOT_FROZEN	ENST00000425762	0
PROVISIONAL_NOT_FROZEN	ENST00000493536	0
PROVISIONAL_NOT_FROZEN	ENST00000455854	3
PROVISIONAL_NOT_FROZEN	ENST00000579821	0
PROVISIONAL_NOT_FROZEN	ENST00000496152	3
PROVISIONAL_NOT_FROZEN	ENST00000581204	0
PROVISIONAL_NOT_FROZEN	ENST00000473571	0
PROVISIONAL_NOT_FROZEN	ENST00000494412	0
PROVISIONAL_NOT_FROZEN	ENST00000524247	0
PROVISIONAL_NOT_FROZEN	ENST00000341423	1
PROVISIONAL_NOT_FROZEN	ENST00000570169	2
PROVISIONAL_NOT_FROZEN	ENST00000331457	3
PROVISIONAL_NOT_FROZEN	ENST00000629845	3
PROVISIONAL_NOT_FROZEN	ENST00000574872	1
PROVISIONAL_NOT_FROZEN	ENST00000453316	3
PROVISIONAL_NOT_FROZEN	ENST00000370826	0
PROVISIONAL_NOT_FROZEN	ENST00000525340	1
PROVISIONAL_NOT_FROZEN	ENST00000548490	1
PROVISIONAL_NOT_FROZEN	ENST00000260045	2
PROVISIONAL_NOT_FROZEN	ENST00000562233	4
PROVISIONAL_NOT_FROZEN	ENST00000409711	2
PROVISIONAL_NOT_FROZEN	ENST00000490753	3
PROVISIONAL_NOT_FROZEN	ENST00000332680	3
PROVISIONAL_NOT_FROZEN	ENST00000446533	0
PROVISIONAL_NOT_FROZEN	ENST00000527299	2
PROVISIONAL_NOT_FROZEN	ENST00000560345	3
PROVISIONAL_NOT_FROZEN	ENST00000220764	4
PROVISIONAL_NOT_FROZEN	ENST00000588454	0
PROVISIONAL_NOT_FROZEN	ENST00000437106	3
PROVISIONAL_NOT_FROZEN	ENST00000466995	1
PROVISIONAL_NOT_FROZEN	ENST00000421717	2
PROVISIONAL_NOT_FROZEN	ENST00000600880	2
PROVISIONAL_NOT_FROZEN	ENST00000302979	1
PROVISIONAL_NOT_FROZEN	ENST00000379593	2
PROVISIONAL_NOT_FROZEN	ENST00000480094	0
PROVISIONAL_NOT_FROZEN	ENST00000590068	4
PROVISIONAL_NOT_FROZEN	ENST00000547993	1
PROVISIONAL_NOT_FROZEN	ENST00000376392	0
PROVISIONAL_NOT_FROZEN	ENST00000544079	3
PROVISIONAL_NOT_FROZEN	ENST00000371317	2
PROVISIONAL_NOT_FROZEN	ENST00000523190	1
PROVISIONAL_NOT_FROZEN	ENST00000374514	4
PROVISIONAL_NOT_FROZEN	ENST00000636024	1
PROVISIONAL_NOT_FROZEN	ENST00000355749	2
PROVISIONAL_NOT_FROZEN	ENST00000271688	4
PROVISIONAL_NOT_FROZEN	ENST00000590669	4
PROVISIONAL_NOT_FROZEN	ENST00000301765	0
PROVISIONAL_NOT_FROZEN	ENST00000517597	4
PROVISIONAL_NOT_FROZEN	ENST00000513539	4
PROVISIONAL_NOT_FROZEN	ENST00000573614	1
PROVISIONAL_NOT_FROZEN	ENST00000367480	3
PROVISIONAL_NOT_FROZEN	ENST00000307296	4
PROVISIONAL_NOT_FROZEN	ENST00000469398	1
PROVISIONAL_NOT_FROZEN	ENST00000251074	2
PROVISIONAL_NOT_FROZEN	ENST00000236957	0
PROVISIONAL_NOT_FROZEN	ENST00000598182	3
PROVISIONAL_NOT_FROZEN	ENST00000528230	1
PROVISIONAL_NOT_FROZEN	ENST00000361219	4
PROVISIONAL_NOT_FROZEN	ENST00000568812	3
PROVISIONAL_NOT_FROZEN	ENST00000409716	2
PROVISIONAL_NOT_FROZEN	ENST00000577759	4
PROVISIONAL_NOT_FROZEN	ENST00000361381	2
PROVISIONAL_NOT_FROZEN	ENST00000442048	4
PROVISIONAL_NOT_FROZEN	ENST00000488803	2
PROVISIONAL_NOT_FROZEN	ENST00000534518	4
PROVISIONAL_NOT_FROZEN	ENST00000497190	4
PROVISIONAL_NOT_FROZEN	ENST00000534599	0
PROVISIONAL_NOT_FROZEN	ENST00000369159	2
PROVISIONAL_NOT_FROZEN	ENST00000423801	3
PROVISIONAL_NOT_FROZEN	ENST00000448105	2
PROVISIONAL_NOT_FROZEN	ENST00000467825	1
PROVISIONAL_NOT_FROZEN	ENST00000546457	4
PROVISIONAL_NOT_FROZEN	ENST00000558414	1
PROVISIONAL_NOT_FROZEN	ENST00000230895	0
PROVISIONAL_NOT_FROZEN	ENST00000562238	3
PROVISIONAL_NOT_FROZEN	ENST00000263735	3
PROVISIONAL_NOT_FROZEN	ENST00000352303	3
PROVISIONAL_NOT_FROZEN	ENST00000378868	3
PROVISIONAL_NOT_FROZEN	ENST00000523666	3
PROVISIONAL_NOT_FROZEN	ENST00000414441	2
PROVISIONAL_NOT_FROZEN	ENST00000475836	1
PROVISIONAL_NOT_FROZEN	ENST00000550445	0
PROVISIONAL_NOT_FROZEN	ENST00000307630	3
PROVISIONAL_NOT_FROZEN	ENST00000522793	2
PROVISIONAL_NOT_FROZEN	ENST00000377777	2
PROVISIONAL_NOT_FROZEN	ENST00000371756	4
PROVISIONAL_NOT_FROZEN	ENST00000357732	0
PROVISIONAL_NOT_FROZEN	ENST00000340990	1
PROVISIONAL_NOT_FROZEN	ENST00000505042	1
PROVISIONAL_NOT_FROZEN	ENST00000377811	2
PROVISIONAL_NOT_FROZEN	ENST00000413068	0
PROVISIONAL_NOT_FROZEN	ENST00000525588	2
PROVISIONAL_NOT_FROZEN	ENST00000591394	1
PROVISIONAL_NOT_FROZEN	ENST00000510742	0
PROVISIONAL_NOT_FROZEN	ENST00000548933	0
PROVISIONAL_NOT_FROZEN	ENST00000311772	3
PROVISIONAL_NOT_FROZEN	ENST00000432675	2
PROVISIONAL_NOT_FROZEN	ENST00000551702	1
PROVISIONAL_NOT_FROZEN	ENST00000582716	2
PROVISIONAL_NOT_FROZEN	ENST00000487304	4
PROVISIONAL_NOT_FROZEN	ENST00000398422	3
PROVISIONAL_NOT_FROZEN	ENST00000503422	0
PROVISIONAL_NOT_FROZEN	ENST00000483469	0
PROVISIONAL_NOT_FROZEN	ENST00000510447	3
PROVISIONAL_NOT_FROZEN	ENST00000533045	2
PROVISIONAL_NOT_FROZEN	ENST00000604458	3
PROVISIONAL_NOT_FROZEN	ENST00000531991	3
PROVISIONAL_NOT_FROZEN	ENST00000613870	1
PROVISIONAL_NOT_FROZEN	ENST00000471374	0
PROVISIONAL_NOT_FROZEN	ENST00000533321	0
PROVISIONAL_NOT_FROZEN	ENST00000496905	4
PROVISIONAL_NOT_FROZEN	ENST00000477325	3
PROVISIONAL_NOT_FROZEN	ENST00000539856	1
PROVISIONAL_NOT_FROZEN	ENST00000521999	4
PROVISIONAL_NOT_FROZEN	ENST00000388835	1
PROVISIONAL_NOT_FROZEN	ENST00000441448	4
PROVISIONAL_NOT_FROZEN	ENST00000470392	0
PROVISIONAL_NOT_FROZEN	ENST00000528104	4
PROVISIONAL_NOT_FROZEN	ENST00000582379	1
PROVISIONAL_NOT_FROZEN	ENST00000261623	1
PROVISIONAL_NOT_FROZEN	ENST00000534775	3
PROVISIONAL_NOT_FROZEN	ENST00000552326	3
PROVISIONAL_NOT_FROZEN	ENST00000346178	2
PROVISIONAL_NOT_FROZEN	ENST00000496863	2
PROVISIONAL_NOT_FROZEN	ENST00000428356	3
PROVISIONAL_NOT_FROZEN	ENST00000473558	2
PROVISIONAL_NOT_FROZEN	ENST00000511995	1
PROVISIONAL_NOT_FROZEN	ENST00000318622	0
PROVISIONAL_NOT_FROZEN	ENST00000281589	4
PROVISIONAL_NOT_FROZEN	ENST00000472328	1
PROVISIONAL_NOT_FROZEN	ENST00000550385	3
PROVISIONAL_NOT_FROZEN	ENST00000358464	2
PROVISIONAL_NOT_FROZEN	ENST00000393214	3
PROVISIONAL_NOT_FROZEN	ENST00000443053	4
PROVISIONAL_NOT_FROZEN	ENST00000592514	4
PROVISIONAL_NOT_FROZEN	ENST00000331889	1
PROVISIONAL_NOT_FROZEN	ENST00000598959	4
PROVISIONAL_NOT_FROZEN	ENST00000503997	0
PROVISIONAL_NOT_FROZEN	ENST00000547303	4
PROVISIONAL_NOT_FROZEN	ENST00000374688	2
PROVISIONAL_NOT_FROZEN	ENST00000400889	3
PROVISIONAL_NOT_FROZEN	ENST00000221566	3
PROVISIONAL_NOT_FROZEN	ENST00000495075	0
PROVISIONAL_NOT_FROZEN	ENST00000302279	0
PROVISIONAL_NOT_FROZEN	ENST00000536983	0
PROVISIONAL_NOT_FROZEN	ENST00000513557	0
PROVISIONAL_NOT_FROZEN	ENST00000593233	3
PROVISIONAL_NOT_FROZEN	ENST00000380546	2
PROVISIONAL_NOT_FROZEN	ENST00000436038	4
PROVISIONAL_NOT_FROZEN	ENST00000533717	3
PROVISIONAL_NOT_FROZEN	ENST00000336431	2
PROVISIONAL_NOT_FROZEN	ENST00000593046	0
PROVISIONAL_NOT_FROZEN	ENST00000302759	1
PROVISIONAL_NOT_FROZEN	ENST00000407004	2
PROVISIONAL_NOT_FROZEN	ENST00000289228	1
PROVISIONAL_NOT_FROZEN	ENST00000480199	4
PROVISIONAL_NOT_FROZEN	ENST00000513012	2
PROVISIONAL_NOT_FROZEN	ENST00000360384	2
PROVISIONAL_NOT_FROZEN	ENST00000572954	0
PROVISIONAL_NOT_FROZEN	ENST00000408968	2
PROVISIONAL_NOT_FROZEN	ENST00000599319	1
PROVISIONAL_NOT_FROZEN	ENST00000332503	2
PROVISIONAL_NOT_FROZEN	ENST00000517314	4
PROVISIONAL_NOT_FROZEN	ENST00000556218	4
PROVISIONAL_NOT_FROZEN	ENST00000495216	1
PROVISIONAL_NOT_FROZEN	ENST00000311111	4
PROVISIONAL_NOT_FROZEN	ENST00000374151	3
PROVISIONAL_NOT_FROZEN	ENST00000599570	4
PROVISIONAL_NOT_FROZEN	ENST00000511203	1
PROVISIONAL_NOT_FROZEN	ENST00000494445	4
PROVISIONAL_NOT_FROZEN	ENST00000477693	0
PROVISIONAL_NOT_FROZEN	ENST00000541703	1
PROVISIONAL_NOT_FROZEN	ENST00000360051	2
PROVISIONAL_NOT_FROZEN	ENST00000509082	2
PROVISIONAL_NOT_FROZEN	ENST00000601649	3
PROVISIONAL_NOT_FROZEN	ENST00000637187	3
PROVISIONAL_NOT_FROZEN	ENST00000543425	4
PROVISIONAL_NOT_FROZEN	ENST00000468704	1
PROVISIONAL_NOT_FROZEN	ENST00000472663	2
PROVISIONAL_NOT_FROZEN	ENST00000562464	0
PROVISIONAL_NOT_FROZEN	ENST00000598889	1
PROVISIONAL_NOT_FROZEN	ENST00000437604	2
PROVISIONAL_NOT_FROZEN	ENST00000580886	0
PROVISIONAL_NOT_FROZEN	ENST00000600948	3
PROVISIONAL_NOT_FROZEN	ENST00000380472	1
PROVISIONAL_NOT_FROZEN	ENST00000491009	4
PROVISIONAL_NOT_FROZEN	ENST00000496129	4
PROVISIONAL_NOT_FROZEN	ENST00000249647	3
PROVISIONAL_NOT_FROZEN	ENST00000552851	2
PROVISIONAL_NOT_FROZEN	ENST00000495255	1
PROVISIONAL_NOT_FROZEN	ENST00000462000	2
PROVISIONAL_NOT_FROZEN	ENST00000468388	0
PROVISIONAL_NOT_FROZEN	ENST00000529576	4
PROVISIONAL_NOT_FROZEN	ENST00000520115	0
PROVISIONAL_NOT_FROZEN	ENST00000550910	0
PROVISIONAL_NOT_FROZEN	ENST00000553565	1
PROVISIONAL_NOT_FROZEN	ENST00000551324	1
PROVISIONAL_NOT_FROZEN	ENST00000445776	3
PROVISIONAL_NOT_FROZEN	ENST00000550979	0
PROVISIONAL_NOT_FROZEN	ENST00000544708	2
PROVISIONAL_NOT_FROZEN	ENST00000361951	0
PROVISIONAL_NOT_FROZEN	ENST00000573928	1
PROVISIONAL_NOT_FROZEN	ENST00000393008	2
PROVISIONAL_NOT_FROZEN	ENST00000508974	1
PROVISIONAL_NOT_FROZEN	ENST00000506821	3
PROVISIONAL_NOT_FROZEN	ENST00000313269	4
PROVISIONAL_NOT_FROZEN	ENST00000581862	1
PROVISIONAL_NOT_FROZEN	ENST00000524397	4
PROVISIONAL_NOT_FROZEN	ENST00000440068	1
PROVISIONAL_NOT_FROZEN	ENST00000621685	1
PROVISIONAL_NOT_FROZEN	ENST00000397967	3
PROVISIONAL_NOT_FROZEN	ENST00000296509	0
PROVISIONAL_NOT_FROZEN	ENST00000488537	4
PROVISIONAL_NOT_FROZEN	ENST00000620073	4
PROVISIONAL_NOT_FROZEN	ENST00000379389	4
PROVISIONAL_NOT_FROZEN	ENST00000596905	3
PROVISIONAL_NOT_FROZEN	ENST00000536696	2
PROVISIONAL_NOT_FROZEN	ENST00000512914	1
PROVISIONAL_NOT_FROZEN	ENST00000595125	3
PROVISIONAL_NOT_FROZEN	ENST00000463735	0
PROVISIONAL_NOT_FROZEN	ENST00000331789	2
PROVISIONAL_NOT_FROZEN	ENST00000560266	3
PROVISIONAL_NOT_FROZEN	ENST00000467404	3
PROVISIONAL_NOT_FROZEN	ENST00000543796	0
PROVISIONAL_NOT_FROZEN	ENST00000395425	2
PROVISIONAL_NOT_FROZEN	ENST00000552902	0
PROVISIONAL_NOT_FROZEN	ENST00000628793	2
PROVISIONAL_NOT_FROZEN	ENST00000282990	4
PROVISIONAL_NOT_FROZEN	ENST00000564521	0
PROVISIONAL_NOT_FROZEN	ENST00000432348	0
PROVISIONAL_NOT_FROZEN	ENST00000479456	2
PROVISIONAL_NOT_FROZEN	ENST00000523393	1
PROVISIONAL_NOT_FROZEN	ENST00000590279	2
PROVISIONAL_NOT_FROZEN	ENST00000521425	1
PROVISIONAL_NOT_FROZEN	ENST00000374524	2
PROVISIONAL_NOT_FROZEN	ENST00000442215	3
PROVISIONAL_NOT_FROZEN	ENST00000554950	2
PROVISIONAL_NOT_FROZEN	ENST00000440547	2
PROVISIONAL_NOT_FROZEN	ENST00000487352	1
PROVISIONAL_NOT_FROZEN	ENST00000448289	1
PROVISIONAL_NOT_FROZEN	ENST00000278353	2
PROVISIONAL_NOT_FROZEN	ENST00000594545	1
PROVISIONAL_NOT_FROZEN	ENST00000267869	1
PROVISIONAL_NOT_FROZEN	ENST00000456812	3
PROVISIONAL_NOT_FROZEN	ENST00000542724	3
PROVISIONAL_NOT_FROZEN	ENST00000446558	2
PROVISIONAL_NOT_FROZEN	ENST00000395330	3
PROVISIONAL_NOT_FROZEN	ENST00000496655	3
PROVISIONAL_NOT_FROZEN	ENST00000605528	2
PROVISIONAL_NOT_FROZEN	ENST00000460985	0
PROVISIONAL_NOT_FROZEN	ENST00000475338	0
PROVISIONAL_NOT_FROZEN	ENST00000505224	3
PROVISIONAL_NOT_FROZEN	ENST00000339697	0
PROVISIONAL_NOT_FROZEN	ENST00000440951	4
PROVISIONAL_NOT_FROZEN	ENST00000491736	4
PROVISIONAL_NOT_FROZEN	ENST00000312960	2
PROVISIONAL_NOT_FROZEN	ENST00000488748	4
PROVISIONAL_NOT_FROZEN	ENST00000612648	0
PROVISIONAL_NOT_FROZEN	ENST00000448361	0
PROVISIONAL_NOT_FROZEN	ENST00000368376	0
PROVISIONAL_NOT_FROZEN	ENST00000377818	0
PROVISIONAL_NOT_FROZEN	ENST00000262319	2
PROVISIONAL_NOT_FROZEN	ENST00000261461	2
PROVISIONAL_NOT_FROZEN	ENST00000448257	4
PROVISIONAL_NOT_FROZEN	ENST00000468243	1
PROVISIONAL_NOT_FROZEN	ENST00000417500	0
PROVISIONAL_NOT_FROZEN	ENST00000496775	3
PROVISIONAL_NOT_FROZEN	ENST00000561286	1
PROVISIONAL_NOT_FROZEN	ENST00000425992	3
PROVISIONAL_NOT_FROZEN	ENST00000405333	3
PROVISIONAL_NOT_FROZEN	ENST00000396662	4
PROVISIONAL_NOT_FROZEN	ENST00000562646	0
PROVISIONAL_NOT_FROZEN	ENST00000596273	4
PROVISIONAL_NOT_FROZEN	ENST00000529007	4
PROVISIONAL_NOT_FROZEN	ENST00000504676	0
PROVISIONAL_NOT_FROZEN	ENST00000528780	2
PROVISIONAL_NOT_FROZEN	ENST00000478336	1
PROVISIONAL_NOT_FROZEN	ENST00000508456	3
PROVISIONAL_NOT_FROZEN	ENST00000436520	1
PROVISIONAL_NOT_FROZEN	ENST00000533833	4
PROVISIONAL_NOT_FROZEN	ENST00000322940	1
PROVISIONAL_NOT_FROZEN	ENST00000435076	4
PROVISIONAL_NOT_FROZEN	ENST00000468818	4
PROVISIONAL_NOT_FROZEN	ENST00000551917	4
PROVISIONAL_NOT_FROZEN	ENST00000256433	1
PROVISIONAL_NOT_FROZEN	ENST00000622254	1
PROVISIONAL_NOT_FROZEN	ENST00000564651	3
PROVISIONAL_NOT_FROZEN	ENST00000456643	2
PROVISIONAL_NOT_FROZEN	ENST00000322535	1
PROVISIONAL_NOT_FROZEN	ENST00000548495	0
PROVISIONAL_NOT_FROZEN	ENST00000305105	4
PROVISIONAL_NOT_FROZEN	ENST00000344347	2
PROVISIONAL_NOT_FROZEN	ENST00000598316	4
PROVISIONAL_NOT_FROZEN	ENST00000157812	1
PROVISIONAL_NOT_FROZEN	ENST00000614346	2
PROVISIONAL_NOT_FROZEN	ENST00000410080	2
PROVISIONAL_NOT_FROZEN	ENST00000325495	4
PROVISIONAL_NOT_FROZEN	ENST00000561795	0
PROVISIONAL_NOT_FROZEN	ENST00000520148	4
PROVISIONAL_NOT_FROZEN	ENST00000524771	3
PROVISIONAL_NOT_FROZEN	ENST00000384314	0
PROVISIONAL_NOT_FROZEN	ENST00000312499	4
PROVISIONAL_NOT_FROZEN	ENST00000463709	0
PROVISIONAL_NOT_FROZEN	ENST00000401715	1
PROVISIONAL_NOT_FROZEN	ENST00000469566	3
PROVISIONAL_NOT_FROZEN	ENST00000513174	1
PROVISIONAL_NOT_FROZEN	ENST00000372428	1
PROVISIONAL_NOT_FROZEN	ENST00000248098	4
PROVISIONAL_NOT_FROZEN	ENST00000610127	3
PROVISIONAL_NOT_FROZEN	ENST00000528105	2
PROVISIONAL_NOT_FROZEN	ENST00000550419	2
PROVISIONAL_NOT_FROZEN	ENST00000367242	3
PROVISIONAL_NOT_FROZEN	ENST00000592139	1
PROVISIONAL_NOT_FROZEN	ENST00000361390	3
PROVISIONAL_NOT_FROZEN	ENST00000303596	3
PROVISIONAL_NOT_FROZEN	ENST00000343818	4
PROVISIONAL_NOT_FROZEN	ENST00000586803	0
PROVISIONAL_NOT_FROZEN	ENST00000581193	4
PROVISIONAL_NOT_FROZEN	ENST00000563505	4
PROVISIONAL_NOT_FROZEN	ENST00000412788	2
PROVISIONAL_NOT_FROZEN	ENST00000461869	4
PROVISIONAL_NOT_FROZEN	ENST00000593863	0
PROVISIONAL_NOT_FROZEN	ENST00000485081	0
PROVISIONAL_NOT_FROZEN	ENST00000597577	1
PROVISIONAL_NOT_FROZEN	ENST00000544314	4
PROVISIONAL_NOT_FROZEN	ENST00000436844	0
PROVISIONAL_NOT_FROZEN	ENST00000356797	4
PROVISIONAL_NOT_FROZEN	ENST00000413297	3
PROVISIONAL_NOT_FROZEN	ENST00000448168	1
PROVISIONAL_NOT_FROZEN	ENST00000358678	3
PROVISIONAL_NOT_FROZEN	ENST00000472897	4
PROVISIONAL_NOT_FROZEN	ENST00000557969	1
PROVISIONAL_NOT_FROZEN	ENST00000475828	4
PROVISIONAL_NOT_FROZEN	ENST00000585650	4
PROVISIONAL_NOT_FROZEN	ENST00000522911	1
PROVISIONAL_NOT_FROZEN	ENST00000603700	3
PROVISIONAL_NOT_FROZEN	ENST00000423859	1
PROVISIONAL_NOT_FROZEN	ENST00000361496	0
PROVISIONAL_NOT_FROZEN	ENST00000557702	1
PROVISIONAL_NOT_FROZEN	ENST00000477091	1
PROVISIONAL_NOT_FROZEN	ENST00000503853	3
PROVISIONAL_NOT_FROZEN	ENST00000596651	1
PROVISIONAL_NOT_FROZEN	ENST00000492217	2
PROVISIONAL_NOT_FROZEN	ENST00000268220	3
PROVISIONAL_NOT_FROZEN	ENST00000274813	3
PROVISIONAL_NOT_FROZEN	ENST00000395958	2
PROVISIONAL_NOT_FROZEN	ENST00000552540	4
PROVISIONAL_NOT_FROZEN	ENST00000613230	1
PROVISIONAL_NOT_FROZEN	ENST00000229379	2
PROVISIONAL_NOT_FROZEN	ENST00000502890	1
PROVISIONAL_NOT_FROZEN	ENST00000534811	3
PROVISIONAL_NOT_FROZEN	ENST00000275603	3
PROVISIONAL_NOT_FROZEN	ENST00000611208	3
PROVISIONAL_NOT_FROZEN	ENST00000476870	3
PROVISIONAL_NOT_FROZEN	ENST00000486193	2
PROVISIONAL_NOT_FROZEN	ENST00000400564	1
PROVISIONAL_NOT_FROZEN	ENST00000373703	4
PROVISIONAL_NOT_FROZEN	ENST00000435848	2
PROVISIONAL_NOT_FROZEN	ENST00000549555	1
PROVISIONAL_NOT_FROZEN	ENST00000327331	4
PROVISIONAL_NOT_FROZEN	ENST00000587552	2
PROVISIONAL_NOT_FROZEN	ENST00000578570	0
PROVISIONAL_NOT_FROZEN	ENST00000557663	1
PROVISIONAL_NOT_FROZEN	ENST00000535419	2
PROVISIONAL_NOT_FROZEN	ENST00000590618	3
PROVISIONAL_NOT_FROZEN	ENST00000263384	1
PROVISIONAL_NOT_FROZEN	ENST00000468051	2
PROVISIONAL_NOT_FROZEN	ENST00000401954	4
PROVISIONAL_NOT_FROZEN	ENST00000517625	0
PROVISIONAL_NOT_FROZEN	ENST00000413016	4
PROVISIONAL_NOT_FROZEN	ENST00000445924	3
PROVISIONAL_NOT_FROZEN	ENST00000469451	0
PROVISIONAL_NOT_FROZEN	ENST00000487417	4
PROVISIONAL_NOT_FROZEN	ENST00000544379	2
PROVISIONAL_NOT_FROZEN	ENST00000439109	1
PROVISIONAL_NOT_FROZEN	ENST00000448623	3
PROVISIONAL_NOT_FROZEN	ENST00000547345	2
PROVISIONAL_NOT_FROZEN	ENST00000370858	2
PROVISIONAL_NOT_FROZEN	ENST00000566012	0
PROVISIONAL_NOT_FROZEN	ENST00000590121	2
PROVISIONAL_NOT_FROZEN	ENST00000340697	0
PROVISIONAL_NOT_FROZEN	ENST00000374656	3
PROVISIONAL_NOT_FROZEN	ENST00000357028	0
PROVISIONAL_NOT_FROZEN	ENST00000466086	3
PROVISIONAL_NOT_FROZEN	ENST00000394290	4
PROVISIONAL_NOT_FROZEN	ENST00000507642	3
PROVISIONAL_NOT_FROZEN	ENST00000442437	4
PROVISIONAL_NOT_FROZEN	ENST00000511348	1
PROVISIONAL_NOT_FROZEN	ENST00000531290	1
PROVISIONAL_NOT_FROZEN	ENST00000260956	1
PROVISIONAL_NOT_FROZEN	ENST00000496722	0
PROVISIONAL_NOT_FROZEN	ENST00000447574	3
PROVISIONAL_NOT_FROZEN	ENST00000558527	2
PROVISIONAL_NOT_FROZEN	ENST00000441097	3
PROVISIONAL_NOT_FROZEN	ENST00000423795	1
PROVISIONAL_NOT_FROZEN	ENST00000271628	4
PROVISIONAL_NOT_FROZEN	ENST00000532402	2
PROVISIONAL_NOT_FROZEN	ENST00000490705	1
PROVISIONAL_NOT_FROZEN	ENST00000581770	0
PROVISIONAL_NOT_FROZEN	ENST00000478470	4
PROVISIONAL_NOT_FROZEN	ENST00000461035	3
PROVISIONAL_NOT_FROZEN	ENST00000369101	3
PROVISIONAL_NOT_FROZEN	ENST00000639028	2
PROVISIONAL_NOT_FROZEN	ENST00000518293	4
PROVISIONAL_NOT_FROZEN	ENST00000377727	3
PROVISIONAL_NOT_FROZEN	ENST00000571722	3
PROVISIONAL_NOT_FROZEN	ENST00000311052	1
PROVISIONAL_NOT_FROZEN	ENST00000402289	0
PROVISIONAL_NOT_FROZEN	ENST00000585362	0
PROVISIONAL_NOT_FROZEN	ENST00000582520	2
PROVISIONAL_NOT_FROZEN	ENST00000247191	2
PROVISIONAL_NOT_FROZEN	ENST00000618619	0
PROVISIONAL_NOT_FROZEN	ENST00000536623	3
PROVISIONAL_NOT_FROZEN	ENST00000308696	3
PROVISIONAL_NOT_FROZEN	ENST00000330914	2
PROVISIONAL_NOT_FROZEN	ENST00000490868	1
PROVISIONAL_NOT_FROZEN	ENST00000598436	3
PROVISIONAL_NOT_FROZEN	ENST00000522352	3
PROVISIONAL_NOT_FROZEN	ENST00000532829	2
PROVISIONAL_NOT_FROZEN	ENST00000421129	1
PROVISIONAL_NOT_FROZEN	ENST00000451351	2
PROVISIONAL_NOT_FROZEN	ENST00000529521	2
PROVISIONAL_NOT_FROZEN	ENST00000498737	4
PROVISIONAL_NOT_FROZEN	ENST00000570731	2
PROVISIONAL_NOT_FROZEN	ENST00000591006	2
PROVISIONAL_NOT_FROZEN	ENST00000555276	3
PROVISIONAL_NOT_FROZEN	ENST00000511037	0
PROVISIONAL_NOT_FROZEN	ENST00000432924	0
PROVISIONAL_NOT_FROZEN	ENST00000484312	3
PROVISIONAL_NOT_FROZEN	ENST00000265339	2
PROVISIONAL_NOT_FROZEN	ENST00000528362	0
PROVISIONAL_NOT_FROZEN	ENST00000466297	4
PROVISIONAL_NOT_FROZEN	ENST00000565031	0
PROVISIONAL_NOT_FROZEN	ENST00000398541	2
PROVISIONAL_NOT_FROZEN	ENST00000373833	2
PROVISIONAL_NOT_FROZEN	ENST00000439929	1
PROVISIONAL_NOT_FROZEN	ENST00000472438	3
PROVISIONAL_NOT_FROZEN	ENST00000492641	3
PROVISIONAL_NOT_FROZEN	ENST00000302503	2
PROVISIONAL_NOT_FROZEN	ENST00000557234	4
PROVISIONAL_NOT_FROZEN	ENST00000587465	0
PROVISIONAL_NOT_FROZEN	ENST00000460761	3
PROVISIONAL_NOT_FROZEN	ENST00000399728	4
PROVISIONAL_NOT_FROZEN	ENST00000367249	0
PROVISIONAL_NOT_FROZEN	ENST00000498825	4
PROVISIONAL_NOT_FROZEN	ENST00000475985	2
PROVISIONAL_NOT_FROZEN	ENST00000477620	0
PROVISIONAL_NOT_FROZEN	ENST00000429708	4
PROVISIONAL_NOT_FROZEN	ENST00000337004	1
PROVISIONAL_NOT_FROZEN	ENST00000566866	0
PROVISIONAL_NOT_FROZEN	ENST00000595444	1
PROVISIONAL_NOT_FROZEN	ENST00000567658	1
PROVISIONAL_NOT_FROZEN	ENST00000529196	2
PROVISIONAL_NOT_FROZEN	ENST00000530199	0
PROVISIONAL_NOT_FROZEN	ENST00000610803	3
PROVISIONAL_NOT_FROZEN	ENST00000534348	4
PROVISIONAL_NOT_FROZEN	ENST00000303305	1
PROVISIONAL_NOT_FROZEN	ENST00000457606	4
PROVISIONAL_NOT_FROZEN	ENST00000519374	1
PROVISIONAL_NOT_FROZEN	ENST00000492636	0
PROVISIONAL_NOT_FROZEN	ENST00000497294	2
PROVISIONAL_NOT_FROZEN	ENST00000464887	1
PROVISIONAL_NOT_FROZEN	ENST00000318059	1
PROVISIONAL_NOT_FROZEN	ENST00000529002	2
PROVISIONAL_NOT_FROZEN	ENST00000054666	0
PROVISIONAL_NOT_FROZEN	ENST00000472560	4
PROVISIONAL_NOT_FROZEN	ENST00000585409	0
PROVISIONAL_NOT_FROZEN	ENST00000396680	2
PROVISIONAL_NOT_FROZEN	ENST00000343262	2
PROVISIONAL_NOT_FROZEN	ENST00000463236	3
PROVISIONAL_NOT_FROZEN	ENST00000367943	1
PROVISIONAL_NOT_FROZEN	ENST00000443980	1
PROVISIONAL_NOT_FROZEN	ENST00000435269	2
PROVISIONAL_NOT_FROZEN	ENST00000494984	4
PROVISIONAL_NOT_FROZEN	ENST00000502263	1
PROVISIONAL_NOT_FROZEN	ENST00000496366	2
PROVISIONAL_NOT_FROZEN	ENST00000490204	2
PROVISIONAL_NOT_FROZEN	ENST00000450904	3
PROVISIONAL_NOT_FROZEN	ENST00000569924	1
PROVISIONAL_NOT_FROZEN	ENST00000618227	0
PROVISIONAL_NOT_FROZEN	ENST00000330735	1
PROVISIONAL_NOT_FROZEN	ENST00000473985	1
PROVISIONAL_NOT_FROZEN	ENST00000308987	0
PROVISIONAL_NOT_FROZEN	ENST00000463215	4
PROVISIONAL_NOT_FROZEN	ENST00000479531	1
PROVISIONAL_NOT_FROZEN	ENST00000537239	3
PROVISIONAL_NOT_FROZEN	ENST00000557975	3
PROVISIONAL_NOT_FROZEN	ENST00000372447	2
PROVISIONAL_NOT_FROZEN	ENST00000292807	4
PROVISIONAL_NOT_FROZEN	ENST00000503972	4
PROVISIONAL_NOT_FROZEN	ENST00000508921	1
PROVISIONAL_NOT_FROZEN	ENST00000461070	2
PROVISIONAL_NOT_FROZEN	ENST00000473743	4
PROVISIONAL_NOT_FROZEN	ENST00000394540	3
PROVISIONAL_NOT_FROZEN	ENST00000532180	2
PROVISIONAL_NOT_FROZEN	ENST00000393915	4
PROVISIONAL_NOT_FROZEN	ENST00000466447	3
PROVISIONAL_NOT_FROZEN	ENST00000506438	0
PROVISIONAL_NOT_FROZEN	ENST00000618980	2
PROVISIONAL_NOT_FROZEN	ENST00000155926	4
PROVISIONAL_NOT_FROZEN	ENST00000475248	4
PROVISIONAL_NOT_FROZEN	ENST00000463330	1
PROVISIONAL_NOT_FROZEN	ENST00000389629	2
PROVISIONAL_NOT_FROZEN	ENST00000260443	2
PROVISIONAL_NOT_FROZEN	ENST00000465936	3
PROVISIONAL_NOT_FROZEN	ENST00000561078	2
PROVISIONAL_NOT_FROZEN	ENST00000616865	0
PROVISIONAL_NOT_FROZEN	ENST00000528648	3
PROVISIONAL_NOT_FROZEN	ENST00000460192	2
PROVISIONAL_NOT_FROZEN	ENST00000600557	3
PROVISIONAL_NOT_FROZEN	ENST00000456555	3
PROVISIONAL_NOT_FROZEN	ENST00000581913	4
PROVISIONAL_NOT_FROZEN	ENST00000612655	0
PROVISIONAL_NOT_FROZEN	ENST00000550952	4
PROVISIONAL_NOT_FROZEN	ENST00000484566	3
PROVISIONAL_NOT_FROZEN	ENST00000519934	2
PROVISIONAL_NOT_FROZEN	ENST00000443631	2
PROVISIONAL_NOT_FROZEN	ENST00000373044	1
PROVISIONAL_NOT_FROZEN	ENST00000486054	1
PROVISIONAL_NOT_FROZEN	ENST00000490335	0
PROVISIONAL_NOT_FROZEN	ENST00000491220	2
PROVISIONAL_NOT_FROZEN	ENST00000310418	1
PROVISIONAL_NOT_FROZEN	ENST00000373832	2
PROVISIONAL_NOT_FROZEN	ENST00000438210	3
PROVISIONAL_NOT_FROZEN	ENST00000525303	1
PROVISIONAL_NOT_FROZEN	ENST00000429775	0
PROVISIONAL_NOT_FROZEN	ENST00000504230	4
PROVISIONAL_NOT_FROZEN	ENST00000549525	2
PROVISIONAL_NOT_FROZEN	ENST00000494736	3
PROVISIONAL_NOT_FROZEN	ENST00000390930	0
PROVISIONAL_NOT_FROZEN	ENST00000460616	0
PROVISIONAL_NOT_FROZEN	ENST00000445667	4
PROVISIONAL_NOT_FROZEN	ENST00000549334	2
PROVISIONAL_NOT_FROZEN	ENST00000423516	2
PROVISIONAL_NOT_FROZEN	ENST00000400198	2
PROVISIONAL_NOT_FROZEN	ENST00000485064	4
PROVISIONAL_NOT_FROZEN	ENST00000446936	1
PROVISIONAL_NOT_FROZEN	ENST00000438827	3
PROVISIONAL_NOT_FROZEN	ENST00000564220	0
PROVISIONAL_NOT_FROZEN	ENST00000583400	4
PROVISIONAL_NOT_FROZEN	ENST00000354702	3
PROVISIONAL_NOT_FROZEN	ENST00000253039	3
PROVISIONAL_NOT_FROZEN	ENST00000353555	0
PROVISIONAL_NOT_FROZEN	ENST00000550617	3
PROVISIONAL_NOT_FROZEN	ENST00000360003	1
PROVISIONAL_NOT_FROZEN	ENST00000466229	3
PROVISIONAL_NOT_FROZEN	ENST00000398165	1
PROVISIONAL_NOT_FROZEN	ENST00000380739	2
PROVISIONAL_NOT_FROZEN	ENST00000478193	2
PROVISIONAL_NOT_FROZEN	ENST00000524447	0
PROVISIONAL_NOT_FROZEN	ENST00000536368	2
PROVISIONAL_NOT_FROZEN	ENST00000591829	4
PROVISIONAL_NOT_FROZEN	ENST00000264244	2
PROVISIONAL_NOT_FROZEN	ENST00000569826	1
PROVISIONAL_NOT_FROZEN	ENST00000507678	3
PROVISIONAL_NOT_FROZEN	ENST00000370873	2
PROVISIONAL_NOT_FROZEN	ENST00000624503	1
PROVISIONAL_NOT_FROZEN	ENST00000404787	3
PROVISIONAL_NOT_FROZEN	ENST00000626911	3
PROVISIONAL_NOT_FROZEN	ENST00000583708	0
PROVISIONAL_NOT_FROZEN	ENST00000598540	4
PROVISIONAL_NOT_FROZEN	ENST00000569005	0
PROVISIONAL_NOT_FROZEN	ENST00000269143	0
PROVISIONAL_NOT_FROZEN	ENST00000603980	2
PROVISIONAL_NOT_FROZEN	ENST00000587120	0
PROVISIONAL_NOT_FROZEN	ENST00000407800	3
PROVISIONAL_NOT_FROZEN	ENST00000590949	3
PROVISIONAL_NOT_FROZEN	ENST00000439383	2
PROVISIONAL_NOT_FROZEN	ENST00000256015	1
PROVISIONAL_NOT_FROZEN	ENST00000471387	1
PROVISIONAL_NOT_FROZEN	ENST00000264161	4
PROVISIONAL_NOT_FROZEN	ENST00000550338	3
PROVISIONAL_NOT_FROZEN	ENST00000264335	1
PROVISIONAL_NOT_FROZEN	ENST00000360382	1
PROVISIONAL_NOT_FROZEN	ENST00000424699	1
PROVISIONAL_NOT_FROZEN	ENST00000444947	3
PROVISIONAL_NOT_FROZEN	ENST00000509736	0
PROVISIONAL_NOT_FROZEN	ENST00000464750	4
PROVISIONAL_NOT_FROZEN	ENST00000618718	4
PROVISIONAL_NOT_FROZEN	ENST00000507026	2
PROVISIONAL_NOT_FROZEN	ENST00000494114	1
PROVISIONAL_NOT_FROZEN	ENST00000361384	3
PROVISIONAL_NOT_FROZEN	ENST00000217426	0
PROVISIONAL_NOT_FROZEN	ENST00000436400	0
PROVISIONAL_NOT_FROZEN	ENST00000511454	1
PROVISIONAL_NOT_FROZEN	ENST00000508901	0
PROVISIONAL_NOT_FROZEN	ENST00000495308	1
PROVISIONAL_NOT_FROZEN	ENST00000497538	0
PROVISIONAL_NOT_FROZEN	ENST00000429769	0
PROVISIONAL_NOT_FROZEN	ENST00000492380	4
PROVISIONAL_NOT_FROZEN	ENST00000421195	3
PROVISIONAL_NOT_FROZEN	ENST00000522469	1
PROVISIONAL_NOT_FROZEN	ENST00000495913	2
PROVISIONAL_NOT_FROZEN	ENST00000538155	1
PROVISIONAL_NOT_FROZEN	ENST00000528741	3
PROVISIONAL_NOT_FROZEN	ENST00000376672	4
PROVISIONAL_NOT_FROZEN	ENST00000504627	1
PROVISIONAL_NOT_FROZEN	ENST00000384413	3
PROVISIONAL_NOT_FROZEN	ENST00000550254	3
PROVISIONAL_NOT_FROZEN	ENST00000544051	1
PROVISIONAL_NOT_FROZEN	ENST00000457587	1
PROVISIONAL_NOT_FROZEN	ENST00000461097	1
PROVISIONAL_NOT_FROZEN	ENST00000292614	4
PROVISIONAL_NOT_FROZEN	ENST00000489277	1
PROVISIONAL_NOT_FROZEN	ENST00000472137	3
PROVISIONAL_NOT_FROZEN	ENST00000441577	1
PROVISIONAL_NOT_FROZEN	ENST00000391764	4
PROVISIONAL_NOT_FROZEN	ENST00000219479	4
PROVISIONAL_NOT_FROZEN	ENST00000274606	1
PROVISIONAL_NOT_FROZEN	ENST00000507755	2
PROVISIONAL_NOT_FROZEN	ENST00000463181	1
PROVISIONAL_NOT_FROZEN	ENST00000619580	1
PROVISIONAL_NOT_FROZEN	ENST00000442656	4
PROVISIONAL_NOT_FROZEN	ENST00000578812	0
PROVISIONAL_NOT_FROZEN	ENST00000329342	0
PROVISIONAL_NOT_FROZEN	ENST00000586619	1
PROVISIONAL_NOT_FROZEN	ENST00000548480	4
PROVISIONAL_NOT_FROZEN	ENST00000430133	1
PROVISIONAL_NOT_FROZEN	ENST00000505221	3
PROVISIONAL_NOT_FROZEN	ENST00000456041	4
PROVISIONAL_NOT_FROZEN	ENST00000535926	3
PROVISIONAL_NOT_FROZEN	ENST00000476820	3
PROVISIONAL_NOT_FROZEN	ENST00000494615	4
PROVISIONAL_NOT_FROZEN	ENST00000535297	4
PROVISIONAL_NOT_FROZEN	ENST00000468487	4
PROVISIONAL_NOT_FROZEN	ENST00000377223	0
PROVISIONAL_NOT_FROZEN	ENST00000590354	1
PROVISIONAL_NOT_FROZEN	ENST00000343677	4
PROVISIONAL_NOT_FROZEN	ENST00000367286	1
PROVISIONAL_NOT_FROZEN	ENST00000507723	1
PROVISIONAL_NOT_FROZEN	ENST00000493072	3
PROVISIONAL_NOT_FROZEN	ENST00000412438	3
PROVISIONAL_NOT_FROZEN	ENST00000478835	0
PROVISIONAL_NOT_FROZEN	ENST00000413691	0
PROVISIONAL_NOT_FROZEN	ENST00000492091	1
PROVISIONAL_NOT_FROZEN	ENST00000391389	0
PROVISIONAL_NOT_FROZEN	ENST00000420415	3
PROVISIONAL_NOT_FROZEN	ENST00000509198	2
PROVISIONAL_NOT_FROZEN	ENST00000529477	4
PROVISIONAL_NOT_FROZEN	ENST00000588562	4
PROVISIONAL_NOT_FROZEN	ENST00000448139	4
PROVISIONAL_NOT_FROZEN	ENST00000498064	0
PROVISIONAL_NOT_FROZEN	ENST00000468074	3
PROVISIONAL_NOT_FROZEN	ENST00000615535	4
PROVISIONAL_NOT_FROZEN	ENST00000263212	2
PROVISIONAL_NOT_FROZEN	ENST00000550513	3
PROVISIONAL_NOT_FROZEN	ENST00000478914	0
PROVISIONAL_NOT_FROZEN	ENST00000496588	4
PROVISIONAL_NOT_FROZEN	ENST00000454310	1
PROVISIONAL_NOT_FROZEN	ENST00000504247	0
PROVISIONAL_NOT_FROZEN	ENST00000526993	0
PROVISIONAL_NOT_FROZEN	ENST00000424880	0
PROVISIONAL_NOT_FROZEN	ENST00000442366	2
PROVISIONAL_NOT_FROZEN	ENST00000442139	3
PROVISIONAL_NOT_FROZEN	ENST00000461690	2
PROVISIONAL_NOT_FROZEN	ENST00000573994	1
PROVISIONAL_NOT_FROZEN	ENST00000538613	2
PROVISIONAL_NOT_FROZEN	ENST00000293842	0
PROVISIONAL_NOT_FROZEN	ENST00000431071	0
PROVISIONAL_NOT_FROZEN	ENST00000614705	0
PROVISIONAL_NOT_FROZEN	ENST00000490999	3
PROVISIONAL_NOT_FROZEN	ENST00000526132	2
PROVISIONAL_NOT_FROZEN	ENST00000493706	3
PROVISIONAL_NOT_FROZEN	ENST00000491555	3
PROVISIONAL_NOT_FROZEN	ENST00000409340	0
PROVISIONAL_NOT_FROZEN	ENST00000397817	3
PROVISIONAL_NOT_FROZEN	ENST00000297290	1
PROVISIONAL_NOT_FROZEN	ENST00000461539	2
PROVISIONAL_NOT_FROZEN	ENST00000271850	4
PROVISIONAL_NOT_FROZEN	ENST00000360982	4
PROVISIONAL_NOT_FROZEN	ENST00000518139	2
PROVISIONAL_NOT_FROZEN	ENST00000363217	2
PROVISIONAL_NOT_FROZEN	ENST00000339995	2
PROVISIONAL_NOT_FROZEN	ENST00000449384	0
PROVISIONAL_NOT_FROZEN	ENST00000521158	0
PROVISIONAL_NOT_FROZEN	ENST00000557614	2
PROVISIONAL_NOT_FROZEN	ENST00000547368	2
PROVISIONAL_NOT_FROZEN	ENST00000598607	2
PROVISIONAL_NOT_FROZEN	ENST00000469673	3
PROVISIONAL_NOT_FROZEN	ENST00000221130	4
PROVISIONAL_NOT_FROZEN	ENST00000548563	4
PROVISIONAL_NOT_FROZEN	ENST00000278618	3
PROVISIONAL_NOT_FROZEN	ENST00000600659	4
PROVISIONAL_NOT_FROZEN	ENST00000548084	4
PROVISIONAL_NOT_FROZEN	ENST00000234111	3
PROVISIONAL_NOT_FROZEN	ENST00000549176	3
PROVISIONAL_NOT_FROZEN	ENST00000567380	3
PROVISIONAL_NOT_FROZEN	ENST00000464496	2
PROVISIONAL_NOT_FROZEN	ENST00000374677	2
PROVISIONAL_NOT_FROZEN	ENST00000546463	0
PROVISIONAL_NOT_FROZEN	ENST00000361367	1
PROVISIONAL_NOT_FROZEN	ENST00000537296	4
PROVISIONAL_NOT_FROZEN	ENST00000388752	3
PROVISIONAL_NOT_FROZEN	ENST00000572048	2
PROVISIONAL_NOT_FROZEN	ENST00000470472	3
PROVISIONAL_NOT_FROZEN	ENST00000454858	3
PROVISIONAL_NOT_FROZEN	ENST00000450070	4
PROVISIONAL_NOT_FROZEN	ENST00000393381	0
PROVISIONAL_NOT_FROZEN	ENST00000426808	4
PROVISIONAL_NOT_FROZEN	ENST00000479563	2
PROVISIONAL_NOT_FROZEN	ENST00000479093	4
PROVISIONAL_NOT_FROZEN	ENST00000551883	2
PROVISIONAL_NOT_FROZEN	ENST00000553007	2
PROVISIONAL_NOT_FROZEN	ENST00000409678	1
PROVISIONAL_NOT_FROZEN	ENST00000280800	0
PROVISIONAL_NOT_FROZEN	ENST00000423777	3
PROVISIONAL_NOT_FROZEN	ENST00000561644	1
PROVISIONAL_NOT_FROZEN	ENST00000530214	1
PROVISIONAL_NOT_FROZEN	ENST00000539797	3
PROVISIONAL_NOT_FROZEN	ENST00000528182	1
PROVISIONAL_NOT_FROZEN	ENST00000467306	0
PROVISIONAL_NOT_FROZEN	ENST00000525463	2
PROVISIONAL_NOT_FROZEN	ENST00000478103	4
PROVISIONAL_NOT_FROZEN	ENST00000552013	1
PROVISIONAL_NOT_FROZEN	ENST00000616122	4
PROVISIONAL_NOT_FROZEN	ENST00000442240	0
PROVISIONAL_NOT_FROZEN	ENST00000257899	0
PROVISIONAL_NOT_FROZEN	ENST00000534770	0
PROVISIONAL_NOT_FROZEN	ENST00000591499	0
PROVISIONAL_NOT_FROZEN	ENST00000549392	1
PROVISIONAL_NOT_FROZEN	ENST00000558813	4
PROVISIONAL_NOT_FROZEN	ENST00000367534	1
PROVISIONAL_NOT_FROZEN	ENST00000369085	0
PROVISIONAL_NOT_FROZEN	ENST00000336083	1
PROVISIONAL_NOT_FROZEN	ENST00000607242	4
PROVISIONAL_NOT_FROZEN	ENST00000495383	4
PROVISIONAL_NOT_FROZEN	ENST00000502534	1
PROVISIONAL_NOT_FROZEN	ENST00000466047	1
PROVISIONAL_NOT_FROZEN	ENST00000252818	2
PROVISIONAL_NOT_FROZEN	ENST00000515768	0
PROVISIONAL_NOT_FROZEN	ENST00000455217	0
PROVISIONAL_NOT_FROZEN	ENST00000574371	4
PROVISIONAL_NOT_FROZEN	ENST00000579878	3
PROVISIONAL_NOT_FROZEN	ENST00000473649	4
PROVISIONAL_NOT_FROZEN	ENST00000377943	0
PROVISIONAL_NOT_FROZEN	ENST00000597026	4
PROVISIONAL_NOT_FROZEN	ENST00000552150	3
PROVISIONAL_NOT_FROZEN	ENST00000454293	1
PROVISIONAL_NOT_FROZEN	ENST00000377524	3
PROVISIONAL_NOT_FROZEN	ENST00000535723	1
PROVISIONAL_NOT_FROZEN	ENST00000371964	0
PROVISIONAL_NOT_FROZEN	ENST00000551172	1
PROVISIONAL_NOT_FROZEN	ENST00000393531	1
PROVISIONAL_NOT_FROZEN	ENST00000309311	3
PROVISIONAL_NOT_FROZEN	ENST00000367128	4
PROVISIONAL_NOT_FROZEN	ENST00000597057	0
PROVISIONAL_NOT_FROZEN	ENST00000453466	3
PROVISIONAL_NOT_FROZEN	ENST00000577738	0
PROVISIONAL_NOT_FROZEN	ENST00000510058	4
PROVISIONAL_NOT_FROZEN	ENST00000484646	2
PROVISIONAL_NOT_FROZEN	ENST00000396467	4
PROVISIONAL_NOT_FROZEN	ENST00000341298	3
PROVISIONAL_NOT_FROZEN	ENST00000222266	0
PROVISIONAL_NOT_FROZEN	ENST00000496121	1
PROVISIONAL_NOT_FROZEN	ENST00000433496	1
PROVISIONAL_NOT_FROZEN	ENST00000640748	3
PROVISIONAL_NOT_FROZEN	ENST00000231238	2
PROVISIONAL_NOT_FROZEN	ENST00000582326	2
PROVISIONAL_NOT_FROZEN	ENST00000232424	4
PROVISIONAL_NOT_FROZEN	ENST00000436452	2
PROVISIONAL_NOT_FROZEN	ENST00000261443	4
PROVISIONAL_NOT_FROZEN	ENST00000394601	4
PROVISIONAL_NOT_FROZEN	ENST00000518466	0
PROVISIONAL_NOT_FROZEN	ENST00000309971	2
PROVISIONAL_NOT_FROZEN	ENST00000432641	1
PROVISIONAL_NOT_FROZEN	ENST00000402092	2
PROVISIONAL_NOT_FROZEN	ENST00000444870	2
PROVISIONAL_NOT_FROZEN	ENST00000561277	4
PROVISIONAL_NOT_FROZEN	ENST00000591890	4
PROVISIONAL_NOT_FROZEN	ENST00000470404	4
PROVISIONAL_NOT_FROZEN	ENST00000272274	2
PROVISIONAL_NOT_FROZEN	ENST00000560737	3
PROVISIONAL_NOT_FROZEN	ENST00000348495	0
PROVISIONAL_NOT_FROZEN	ENST00000411763	4
PROVISIONAL_NOT_FROZEN	ENST00000437761	0
PROVISIONAL_NOT_FROZEN	ENST00000378549	1
PROVISIONAL_NOT_FROZEN	ENST00000547281	2
PROVISIONAL_NOT_FROZEN	ENST00000526522	2
PROVISIONAL_NOT_FROZEN	ENST00000356657	1
PROVISIONAL_NOT_FROZEN	ENST00000314761	2
PROVISIONAL_NOT_FROZEN	ENST00000520271	1
PROVISIONAL_NOT_FROZEN	ENST00000256443	1
PROVISIONAL_NOT_FROZEN	ENST00000506553	4
PROVISIONAL_NOT_FROZEN	ENST00000576917	2
PROVISIONAL_NOT_FROZEN	ENST00000522944	4
PROVISIONAL_NOT_FROZEN	ENST00000495807	3
PROVISIONAL_NOT_FROZEN	ENST00000477563	2
PROVISIONAL_NOT_FROZEN	ENST00000513060	1
PROVISIONAL_NOT_FROZEN	ENST00000263239	1
PROVISIONAL_NOT_FROZEN	ENST00000307839	1
PROVISIONAL_NOT_FROZEN	ENST00000476957	2
PROVISIONAL_NOT_FROZEN	ENST00000421763	2
PROVISIONAL_NOT_FROZEN	ENST00000569696	3
PROVISIONAL_NOT_FROZEN	ENST00000594745	2
PROVISIONAL_NOT_FROZEN	ENST00000012443	2
PROVISIONAL_NOT_FROZEN	ENST00000517301	4
PROVISIONAL_NOT_FROZEN	ENST00000480497	2
PROVISIONAL_NOT_FROZEN	ENST00000545297	2
PROVISIONAL_NOT_FROZEN	ENST00000530119	0
PROVISIONAL_NOT_FROZEN	ENST00000522971	0
PROVISIONAL_NOT_FROZEN	ENST00000579768	4
PROVISIONAL_NOT_FROZEN	ENST00000578001	0
PROVISIONAL_NOT_FROZEN	ENST00000405405	2
PROVISIONAL_NOT_FROZEN	ENST00000466848	4
PROVISIONAL_NOT_FROZEN	ENST00000238081	4
PROVISIONAL_NOT_FROZEN	ENST00000513465	2
PROVISIONAL_NOT_FROZEN	ENST00000378726	2
PROVISIONAL_NOT_FROZEN	ENST00000525054	4
PROVISIONAL_NOT_FROZEN	ENST00000318364	0
PROVISIONAL_NOT_FROZEN	ENST00000368516	3
PROVISIONAL_NOT_FROZEN	ENST00000620030	2
PROVISIONAL_NOT_FROZEN	ENST00000565361	0
PROVISIONAL_NOT_FROZEN	ENST00000398873	1
PROVISIONAL_NOT_FROZEN	ENST00000610520	0
PROVISIONAL_NOT_FROZEN	ENST00000229270	0
PROVISIONAL_NOT_FROZEN	ENST00000587708	0
PROVISIONAL_NOT_FROZEN	ENST00000381342	2
PROVISIONAL_NOT_FROZEN	ENST00000497056	1
PROVISIONAL_NOT_FROZEN	ENST00000509409	4
PROVISIONAL_NOT_FROZEN	ENST00000598299	3
PROVISIONAL_NOT_FROZEN	ENST00000361189	2
PROVISIONAL_NOT_FROZEN	ENST00000474883	4
PROVISIONAL_NOT_FROZEN	ENST00000415352	3
PROVISIONAL_NOT_FROZEN	ENST00000468511	2
PROVISIONAL_NOT_FROZEN	ENST00000586853	2
PROVISIONAL_NOT_FROZEN	ENST00000562420	3
PROVISIONAL_NOT_FROZEN	ENST00000252440	0
PROVISIONAL_NOT_FROZEN	ENST00000520637	1
PROVISIONAL_NOT_FROZEN	ENST00000409733	2
PROVISIONAL_NOT_FROZEN	ENST00000513369	1
PROVISIONAL_NOT_FROZEN	ENST00000588426	0
PROVISIONAL_NOT_FROZEN	ENST00000566130	0
PROVISIONAL_NOT_FROZEN	ENST00000498367	0
PROVISIONAL_NOT_FROZEN	ENST00000509246	2
PROVISIONAL_NOT_FROZEN	ENST00000567272	0
PROVISIONAL_NOT_FROZEN	ENST00000216463	4
PROVISIONAL_NOT_FROZEN	ENST00000580063	0
PROVISIONAL_NOT_FROZEN	ENST00000370990	4
PROVISIONAL_NOT_FROZEN	ENST00000588850	4
PROVISIONAL_NOT_FROZEN	ENST00000491103	4
PROVISIONAL_NOT_FROZEN	ENST00000296255	2
PROVISIONAL_NOT_FROZEN	ENST00000511321	0
PROVISIONAL_NOT_FROZEN	ENST00000276590	1
PROVISIONAL_NOT_FROZEN	ENST00000216129	0
PROVISIONAL_NOT_FROZEN	ENST00000551421	1
PROVISIONAL_NOT_FROZEN	ENST00000472941	3
PROVISIONAL_NOT_FROZEN	ENST00000529612	3
PROVISIONAL_NOT_FROZEN	ENST00000452906	4
PROVISIONAL_NOT_FROZEN	ENST00000435014	4
PROVISIONAL_NOT_FROZEN	ENST00000559463	3
PROVISIONAL_NOT_FROZEN	ENST00000540494	2
PROVISIONAL_NOT_FROZEN	ENST00000477455	0
PROVISIONAL_NOT_FROZEN	ENST00000471859	0
PROVISIONAL_NOT_FROZEN	ENST00000489403	4
PROVISIONAL_NOT_FROZEN	ENST00000426229	1
PROVISIONAL_NOT_FROZEN	ENST00000506273	2
PROVISIONAL_NOT_FROZEN	ENST00000554467	4
PROVISIONAL_NOT_FROZEN	ENST00000372715	3
PROVISIONAL_NOT_FROZEN	ENST00000374593	4
PROVISIONAL_NOT_FROZEN	ENST00000538771	3
PROVISIONAL_NOT_FROZEN	ENST00000512041	2
PROVISIONAL_NOT_FROZEN	ENST00000505521	1
PROVISIONAL_NOT_FROZEN	ENST00000506627	1
PROVISIONAL_NOT_FROZEN	ENST00000555309	3
PROVISIONAL_NOT_FROZEN	ENST00000359707	2
PROVISIONAL_NOT_FROZEN	ENST00000602755	1
PROVISIONAL_NOT_FROZEN	ENST00000368636	2
PROVISIONAL_NOT_FROZEN	ENST00000639924	3
PROVISIONAL_NOT_FROZEN	ENST00000491937	0
PROVISIONAL_NOT_FROZEN	ENST00000466814	3
PROVISIONAL_NOT_FROZEN	ENST00000442039	3
PROVISIONAL_NOT_FROZEN	ENST00000466951	3
PROVISIONAL_NOT_FROZEN	ENST00000328649	2
PROVISIONAL_NOT_FROZEN	ENST00000600932	4
PROVISIONAL_NOT_FROZEN	ENST00000392750	1
PROVISIONAL_NOT_FROZEN	ENST00000578324	0
PROVISIONAL_NOT_FROZEN	ENST00000430723	3
PROVISIONAL_NOT_FROZEN	ENST00000415372	2
PROVISIONAL_NOT_FROZEN	ENST00000471759	0
PROVISIONAL_NOT_FROZEN	ENST00000540871	4
PROVISIONAL_NOT_FROZEN	ENST00000557778	3
PROVISIONAL_NOT_FROZEN	ENST00000566672	1
PROVISIONAL_NOT_FROZEN	ENST00000401447	2
PROVISIONAL_NOT_FROZEN	ENST00000443638	2
PROVISIONAL_NOT_FROZEN	ENST00000457480	2
PROVISIONAL_NOT_FROZEN	ENST00000467115	3
PROVISIONAL_NOT_FROZEN	ENST00000440227	2
PROVISIONAL_NOT_FROZEN	ENST00000522572	0
PROVISIONAL_NOT_FROZEN	ENST00000480182	2
PROVISIONAL_NOT_FROZEN	ENST00000433341	3
PROVISIONAL_NOT_FROZEN	ENST00000532120	2
PROVISIONAL_NOT_FROZEN	ENST00000442686	4
PROVISIONAL_NOT_FROZEN	ENST00000437685	4
PROVISIONAL_NOT_FROZEN	ENST00000467289	0
PROVISIONAL_NOT_FROZEN	ENST00000616685	3
PROVISIONAL_NOT_FROZEN	ENST00000452200	1
PROVISIONAL_NOT_FROZEN	ENST00000463851	3
PROVISIONAL_NOT_FROZEN	ENST00000315212	0
PROVISIONAL_NOT_FROZEN	ENST00000378952	4
PROVISIONAL_NOT_FROZEN	ENST00000585479	2
PROVISIONAL_NOT_FROZEN	ENST00000407067	3
PROVISIONAL_NOT_FROZEN	ENST00000549533	2
PROVISIONAL_NOT_FROZEN	ENST00000476918	4
PROVISIONAL_NOT_FROZEN	ENST00000372457	4
PROVISIONAL_NOT_FROZEN	ENST00000491816	1
PROVISIONAL_NOT_FROZEN	ENST00000472052	0
PROVISIONAL_NOT_FROZEN	ENST00000506088	0
PROVISIONAL_NOT_FROZEN	ENST00000409144	0
PROVISIONAL_NOT_FROZEN	ENST00000507090	0
PROVISIONAL_NOT_FROZEN	ENST00000431635	1
PROVISIONAL_NOT_FROZEN	ENST00000586839	4
PROVISIONAL_NOT_FROZEN	ENST00000582571	1
PROVISIONAL_NOT_FROZEN	ENST00000571804	0
PROVISIONAL_NOT_FROZEN	ENST00000582193	4
PROVISIONAL_NOT_FROZEN	ENST00000371994	3
PROVISIONAL_NOT_FROZEN	ENST00000434808	2
PROVISIONAL_NOT_FROZEN	ENST00000399102	0
PROVISIONAL_NOT_FROZEN	ENST00000598399	0
PROVISIONAL_NOT_FROZEN	ENST00000445293	0
PROVISIONAL_NOT_FROZEN	ENST00000496813	3
PROVISIONAL_NOT_FROZEN	ENST00000565736	3
PROVISIONAL_NOT_FROZEN	ENST00000266679	1
PROVISIONAL_NOT_FROZEN	ENST00000469225	2
PROVISIONAL_NOT_FROZEN	ENST00000393868	0
PROVISIONAL_NOT_FROZEN	ENST00000609421	0
PROVISIONAL_NOT_FROZEN	ENST00000547013	0
PROVISIONAL_NOT_FROZEN	ENST00000418776	0
PROVISIONAL_NOT_FROZEN	ENST00000429309	2
PROVISIONAL_NOT_FROZEN	ENST00000395124	2
PROVISIONAL_NOT_FROZEN	ENST00000336458	1
PROVISIONAL_NOT_FROZEN	ENST00000535140	4
PROVISIONAL_NOT_FROZEN	ENST00000472768	3
PROVISIONAL_NOT_FROZEN	ENST00000393038	1
PROVISIONAL_NOT_FROZEN	ENST00000551775	4
PROVISIONAL_NOT_FROZEN	ENST00000425542	2
PROVISIONAL_NOT_FROZEN	ENST00000594523	4
PROVISIONAL_NOT_FROZEN	ENST00000437248	2
PROVISIONAL_NOT_FROZEN	ENST00000487214	3
PROVISIONAL_NOT_FROZEN	ENST00000533495	2
PROVISIONAL_NOT_FROZEN	ENST00000379663	1
PROVISIONAL_NOT_FROZEN	ENST00000262584	2
PROVISIONAL_NOT_FROZEN	ENST00000264221	3
PROVISIONAL_NOT_FROZEN	ENST00000250241	2
PROVISIONAL_NOT_FROZEN	ENST00000396957	0
PROVISIONAL_NOT_FROZEN	ENST00000427762	3
PROVISIONAL_NOT_FROZEN	ENST00000620277	0
PROVISIONAL_NOT_FROZEN	ENST00000488045	0
PROVISIONAL_NOT_FROZEN	ENST00000596304	4
PROVISIONAL_NOT_FROZEN	ENST00000419500	0
PROVISIONAL_NOT_FROZEN	ENST00000557906	3
PROVISIONAL_NOT_FROZEN	ENST00000266560	1
PROVISIONAL_NOT_FROZEN	ENST00000277900	1
PROVISIONAL_NOT_FROZEN	ENST00000443010	0
PROVISIONAL_NOT_FROZEN	ENST00000507518	0
PROVISIONAL_NOT_FROZEN	ENST00000611155	2
PROVISIONAL_NOT_FROZEN	ENST00000425207	3
PROVISIONAL_NOT_FROZEN	ENST00000561006	4
PROVISIONAL_NOT_FROZEN	ENST00000565854	2
PROVISIONAL_NOT_FROZEN	ENST00000445626	0
PROVISIONAL_NOT_FROZEN	ENST00000630925	2
PROVISIONAL_NOT_FROZEN	ENST00000427666	2
PROVISIONAL_NOT_FROZEN	ENST00000473109	4
PROVISIONAL_NOT_FROZEN	ENST00000620389	4
PROVISIONAL_NOT_FROZEN	ENST00000511102	2
PROVISIONAL_NOT_FROZEN	ENST00000431490	0
PROVISIONAL_NOT_FROZEN	ENST00000361427	0
PROVISIONAL_NOT_FROZEN	ENST00000598707	4
PROVISIONAL_NOT_FROZEN	ENST00000520452	0
PROVISIONAL_NOT_FROZEN	ENST00000466896	2
PROVISIONAL_NOT_FROZEN	ENST00000493855	3
PROVISIONAL_NOT_FROZEN	ENST00000586003	4
PROVISIONAL_NOT_FROZEN	ENST00000403880	0
PROVISIONAL_NOT_FROZEN	ENST00000546312	1
PROVISIONAL_NOT_FROZEN	ENST00000235835	2
PROVISIONAL_NOT_FROZEN	ENST00000489477	4
PROVISIONAL_NOT_FROZEN	ENST00000480536	2
PROVISIONAL_NOT_FROZEN	ENST00000306368	0
PROVISIONAL_NOT_FROZEN	ENST00000481876	3
PROVISIONAL_NOT_FROZEN	ENST00000584895	0
PROVISIONAL_NOT_FROZEN	ENST00000229769	1
PROVISIONAL_NOT_FROZEN	ENST00000495083	0
PROVISIONAL_NOT_FROZEN	ENST00000550934	1
PROVISIONAL_NOT_FROZEN	ENST00000512975	1
PROVISIONAL_NOT_FROZEN	ENST00000491635	1
PROVISIONAL_NOT_FROZEN	ENST00000265471	0
PROVISIONAL_NOT_FROZEN	ENST00000478578	1
PROVISIONAL_NOT_FROZEN	ENST00000541945	3
PROVISIONAL_NOT_FROZEN	ENST00000514633	0
PROVISIONAL_NOT_FROZEN	ENST00000533632	1
PROVISIONAL_NOT_FROZEN	ENST00000603393	1
PROVISIONAL_NOT_FROZEN	ENST00000546580	1
PROVISIONAL_NOT_FROZEN	ENST00000525087	1
PROVISIONAL_NOT_FROZEN	ENST00000600233	1
PROVISIONAL_NOT_FROZEN	ENST00000309244	0
PROVISIONAL_NOT_FROZEN	ENST00000492830	1
PROVISIONAL_NOT_FROZEN	ENST00000402458	4
PROVISIONAL_NOT_FROZEN	ENST00000568339	0
PROVISIONAL_NOT_FROZEN	ENST00000478866	2
PROVISIONAL_NOT_FROZEN	ENST00000568578	0
PROVISIONAL_NOT_FROZEN	ENST00000481064	0
PROVISIONAL_NOT_FROZEN	ENST00000279146	3
PROVISIONAL_NOT_FROZEN	ENST00000434005	0
PROVISIONAL_NOT_FROZEN	ENST00000475056	2
PROVISIONAL_NOT_FROZEN	ENST00000528575	1
PROVISIONAL_NOT_FROZEN	ENST00000400903	0
PROVISIONAL_NOT_FROZEN	ENST00000456292	2
PROVISIONAL_NOT_FROZEN	ENST00000521529	4
PROVISIONAL_NOT_FROZEN	ENST00000363618	2
PROVISIONAL_NOT_FROZEN	ENST00000598408	1
PROVISIONAL_NOT_FROZEN	ENST00000471393	0
PROVISIONAL_NOT_FROZEN	ENST00000456318	2
PROVISIONAL_NOT_FROZEN	ENST00000553524	2
PROVISIONAL_NOT_FROZEN	ENST00000493462	4
PROVISIONAL_NOT_FROZEN	ENST00000297338	1
PROVISIONAL_NOT_FROZEN	ENST00000495652	3
PROVISIONAL_NOT_FROZEN	ENST00000306024	2
PROVISIONAL_NOT_FROZEN	ENST00000581544	0
PROVISIONAL_NOT_FROZEN	ENST00000552283	2
PROVISIONAL_NOT_FROZEN	ENST00000560681	0
PROVISIONAL_NOT_FROZEN	ENST00000372967	4
PROVISIONAL_NOT_FROZEN	ENST00000400245	4
PROVISIONAL_NOT_FROZEN	ENST00000591409	4
PROVISIONAL_NOT_FROZEN	ENST00000444811	1
PROVISIONAL_NOT_FROZEN	ENST00000596811	3
PROVISIONAL_NOT_FROZEN	ENST00000569359	1
PROVISIONAL_NOT_FROZEN	ENST00000485273	0
PROVISIONAL_NOT_FROZEN	ENST00000487533	0
PROVISIONAL_NOT_FROZEN	ENST00000504115	0
PROVISIONAL_NOT_FROZEN	ENST00000589183	1
PROVISIONAL_NOT_FROZEN	ENST00000225174	1
PROVISIONAL_NOT_FROZEN	ENST00000397011	3
PROVISIONAL_NOT_FROZEN	ENST00000485431	2
PROVISIONAL_NOT_FROZEN	ENST00000589468	3
PROVISIONAL_NOT_FROZEN	ENST00000557397	4
PROVISIONAL_NOT_FROZEN	ENST00000409921	2
PROVISIONAL_NOT_FROZEN	ENST00000492908	0
PROVISIONAL_NOT_FROZEN	ENST00000340513	0
PROVISIONAL_NOT_FROZEN	ENST00000371584	1
PROVISIONAL_NOT_FROZEN	ENST00000442760	0
PROVISIONAL_NOT_FROZEN	ENST00000532455	0
PROVISIONAL_NOT_FROZEN	ENST00000462639	3
PROVISIONAL_NOT_FROZEN	ENST00000253024	3
PROVISIONAL_NOT_FROZEN	ENST00000464654	2
PROVISIONAL_NOT_FROZEN	ENST00000496706	1
PROVISIONAL_NOT_FROZEN	ENST00000550171	1
PROVISIONAL_NOT_FROZEN	ENST00000503633	4
PROVISIONAL_NOT_FROZEN	ENST00000498681	1
PROVISIONAL_NOT_FROZEN	ENST00000378372	2
PROVISIONAL_NOT_FROZEN	ENST00000476147	4
PROVISIONAL_NOT_FROZEN	ENST00000354667	1
PROVISIONAL_NOT_FROZEN	ENST00000361227	3
PROVISIONAL_NOT_FROZEN	ENST00000577407	2
PROVISIONAL_NOT_FROZEN	ENST00000589265	1
PROVISIONAL_NOT_FROZEN	ENST00000511865	0
PROVISIONAL_NOT_FROZEN	ENST00000337003	1
PROVISIONAL_NOT_FROZEN	ENST00000538128	2
PROVISIONAL_NOT_FROZEN	ENST00000483517	4
PROVISIONAL_NOT_FROZEN	ENST00000460085	3
PROVISIONAL_NOT_FROZEN	ENST00000459299	0
PROVISIONAL_NOT_FROZEN	ENST00000521265	4
PROVISIONAL_NOT_FROZEN	ENST00000601807	1
PROVISIONAL_NOT_FROZEN	ENST00000335515	1
PROVISIONAL_NOT_FROZEN	ENST00000526054	2
PROVISIONAL_NOT_FROZEN	ENST00000622850	2
PROVISIONAL_NOT_FROZEN	ENST00000547897	2
PROVISIONAL_NOT_FROZEN	ENST00000442415	0
PROVISIONAL_NOT_FROZEN	ENST00000577207	0
PROVISIONAL_NOT_FROZEN	ENST00000396521	4
PROVISIONAL_NOT_FROZEN	ENST00000226253	4
PROVISIONAL_NOT_FROZEN	ENST00000477936	3
PROVISIONAL_NOT_FROZEN	ENST00000261593	0
PROVISIONAL_NOT_FROZEN	ENST00000294258	2
PROVISIONAL_NOT_FROZEN	ENST00000585474	0
PROVISIONAL_NOT_FROZEN	ENST00000415278	4
PROVISIONAL_NOT_FROZEN	ENST00000545869	4
PROVISIONAL_NOT_FROZEN	ENST00000482635	1
PROVISIONAL_NOT_FROZEN	ENST00000513846	1
PROVISIONAL_NOT_FROZEN	ENST00000374293	3
PROVISIONAL_NOT_FROZEN	ENST00000405219	2
PROVISIONAL_NOT_FROZEN	ENST00000373841	0
PROVISIONAL_NOT_FROZEN	ENST00000543307	1
PROVISIONAL_NOT_FROZEN	ENST00000579155	0
PROVISIONAL_NOT_FROZEN	ENST00000555295	1
PROVISIONAL_NOT_FROZEN	ENST00000425843	2
PROVISIONAL_NOT_FROZEN	ENST00000480461	1
PROVISIONAL_NOT_FROZEN	ENST00000552370	0
PROVISIONAL_NOT_FROZEN	ENST00000367498	1
PROVISIONAL_NOT_FROZEN	ENST00000463610	4
PROVISIONAL_NOT_FROZEN	ENST00000489315	2
PROVISIONAL_NOT_FROZEN	ENST00000466384	2
PROVISIONAL_NOT_FROZEN	ENST00000521560	4
PROVISIONAL_NOT_FROZEN	ENST00000324340	2
PROVISIONAL_NOT_FROZEN	ENST00000613435	1
PROVISIONAL_NOT_FROZEN	ENST00000590103	1
PROVISIONAL_NOT_FROZEN	ENST00000366815	2
PROVISIONAL_NOT_FROZEN	ENST00000586096	4
PROVISIONAL_NOT_FROZEN	ENST00000420496	3
PROVISIONAL_NOT_FROZEN	ENST00000519121	4
PROVISIONAL_NOT_FROZEN	ENST00000227520	4
PROVISIONAL_NOT_FROZEN	ENST00000534769	0
PROVISIONAL_NOT_FROZEN	ENST00000432310	3
PROVISIONAL_NOT_FROZEN	ENST00000372183	0
PROVISIONAL_NOT_FROZEN	ENST00000497139	1
PROVISIONAL_NOT_FROZEN	ENST00000413027	1
PROVISIONAL_NOT_FROZEN	ENST00000421800	4
PROVISIONAL_NOT_FROZEN	ENST00000475947	4
PROVISIONAL_NOT_FROZEN	ENST00000375639	2
PROVISIONAL_NOT_FROZEN	ENST00000392848	3
PROVISIONAL_NOT_FROZEN	ENST00000462088	4
PROVISIONAL_NOT_FROZEN	ENST00000442157	1
PROVISIONAL_NOT_FROZEN	ENST00000415862	2
PROVISIONAL_NOT_FROZEN	ENST00000294119	0
PROVISIONAL_NOT_FROZEN	ENST00000556009	0
PROVISIONAL_NOT_FROZEN	ENST00000297564	1
PROVISIONAL_NOT_FROZEN	ENST00000489987	4
PROVISIONAL_NOT_FROZEN	ENST00000555061	4
PROVISIONAL_NOT_FROZEN	ENST00000477030	4
PROVISIONAL_NOT_FROZEN	ENST00000508595	4
PROVISIONAL_NOT_FROZEN	ENST00000586817	0
PROVISIONAL_NOT_FROZEN	ENST00000221784	0
PROVISIONAL_NOT_FROZEN	ENST00000586993	2
PROVISIONAL_NOT_FROZEN	ENST00000486037	4
PROVISIONAL_NOT_FROZEN	ENST00000286692	3
PROVISIONAL_NOT_FROZEN	ENST00000520746	0
PROVISIONAL_NOT_FROZEN	ENST00000486690	4
PROVISIONAL_NOT_FROZEN	ENST00000571237	3
PROVISIONAL_NOT_FROZEN	ENST00000566491	3
PROVISIONAL_NOT_FROZEN	ENST00000437901	3
PROVISIONAL_NOT_FROZEN	ENST00000493889	2
PROVISIONAL_NOT_FROZEN	ENST00000517569	4
PROVISIONAL_NOT_FROZEN	ENST00000530498	1
PROVISIONAL_NOT_FROZEN	ENST00000393043	3
PROVISIONAL_NOT_FROZEN	ENST00000372813	1
PROVISIONAL_NOT_FROZEN	ENST00000492419	0
PROVISIONAL_NOT_FROZEN	ENST00000416445	2
PROVISIONAL_NOT_FROZEN	ENST00000374980	1
PROVISIONAL_NOT_FROZEN	ENST00000283632	4
PROVISIONAL_NOT_FROZEN	ENST00000459687	3
PROVISIONAL_NOT_FROZEN	ENST00000619790	4
PROVISIONAL_NOT_FROZEN	ENST00000602923	3
PROVISIONAL_NOT_FROZEN	ENST00000530616	4
PROVISIONAL_NOT_FROZEN	ENST00000548571	1
PROVISIONAL_NOT_FROZEN	ENST00000472610	0
PROVISIONAL_NOT_FROZEN	ENST00000502506	1
PROVISIONAL_NOT_FROZEN	ENST00000368072	0
PROVISIONAL_NOT_FROZEN	ENST00000315965	0
PROVISIONAL_NOT_FROZEN	ENST00000357214	3
PROVISIONAL_NOT_FROZEN	ENST00000619204	0
PROVISIONAL_NOT_FROZEN	ENST00000469605	0
PROVISIONAL_NOT_FROZEN	ENST00000476924	0
PROVISIONAL_NOT_FROZEN	ENST00000459631	0
PROVISIONAL_NOT_FROZEN	ENST00000368233	0
PROVISIONAL_NOT_FROZEN	ENST00000462430	3
PROVISIONAL_NOT_FROZEN	ENST00000414273	2
PROVISIONAL_NOT_FROZEN	ENST00000309575	2
PROVISIONAL_NOT_FROZEN	ENST00000368211	3
PROVISIONAL_NOT_FROZEN	ENST00000470674	0
PROVISIONAL_NOT_FROZEN	ENST00000389266	0
PROVISIONAL_NOT_FROZEN	ENST00000400830	4
PROVISIONAL_NOT_FROZEN	ENST00000423841	1
PROVISIONAL_NOT_FROZEN	ENST00000534976	4
PROVISIONAL_NOT_FROZEN	ENST00000007516	4
PROVISIONAL_NOT_FROZEN	ENST00000391812	2
PROVISIONAL_NOT_FROZEN	ENST00000586035	0
PROVISIONAL_NOT_FROZEN	ENST00000550178	0
PROVISIONAL_NOT_FROZEN	ENST00000469176	3
PROVISIONAL_NOT_FROZEN	ENST00000222307	1
PROVISIONAL_NOT_FROZEN	ENST00000368356	1
PROVISIONAL_NOT_FROZEN	ENST00000491660	3
PROVISIONAL_NOT_FROZEN	ENST00000568883	0
PROVISIONAL_NOT_FROZEN	ENST00000495424	0
PROVISIONAL_NOT_FROZEN	ENST00000477551	3
PROVISIONAL_NOT_FROZEN	ENST00000581164	3
PROVISIONAL_NOT_FROZEN	ENST00000495010	4
PROVISIONAL_NOT_FROZEN	ENST00000531058	4
PROVISIONAL_NOT_FROZEN	ENST00000514671	1
PROVISIONAL_NOT_FROZEN	ENST00000548590	4
PROVISIONAL_NOT_FROZEN	ENST00000462794	2
PROVISIONAL_NOT_FROZEN	ENST00000374520	1
PROVISIONAL_NOT_FROZEN	ENST00000222690	4
PROVISIONAL_NOT_FROZEN	ENST00000597172	3
PROVISIONAL_NOT_FROZEN	ENST00000543703	4
PROVISIONAL_NOT_FROZEN	ENST00000367569	1
PROVISIONAL_NOT_FROZEN	ENST00000471486	4
PROVISIONAL_NOT_FROZEN	ENST00000583011	0
PROVISIONAL_NOT_FROZEN	ENST00000494399	3
PROVISIONAL_NOT_FROZEN	ENST00000537068	3
PROVISIONAL_NOT_FROZEN	ENST00000347941	0
PROVISIONAL_NOT_FROZEN	ENST00000396024	3
PROVISIONAL_NOT_FROZEN	ENST00000599839	4
PROVISIONAL_NOT_FROZEN	ENST00000602216	0
PROVISIONAL_NOT_FROZEN	ENST00000254322	2
PROVISIONAL_NOT_FROZEN	ENST00000400479	2
PROVISIONAL_NOT_FROZEN	ENST00000525628	3
PROVISIONAL_NOT_FROZEN	ENST00000550231	1
PROVISIONAL_NOT_FROZEN	ENST00000584054	0
PROVISIONAL_NOT_FROZEN	ENST00000497116	3
PROVISIONAL_NOT_FROZEN	ENST00000448741	0
PROVISIONAL_NOT_FROZEN	ENST00000339526	3
PROVISIONAL_NOT_FROZEN	ENST00000578238	1
PROVISIONAL_NOT_FROZEN	ENST00000613129	2
PROVISIONAL_NOT_FROZEN	ENST00000430869	0
PROVISIONAL_NOT_FROZEN	ENST00000533845	4
PROVISIONAL_NOT_FROZEN	ENST00000377798	2
PROVISIONAL_NOT_FROZEN	ENST00000409614	3
PROVISIONAL_NOT_FROZEN	ENST00000484625	3
PROVISIONAL_NOT_FROZEN	ENST00000583120	1
PROVISIONAL_NOT_FROZEN	ENST00000445874	2
PROVISIONAL_NOT_FROZEN	ENST00000270812	4
PROVISIONAL_NOT_FROZEN	ENST00000422029	4
PROVISIONAL_NOT_FROZEN	ENST00000435310	3
PROVISIONAL_NOT_FROZEN	ENST00000527826	2
PROVISIONAL_NOT_FROZEN	ENST00000471189	3
PROVISIONAL_NOT_FROZEN	ENST00000397717	1
PROVISIONAL_NOT_FROZEN	ENST00000434214	2
PROVISIONAL_NOT_FROZEN	ENST00000510102	4
PROVISIONAL_NOT_FROZEN	ENST00000636265	1
PROVISIONAL_NOT_FROZEN	ENST00000582746	0
PROVISIONAL_NOT_FROZEN	ENST00000634737	0
PROVISIONAL_NOT_FROZEN	ENST00000489109	2
PROVISIONAL_NOT_FROZEN	ENST00000418887	3
PROVISIONAL_NOT_FROZEN	ENST00000465677	3
PROVISIONAL_NOT_FROZEN	ENST00000457786	0
PROVISIONAL_NOT_FROZEN	ENST00000530022	0
PROVISIONAL_NOT_FROZEN	ENST00000293288	4
PROVISIONAL_NOT_FROZEN	ENST00000625153	2
PROVISIONAL_NOT_FROZEN	ENST00000527983	2
PROVISIONAL_NOT_FROZEN	ENST00000601444	0
PROVISIONAL_NOT_FROZEN	ENST00000439025	3
PROVISIONAL_NOT_FROZEN	ENST00000496450	2
PROVISIONAL_NOT_FROZEN	ENST00000487233	2
PROVISIONAL_NOT_FROZEN	ENST00000420712	2
PROVISIONAL_NOT_FROZEN	ENST00000376745	1
PROVISIONAL_NOT_FROZEN	ENST00000548142	0
PROVISIONAL_NOT_FROZEN	ENST00000329967	3
PROVISIONAL_NOT_FROZEN	ENST00000442713	2
PROVISIONAL_NOT_FROZEN	ENST00000431458	4
PROVISIONAL_NOT_FROZEN	ENST00000551116	4
PROVISIONAL_NOT_FROZEN	ENST00000346495	4
PROVISIONAL_NOT_FROZEN	ENST00000409207	3
PROVISIONAL_NOT_FROZEN	ENST00000537869	3
PROVISIONAL_NOT_FROZEN	ENST00000222284	0
PROVISIONAL_NOT_FROZEN	ENST00000453385	0
PROVISIONAL_NOT_FROZEN	ENST00000369347	4
PROVISIONAL_NOT_FROZEN	ENST00000369626	0
PROVISIONAL_NOT_FROZEN	ENST00000548160	4
PROVISIONAL_NOT_FROZEN	ENST00000481564	3
PROVISIONAL_NOT_FROZEN	ENST00000518938	2
PROVISIONAL_NOT_FROZEN	ENST00000371269	4
PROVISIONAL_NOT_FROZEN	ENST00000483407	4
PROVISIONAL_NOT_FROZEN	ENST00000429441	4
PROVISIONAL_NOT_FROZEN	ENST00000409760	4
PROVISIONAL_NOT_FROZEN	ENST00000430989	0
PROVISIONAL_NOT_FROZEN	ENST00000462138	2
PROVISIONAL_NOT_FROZEN	ENST00000394701	2
PROVISIONAL_NOT_FROZEN	ENST00000497973	2
PROVISIONAL_NOT_FROZEN	ENST00000489056	3
PROVISIONAL_NOT_FROZEN	ENST00000461894	0
PROVISIONAL_NOT_FROZEN	ENST00000298510	2
PROVISIONAL_NOT_FROZEN	ENST00000498356	4
PROVISIONAL_NOT_FROZEN	ENST00000460550	4
PROVISIONAL_NOT_FROZEN	ENST00000590048	0
PROVISIONAL_NOT_FROZEN	ENST00000455785	4
PROVISIONAL_NOT_FROZEN	ENST00000559622	4
PROVISIONAL_NOT_FROZEN	ENST00000593455	1
PROVISIONAL_NOT_FROZEN	ENST00000378891	4
PROVISIONAL_NOT_FROZEN	ENST00000367259	4
PROVISIONAL_NOT_FROZEN	ENST00000567639	3
PROVISIONAL_NOT_FROZEN	ENST00000561424	0
PROVISIONAL_NOT_FROZEN	ENST00000439897	2
PROVISIONAL_NOT_FROZEN	ENST00000525970	4
PROVISIONAL_NOT_FROZEN	ENST00000399027	3
PROVISIONAL_NOT_FROZEN	ENST00000604257	4
PROVISIONAL_NOT_FROZEN	ENST00000592478	3
PROVISIONAL_NOT_FROZEN	ENST00000425835	0
PROVISIONAL_NOT_FROZEN	ENST00000405356	2
PROVISIONAL_NOT_FROZEN	ENST00000599909	3
PROVISIONAL_NOT_FROZEN	ENST00000508238	1
PROVISIONAL_NOT_FROZEN	ENST00000550973	2
PROVISIONAL_NOT_FROZEN	ENST00000389704	0
PROVISIONAL_NOT_FROZEN	ENST00000367274	2
PROVISIONAL_NOT_FROZEN	ENST00000562473	4
PROVISIONAL_NOT_FROZEN	ENST00000567344	1
PROVISIONAL_NOT_FROZEN	ENST00000622243	4
PROVISIONAL_NOT_FROZEN	ENST00000526443	4
PROVISIONAL_NOT_FROZEN	ENST00000549775	1
PROVISIONAL_NOT_FROZEN	ENST00000531357	3
PROVISIONAL_NOT_FROZEN	ENST00000394867	4
PROVISIONAL_NOT_FROZEN	ENST00000615152	1
PROVISIONAL_NOT_FROZEN	ENST00000436002	0
PROVISIONAL_NOT_FROZEN	ENST00000636293	3
PROVISIONAL_NOT_FROZEN	ENST00000558562	0
PROVISIONAL_NOT_FROZEN	ENST00000474329	1
PROVISIONAL_NOT_FROZEN	ENST00000378697	3
PROVISIONAL_NOT_FROZEN	ENST00000589670	4
PROVISIONAL_NOT_FROZEN	ENST00000403538	4
PROVISIONAL_NOT_FROZEN	ENST00000577703	3
PROVISIONAL_NOT_FROZEN	ENST00000456133	3
PROVISIONAL_NOT_FROZEN	ENST00000369534	1
PROVISIONAL_NOT_FROZEN	ENST00000340828	1
PROVISIONAL_NOT_FROZEN	ENST00000557324	1
PROVISIONAL_NOT_FROZEN	ENST00000462812	2
PROVISIONAL_NOT_FROZEN	ENST00000431221	4
PROVISIONAL_NOT_FROZEN	ENST00000372708	0
PROVISIONAL_NOT_FROZEN	ENST00000490191	3
PROVISIONAL_NOT_FROZEN	ENST00000531543	3
PROVISIONAL_NOT_FROZEN	ENST00000397876	2
PROVISIONAL_NOT_FROZEN	ENST00000395256	4
PROVISIONAL_NOT_FROZEN	ENST00000364558	2
PROVISIONAL_NOT_FROZEN	ENST00000256538	3
PROVISIONAL_NOT_FROZEN	ENST00000392066	2
PROVISIONAL_NOT_FROZEN	ENST00000594085	3
PROVISIONAL_NOT_FROZEN	ENST00000446331	2
PROVISIONAL_NOT_FROZEN	ENST00000469685	1
PROVISIONAL_NOT_FROZEN	ENST00000515818	0
PROVISIONAL_NOT_FROZEN	ENST00000520627	1
PROVISIONAL_NOT_FROZEN	ENST00000383801	2
PROVISIONAL_NOT_FROZEN	ENST00000463092	3
PROVISIONAL_NOT_FROZEN	ENST00000370768	4
PROVISIONAL_NOT_FROZEN	ENST00000550566	1
PROVISIONAL_NOT_FROZEN	ENST00000177742	0
PROVISIONAL_NOT_FROZEN	ENST00000608796	0
PROVISIONAL_NOT_FROZEN	ENST00000463132	2
PROVISIONAL_NOT_FROZEN	ENST00000380591	0
PROVISIONAL_NOT_FROZEN	ENST00000261890	0
PROVISIONAL_NOT_FROZEN	ENST00000521867	3
PROVISIONAL_NOT_FROZEN	ENST00000578948	0
PROVISIONAL_NOT_FROZEN	ENST00000469678	2
PROVISIONAL_NOT_FROZEN	ENST00000372838	2
PROVISIONAL_NOT_FROZEN	ENST00000466572	3
PROVISIONAL_NOT_FROZEN	ENST00000344357	2
PROVISIONAL_NOT_FROZEN	ENST00000428512	4
PROVISIONAL_NOT_FROZEN	ENST00000506649	4
PROVISIONAL_NOT_FROZEN	ENST00000512850	0
PROVISIONAL_NOT_FROZEN	ENST00000601537	2
PROVISIONAL_NOT_FROZEN	ENST00000497539	3
PROVISIONAL_NOT_FROZEN	ENST00000331224	3
PROVISIONAL_NOT_FROZEN	ENST00000515676	1
PROVISIONAL_NOT_FROZEN	ENST00000417584	3
PROVISIONAL_NOT_FROZEN	ENST00000483713	3
PROVISIONAL_NOT_FROZEN	ENST00000553808	2
PROVISIONAL_NOT_FROZEN	ENST00000301280	3
PROVISIONAL_NOT_FROZEN	ENST00000352861	3
PROVISIONAL_NOT_FROZEN	ENST00000463328	1
PROVISIONAL_NOT_FROZEN	ENST00000278224	2
PROVISIONAL_NOT_FROZEN	ENST00000302078	1
PROVISIONAL_NOT_FROZEN	ENST00000472244	2
PROVISIONAL_NOT_FROZEN	ENST00000602775	2
PROVISIONAL_NOT_FROZEN	ENST00000251595	2
PROVISIONAL_NOT_FROZEN	ENST00000373570	3
PROVISIONAL_NOT_FROZEN	ENST00000202773	1
PROVISIONAL_NOT_FROZEN	ENST00000480213	1
PROVISIONAL_NOT_FROZEN	ENST00000521710	1
PROVISIONAL_NOT_FROZEN	ENST00000548076	1
PROVISIONAL_NOT_FROZEN	ENST00000550187	1
PROVISIONAL_NOT_FROZEN	ENST00000300026	0
PROVISIONAL_NOT_FROZEN	ENST00000538195	4
PROVISIONAL_NOT_FROZEN	ENST00000441047	4
PROVISIONAL_NOT_FROZEN	ENST00000380749	1
PROVISIONAL_NOT_FROZEN	ENST00000410097	0
PROVISIONAL_NOT_FROZEN	ENST00000399532	3
PROVISIONAL_NOT_FROZEN	ENST00000467557	3
PROVISIONAL_NOT_FROZEN	ENST00000395377	2
PROVISIONAL_NOT_FROZEN	ENST00000567877	4
PROVISIONAL_NOT_FROZEN	ENST00000538432	3
PROVISIONAL_NOT_FROZEN	ENST00000517489	1
PROVISIONAL_NOT_FROZEN	ENST00000221561	4
PROVISIONAL_NOT_FROZEN	ENST00000437414	4
PROVISIONAL_NOT_FROZEN	ENST00000588699	1
PROVISIONAL_NOT_FROZEN	ENST00000367889	1
PROVISIONAL_NOT_FROZEN	ENST00000478749	0
PROVISIONAL_NOT_FROZEN	ENST00000534180	2
PROVISIONAL_NOT_FROZEN	ENST00000489041	0
PROVISIONAL_NOT_FROZEN	ENST00000370086	0
PROVISIONAL_NOT_FROZEN	ENST00000312990	2
PROVISIONAL_NOT_FROZEN	ENST00000600406	1
PROVISIONAL_NOT_FROZEN	ENST00000310144	0
PROVISIONAL_NOT_FROZEN	ENST00000474100	0
PROVISIONAL_NOT_FROZEN	ENST00000568233	3
PROVISIONAL_NOT_FROZEN	ENST00000590247	0
PROVISIONAL_NOT_FROZEN	ENST00000581055	2
PROVISIONAL_NOT_FROZEN	ENST00000314797	4
PROVISIONAL_NOT_FROZEN	ENST00000430245	3
PROVISIONAL_NOT_FROZEN	ENST00000506139	1
PROVISIONAL_NOT_FROZEN	ENST00000470083	4
PROVISIONAL_NOT_FROZEN	ENST00000462646	2
PROVISIONAL_NOT_FROZEN	ENST00000469026	0
PROVISIONAL_NOT_FROZEN	ENST00000548861	0
PROVISIONAL_NOT_FROZEN	ENST00000470377	2
PROVISIONAL_NOT_FROZEN	ENST00000258955	1
PROVISIONAL_NOT_FROZEN	ENST00000479589	1
PROVISIONAL_NOT_FROZEN	ENST00000436309	2
PROVISIONAL_NOT_FROZEN	ENST00000555036	4
PROVISIONAL_NOT_FROZEN	ENST00000439804	1
PROVISIONAL_NOT_FROZEN	ENST00000428849	2
PROVISIONAL_NOT_FROZEN	ENST00000547963	2
PROVISIONAL_NOT_FROZEN	ENST00000395159	4
PROVISIONAL_NOT_FROZEN	ENST00000462941	1
PROVISIONAL_NOT_FROZEN	ENST00000552548	3
PROVISIONAL_NOT_FROZEN	ENST00000389995	1
PROVISIONAL_NOT_FROZEN	ENST00000557157	3
PROVISIONAL_NOT_FROZEN	ENST00000477174	1
PROVISIONAL_NOT_FROZEN	ENST00000511319	1
PROVISIONAL_NOT_FROZEN	ENST00000333130	1
PROVISIONAL_NOT_FROZEN	ENST00000550449	1
PROVISIONAL_NOT_FROZEN	ENST00000463935	4
PROVISIONAL_NOT_FROZEN	ENST00000505920	2
PROVISIONAL_NOT_FROZEN	ENST00000558506	3
PROVISIONAL_NOT_FROZEN	ENST00000379056	0
PROVISIONAL_NOT_FROZEN	ENST00000491773	3
PROVISIONAL_NOT_FROZEN	ENST00000487832	4
PROVISIONAL_NOT_FROZEN	ENST00000433809	2
PROVISIONAL_NOT_FROZEN	ENST00000504796	0
PROVISIONAL_NOT_FROZEN	ENST00000548792	1
PROVISIONAL_NOT_FROZEN	ENST00000379530	4
PROVISIONAL_NOT_FROZEN	ENST00000260270	0
PROVISIONAL_NOT_FROZEN	ENST00000481810	2
PROVISIONAL_NOT_FROZEN	ENST00000430756	4
PROVISIONAL_NOT_FROZEN	ENST00000427024	2
PROVISIONAL_NOT_FROZEN	ENST00000431926	0
PROVISIONAL_NOT_FROZEN	ENST00000339594	1
PROVISIONAL_NOT_FROZEN	ENST00000238633	0
PROVISIONAL_NOT_FROZEN	ENST00000411858	0
PROVISIONAL_NOT_FROZEN	ENST00000296214	4
PROVISIONAL_NOT_FROZEN	ENST00000639725	2
PROVISIONAL_NOT_FROZEN	ENST00000546796	0
PROVISIONAL_NOT_FROZEN	ENST00000306185	3
PROVISIONAL_NOT_FROZEN	ENST00000300408	2
PROVISIONAL_NOT_FROZEN	ENST00000267884	2
PROVISIONAL_NOT_FROZEN	ENST00000523761	4
PROVISIONAL_NOT_FROZEN	ENST00000303553	4
PROVISIONAL_NOT_FROZEN	ENST00000558545	4
PROVISIONAL_NOT_FROZEN	ENST00000481437	3
PROVISIONAL_NOT_FROZEN	ENST00000393544	3
PROVISIONAL_NOT_FROZEN	ENST00000477151	1
PROVISIONAL_NOT_FROZEN	ENST00000444512	3
PROVISIONAL_NOT_FROZEN	ENST00000492250	4
PROVISIONAL_NOT_FROZEN	ENST00000264703	0
PROVISIONAL_NOT_FROZEN	ENST00000396779	1
PROVISIONAL_NOT_FROZEN	ENST00000528920	2
PROVISIONAL_NOT_FROZEN	ENST00000548022	4
PROVISIONAL_NOT_FROZEN	ENST00000525205	2
PROVISIONAL_NOT_FROZEN	ENST00000507463	0
PROVISIONAL_NOT_FROZEN	ENST00000357917	0
PROVISIONAL_NOT_FROZEN	ENST00000576017	0
PROVISIONAL_NOT_FROZEN	ENST00000540691	1
PROVISIONAL_NOT_FROZEN	ENST00000440284	0
PROVISIONAL_NOT_FROZEN	ENST00000621630	1
PROVISIONAL_NOT_FROZEN	ENST00000515725	4
PROVISIONAL_NOT_FROZEN	ENST00000368829	0
PROVISIONAL_NOT_FROZEN	ENST00000514911	3
PROVISIONAL_NOT_FROZEN	ENST00000451442	4
PROVISIONAL_NOT_FROZEN	ENST00000593087	4
PROVISIONAL_NOT_FROZEN	ENST00000374257	1
PROVISIONAL_NOT_FROZEN	ENST00000587834	1
PROVISIONAL_NOT_FROZEN	ENST00000531156	4
PROVISIONAL_NOT_FROZEN	ENST00000549580	3
PROVISIONAL_NOT_FROZEN	ENST00000536684	1
PROVISIONAL_NOT_FROZEN	ENST00000383820	3
PROVISIONAL_NOT_FROZEN	ENST00000404554	3
PROVISIONAL_NOT_FROZEN	ENST00000598361	4
PROVISIONAL_NOT_FROZEN	ENST00000367871	3
PROVISIONAL_NOT_FROZEN	ENST00000509359	0
PROVISIONAL_NOT_FROZEN	ENST00000394228	0
PROVISIONAL_NOT_FROZEN	ENST00000480835	3
PROVISIONAL_NOT_FROZEN	ENST00000449483	2
PROVISIONAL_NOT_FROZEN	ENST00000566534	1
PROVISIONAL_NOT_FROZEN	ENST00000533161	2
PROVISIONAL_NOT_FROZEN	ENST00000460189	4
PROVISIONAL_NOT_FROZEN	ENST00000462641	2
PROVISIONAL_NOT_FROZEN	ENST00000597584	0
PROVISIONAL_NOT_FROZEN	ENST00000467883	3
PROVISIONAL_NOT_FROZEN	ENST00000511180	1
PROVISIONAL_NOT_FROZEN	ENST00000509601	4
PROVISIONAL_NOT_FROZEN	ENST00000354230	1
PROVISIONAL_NOT_FROZEN	ENST00000549740	2
PROVISIONAL_NOT_FROZEN	ENST00000262187	4
PROVISIONAL_NOT_FROZEN	ENST00000370236	0
PROVISIONAL_NOT_FROZEN	ENST00000528074	4
PROVISIONAL_NOT_FROZEN	ENST00000547098	3
PROVISIONAL_NOT_FROZEN	ENST00000584755	0
PROVISIONAL_NOT_FROZEN	ENST00000583637	0
PROVISIONAL_NOT_FROZEN	ENST00000426013	4
PROVISIONAL_NOT_FROZEN	ENST00000545127	1
PROVISIONAL_NOT_FROZEN	ENST00000472220	3
PROVISIONAL_NOT_FROZEN	ENST00000448127	1
PROVISIONAL_NOT_FROZEN	ENST00000372876	1
PROVISIONAL_NOT_FROZEN	ENST00000384173	2
PROVISIONAL_NOT_FROZEN	ENST00000254810	4
PROVISIONAL_NOT_FROZEN	ENST00000441480	2
PROVISIONAL_NOT_FROZEN	ENST00000301964	3
PROVISIONAL_NOT_FROZEN	ENST00000543351	3
PROVISIONAL_NOT_FROZEN	ENST00000520609	0
PROVISIONAL_NOT_FROZEN	ENST00000509107	1
PROVISIONAL_NOT_FROZEN	ENST00000511615	0
PROVISIONAL_NOT_FROZEN	ENST00000558096	1
PROVISIONAL_NOT_FROZEN	ENST00000368069	3
PROVISIONAL_NOT_FROZEN	ENST00000586649	0
PROVISIONAL_NOT_FROZEN	ENST00000581806	2
PROVISIONAL_NOT_FROZEN	ENST00000559973	3
PROVISIONAL_NOT_FROZEN	ENST00000525291	1
PROVISIONAL_NOT_FROZEN	ENST00000372419	1
PROVISIONAL_NOT_FROZEN	ENST00000473781	3
PROVISIONAL_NOT_FROZEN	ENST00000303904	4
PROVISIONAL_NOT_FROZEN	ENST00000410110	0
PROVISIONAL_NOT_FROZEN	ENST00000494077	3
PROVISIONAL_NOT_FROZEN	ENST00000636124	1
PROVISIONAL_NOT_FROZEN	ENST00000611854	2
PROVISIONAL_NOT_FROZEN	ENST00000603946	2
PROVISIONAL_NOT_FROZEN	ENST00000637031	3
PROVISIONAL_NOT_FROZEN	ENST00000463733	1
PROVISIONAL_NOT_FROZEN	ENST00000535872	3
PROVISIONAL_NOT_FROZEN	ENST00000460537	1
PROVISIONAL_NOT_FROZEN	ENST00000469548	3
PROVISIONAL_NOT_FROZEN	ENST00000338825	0
PROVISIONAL_NOT_FROZEN	ENST00000530651	0
PROVISIONAL_NOT_FROZEN	ENST00000415272	3
PROVISIONAL_NOT_FROZEN	ENST00000584536	0
PROVISIONAL_NOT_FROZEN	ENST00000445713	0
PROVISIONAL_NOT_FROZEN	ENST00000520348	1
PROVISIONAL_NOT_FROZEN	ENST00000367307	4
PROVISIONAL_NOT_FROZEN	ENST00000518340	4
PROVISIONAL_NOT_FROZEN	ENST00000514146	2
PROVISIONAL_NOT_FROZEN	ENST00000467920	1
PROVISIONAL_NOT_FROZEN	ENST00000604981	1
PROVISIONAL_NOT_FROZEN	ENST00000296802	0
PROVISIONAL_NOT_FROZEN	ENST00000299821	1
PROVISIONAL_NOT_FROZEN	ENST00000497375	2
PROVISIONAL_NOT_FROZEN	ENST00000526233	1
PROVISIONAL_NOT_FROZEN	ENST00000367883	1
PROVISIONAL_NOT_FROZEN	ENST00000373162	2
PROVISIONAL_NOT_FROZEN	ENST00000270824	4
PROVISIONAL_NOT_FROZEN	ENST00000489872	3
PROVISIONAL_NOT_FROZEN	ENST00000542907	1
PROVISIONAL_NOT_FROZEN	ENST00000401722	4
PROVISIONAL_NOT_FROZEN	ENST00000310450	4
PROVISIONAL_NOT_FROZEN	ENST00000486741	1
PROVISIONAL_NOT_FROZEN	ENST00000310053	2
PROVISIONAL_NOT_FROZEN	ENST00000589009	1
PROVISIONAL_NOT_FROZEN	ENST00000545054	1
PROVISIONAL_NOT_FROZEN	ENST00000509784	2
PROVISIONAL_NOT_FROZEN	ENST00000380596	0
PROVISIONAL_NOT_FROZEN	ENST00000264954	1
PROVISIONAL_NOT_FROZEN	ENST00000272298	2
PROVISIONAL_NOT_FROZEN	ENST00000460563	0
PROVISIONAL_NOT_FROZEN	ENST00000500224	3
PROVISIONAL_NOT_FROZEN	ENST00000487848	4
PROVISIONAL_NOT_FROZEN	ENST00000338435	3
PROVISIONAL_NOT_FROZEN	ENST00000265112	0
PROVISIONAL_NOT_FROZEN	ENST00000477828	2
PROVISIONAL_NOT_FROZEN	ENST00000264864	3
PROVISIONAL_NOT_FROZEN	ENST00000634130	3
PROVISIONAL_NOT_FROZEN	ENST00000262265	1
PROVISIONAL_NOT_FROZEN	ENST00000573770	2
PROVISIONAL_NOT_FROZEN	ENST00000491183	1
PROVISIONAL_NOT_FROZEN	ENST00000230413	3
PROVISIONAL_NOT_FROZEN	ENST00000505009	1
PROVISIONAL_NOT_FROZEN	ENST00000446445	2
PROVISIONAL_NOT_FROZEN	ENST00000473427	0
PROVISIONAL_NOT_FROZEN	ENST00000504292	3
PROVISIONAL_NOT_FROZEN	ENST00000384610	3
PROVISIONAL_NOT_FROZEN	ENST00000446498	3
PROVISIONAL_NOT_FROZEN	ENST00000513006	3
PROVISIONAL_NOT_FROZEN	ENST00000594157	4
PROVISIONAL_NOT_FROZEN	ENST00000464888	0
PROVISIONAL_NOT_FROZEN	ENST00000619796	3
PROVISIONAL_NOT_FROZEN	ENST00000415970	3
PROVISIONAL_NOT_FROZEN	ENST00000514223	2
PROVISIONAL_NOT_FROZEN	ENST00000571360	2
PROVISIONAL_NOT_FROZEN	ENST00000534176	0
PROVISIONAL_NOT_FROZEN	ENST00000460950	0
PROVISIONAL_NOT_FROZEN	ENST00000453203	4
PROVISIONAL_NOT_FROZEN	ENST00000373899	2
PROVISIONAL_NOT_FROZEN	ENST00000475993	4
PROVISIONAL_NOT_FROZEN	ENST00000477681	0
PROVISIONAL_NOT_FROZEN	ENST00000492185	1
PROVISIONAL_NOT_FROZEN	ENST00000420430	0
PROVISIONAL_NOT_FROZEN	ENST00000512699	3
PROVISIONAL_NOT_FROZEN	ENST00000485945	4
PROVISIONAL_NOT_FROZEN	ENST00000480359	1
PROVISIONAL_NOT_FROZEN	ENST00000369536	0
PROVISIONAL_NOT_FROZEN	ENST00000290921	2
PROVISIONAL_NOT_FROZEN	ENST00000441080	2
PROVISIONAL_NOT_FROZEN	ENST00000506298	3
PROVISIONAL_NOT_FROZEN	ENST00000380747	1
PROVISIONAL_NOT_FROZEN	ENST00000424037	1
PROVISIONAL_NOT_FROZEN	ENST00000429243	2
PROVISIONAL_NOT_FROZEN	ENST00000493471	0
PROVISIONAL_NOT_FROZEN	ENST00000474964	1
PROVISIONAL_NOT_FROZEN	ENST00000306077	4
PROVISIONAL_NOT_FROZEN	ENST00000359623	0
PROVISIONAL_NOT_FROZEN	ENST00000396735	2
PROVISIONAL_NOT_FROZEN	ENST00000559503	1
PROVISIONAL_NOT_FROZEN	ENST00000341541	2
PROVISIONAL_NOT_FROZEN	ENST00000332035	3
PROVISIONAL_NOT_FROZEN	ENST00000302274	1
PROVISIONAL_NOT_FROZEN	ENST00000620944	4
PROVISIONAL_NOT_FROZEN	ENST00000598333	1
PROVISIONAL_NOT_FROZEN	ENST00000409419	3
PROVISIONAL_NOT_FROZEN	ENST00000340941	3
PROVISIONAL_NOT_FROZEN	ENST00000412128	1
PROVISIONAL_NOT_FROZEN	ENST00000520751	1
PROVISIONAL_NOT_FROZEN	ENST00000444122	4
PROVISIONAL_NOT_FROZEN	ENST00000526267	4
PROVISIONAL_NOT_FROZEN	ENST00000419176	1
PROVISIONAL_NOT_FROZEN	ENST00000469568	4
PROVISIONAL_NOT_FROZEN	ENST00000556831	2
PROVISIONAL_NOT_FROZEN	ENST00000319041	1
PROVISIONAL_NOT_FROZEN	ENST00000629983	1
PROVISIONAL_NOT_FROZEN	ENST00000446556	2
PROVISIONAL_NOT_FROZEN	ENST00000494596	2
PROVISIONAL_NOT_FROZEN	ENST00000519765	1
PROVISIONAL_NOT_FROZEN	ENST00000292476	3
PROVISIONAL_NOT_FROZEN	ENST00000586518	4
PROVISIONAL_NOT_FROZEN	ENST00000478094	3
PROVISIONAL_NOT_FROZEN	ENST00000539580	4
PROVISIONAL_NOT_FROZEN	ENST00000591160	3
PROVISIONAL_NOT_FROZEN	ENST00000395517	2
PROVISIONAL_NOT_FROZEN	ENST00000528400	0
PROVISIONAL_NOT_FROZEN	ENST00000568077	1
PROVISIONAL_NOT_FROZEN	ENST00000432879	1
PROVISIONAL_NOT_FROZEN	ENST00000503277	4
PROVISIONAL_NOT_FROZEN	ENST00000435034	2
PROVISIONAL_NOT_FROZEN	ENST00000483137	4
PROVISIONAL_NOT_FROZEN	ENST00000525981	0
PROVISIONAL_NOT_FROZEN	ENST00000556628	3
PROVISIONAL_NOT_FROZEN	ENST00000472755	2
PROVISIONAL_NOT_FROZEN	ENST00000629768	0
PROVISIONAL_NOT_FROZEN	ENST00000575829	3
PROVISIONAL_NOT_FROZEN	ENST00000291906	1
PROVISIONAL_NOT_FROZEN	ENST00000589575	4
PROVISIONAL_NOT_FROZEN	ENST00000393964	0
PROVISIONAL_NOT_FROZEN	ENST00000554528	4
PROVISIONAL_NOT_FROZEN	ENST00000272519	0
PROVISIONAL_NOT_FROZEN	ENST00000506237	0
PROVISIONAL_NOT_FROZEN	ENST00000503165	2
PROVISIONAL_NOT_FROZEN	ENST00000297518	0
PROVISIONAL_NOT_FROZEN	ENST00000602293	4
PROVISIONAL_NOT_FROZEN	ENST00000590974	1
PROVISIONAL_NOT_FROZEN	ENST00000538426	4
PROVISIONAL_NOT_FROZEN	ENST00000549870	1
PROVISIONAL_NOT_FROZEN	ENST00000591406	1
PROVISIONAL_NOT_FROZEN	ENST00000521948	0
PROVISIONAL_NOT_FROZEN	ENST00000550367	1
PROVISIONAL_NOT_FROZEN	ENST00000461365	4
PROVISIONAL_NOT_FROZEN	ENST00000356142	4
PROVISIONAL_NOT_FROZEN	ENST00000493640	1
PROVISIONAL_NOT_FROZEN	ENST00000519138	1
PROVISIONAL_NOT_FROZEN	ENST00000454366	1
PROVISIONAL_NOT_FROZEN	ENST00000355674	2
PROVISIONAL_NOT_FROZEN	ENST00000616315	2
PROVISIONAL_NOT_FROZEN	ENST00000448874	1
PROVISIONAL_NOT_FROZEN	ENST00000506855	0
PROVISIONAL_NOT_FROZEN	ENST00000374443	2
PROVISIONAL_NOT_FROZEN	ENST00000262455	3
PROVISIONAL_NOT_FROZEN	ENST00000529421	0
PROVISIONAL_NOT_FROZEN	ENST00000264874	2
PROVISIONAL_NOT_FROZEN	ENST00000468093	4
PROVISIONAL_NOT_FROZEN	ENST00000507420	1
PROVISIONAL_NOT_FROZEN	ENST00000299259	4
PROVISIONAL_NOT_FROZEN	ENST00000591248	4
PROVISIONAL_NOT_FROZEN	ENST00000540555	0
PROVISIONAL_NOT_FROZEN	ENST00000368277	2
PROVISIONAL_NOT_FROZEN	ENST00000448118	2
PROVISIONAL_NOT_FROZEN	ENST00000536171	0
PROVISIONAL_NOT_FROZEN	ENST00000470268	3
PROVISIONAL_NOT_FROZEN	ENST00000473500	4
PROVISIONAL_NOT_FROZEN	ENST00000563666	3
PROVISIONAL_NOT_FROZEN	ENST00000363299	0
PROVISIONAL_NOT_FROZEN	ENST00000565075	0
PROVISIONAL_NOT_FROZEN	ENST00000525094	2
PROVISIONAL_NOT_FROZEN	ENST00000547986	1
PROVISIONAL_NOT_FROZEN	ENST00000551398	4
PROVISIONAL_NOT_FROZEN	ENST00000417882	1
PROVISIONAL_NOT_FROZEN	ENST00000478813	1
PROVISIONAL_NOT_FROZEN	ENST00000547682	3
PROVISIONAL_NOT_FROZEN	ENST00000572105	2
PROVISIONAL_NOT_FROZEN	ENST00000477727	0
PROVISIONAL_NOT_FROZEN	ENST00000559705	3
PROVISIONAL_NOT_FROZEN	ENST00000332211	3
PROVISIONAL_NOT_FROZEN	ENST00000312635	3
PROVISIONAL_NOT_FROZEN	ENST00000505182	2
PROVISIONAL_NOT_FROZEN	ENST00000473363	3
PROVISIONAL_NOT_FROZEN	ENST00000470463	4
PROVISIONAL_NOT_FROZEN	ENST00000477321	3
PROVISIONAL_NOT_FROZEN	ENST00000392324	3
PROVISIONAL_NOT_FROZEN	ENST00000281828	3
PROVISIONAL_NOT_FROZEN	ENST00000439324	0
PROVISIONAL_NOT_FROZEN	ENST00000266732	4
PROVISIONAL_NOT_FROZEN	ENST00000597774	2
PROVISIONAL_NOT_FROZEN	ENST00000561068	3
PROVISIONAL_NOT_FROZEN	ENST00000512024	3
PROVISIONAL_NOT_FROZEN	ENST00000533637	1
PROVISIONAL_NOT_FROZEN	ENST00000292778	1
PROVISIONAL_NOT_FROZEN	ENST00000393259	0
PROVISIONAL_NOT_FROZEN	ENST00000420216	1
PROVISIONAL_NOT_FROZEN	ENST00000561899	3
PROVISIONAL_NOT_FROZEN	ENST00000307768	0
PROVISIONAL_NOT_FROZEN	ENST00000488174	0
PROVISIONAL_NOT_FROZEN	ENST00000261313	0
PROVISIONAL_NOT_FROZEN	ENST00000506525	2
PROVISIONAL_NOT_FROZEN	ENST00000555175	0
PROVISIONAL_NOT_FROZEN	ENST00000262033	2
PROVISIONAL_NOT_FROZEN	ENST00000392132	3
PROVISIONAL_NOT_FROZEN	ENST00000597705	2
PROVISIONAL_NOT_FROZEN	ENST00000494836	1
PROVISIONAL_NOT_FROZEN	ENST00000540203	1
PROVISIONAL_NOT_FROZEN	ENST00000567810	0
PROVISIONAL_NOT_FROZEN	ENST00000448482	0
PROVISIONAL_NOT_FROZEN	ENST00000470491	4
PROVISIONAL_NOT_FROZEN	ENST00000434568	2
PROVISIONAL_NOT_FROZEN	ENST00000442748	2
PROVISIONAL_NOT_FROZEN	ENST00000302445	2
PROVISIONAL_NOT_FROZEN	ENST00000449702	1
PROVISIONAL_NOT_FROZEN	ENST00000381124	4
PROVISIONAL_NOT_FROZEN	ENST00000553444	3
PROVISIONAL_NOT_FROZEN	ENST00000518563	0
PROVISIONAL_NOT_FROZEN	ENST00000427843	1
PROVISIONAL_NOT_FROZEN	ENST00000588482	1
PROVISIONAL_NOT_FROZEN	ENST00000489852	1
PROVISIONAL_NOT_FROZEN	ENST00000589960	4
PROVISIONAL_NOT_FROZEN	ENST00000456057	1
PROVISIONAL_NOT_FROZEN	ENST00000620041	2
PROVISIONAL_NOT_FROZEN	ENST00000564054	0
PROVISIONAL_NOT_FROZEN	ENST00000552766	1
PROVISIONAL_NOT_FROZEN	ENST00000383858	1
PROVISIONAL_NOT_FROZEN	ENST00000580835	2
PROVISIONAL_NOT_FROZEN	ENST00000465747	0
PROVISIONAL_NOT_FROZEN	ENST00000480396	4
PROVISIONAL_NOT_FROZEN	ENST00000472750	0
PROVISIONAL_NOT_FROZEN	ENST00000428707	1
PROVISIONAL_NOT_FROZEN	ENST00000525717	0
PROVISIONAL_NOT_FROZEN	ENST00000519108	0
PROVISIONAL_NOT_FROZEN	ENST00000402406	2
PROVISIONAL_NOT_FROZEN	ENST00000342312	1
PROVISIONAL_NOT_FROZEN	ENST00000359032	2
PROVISIONAL_NOT_FROZEN	ENST00000471167	2
PROVISIONAL_NOT_FROZEN	ENST00000245932	1
PROVISIONAL_NOT_FROZEN	ENST00000634529	2
PROVISIONAL_NOT_FROZEN	ENST00000430498	3
PROVISIONAL_NOT_FROZEN	ENST00000559540	4
PROVISIONAL_NOT_FROZEN	ENST00000300030	3
PROVISIONAL_NOT_FROZEN	ENST00000464781	0
PROVISIONAL_NOT_FROZEN	ENST00000554601	2
PROVISIONAL_NOT_FROZEN	ENST00000439737	3
PROVISIONAL_NOT_FROZEN	ENST00000362049	3
PROVISIONAL_NOT_FROZEN	ENST00000639419	0
PROVISIONAL_NOT_FROZEN	ENST00000339413	2
PROVISIONAL_NOT_FROZEN	ENST00000464444	1
PROVISIONAL_NOT_FROZEN	ENST00000512797	0
PROVISIONAL_NOT_FROZEN	ENST00000557740	4
PROVISIONAL_NOT_FROZEN	ENST00000372984	3
PROVISIONAL_NOT_FROZEN	ENST00000526430	4
PROVISIONAL_NOT_FROZEN	ENST00000511844	3
PROVISIONAL_NOT_FROZEN	ENST00000309366	3
PROVISIONAL_NOT_FROZEN	ENST00000417330	3
PROVISIONAL_NOT_FROZEN	ENST00000595905	2
PROVISIONAL_NOT_FROZEN	ENST00000317907	2
PROVISIONAL_NOT_FROZEN	ENST00000452012	4
PROVISIONAL_NOT_FROZEN	ENST00000537825	0
PROVISIONAL_NOT_FROZEN	ENST00000432228	0
PROVISIONAL_NOT_FROZEN	ENST00000569022	0
PROVISIONAL_NOT_FROZEN	ENST00000257818	1
PROVISIONAL_NOT_FROZEN	ENST00000599362	4
PROVISIONAL_NOT_FROZEN	ENST00000563749	4
PROVISIONAL_NOT_FROZEN	ENST00000536719	0
PROVISIONAL_NOT_FROZEN	ENST00000209728	0
PROVISIONAL_NOT_FROZEN	ENST00000359314	1
PROVISIONAL_NOT_FROZEN	ENST00000591510	0
PROVISIONAL_NOT_FROZEN	ENST00000441822	3
PROVISIONAL_NOT_FROZEN	ENST00000264128	2
PROVISIONAL_NOT_FROZEN	ENST00000491520	4
PROVISIONAL_NOT_FROZEN	ENST00000422207	3
PROVISIONAL_NOT_FROZEN	ENST00000532045	0
PROVISIONAL_NOT_FROZEN	ENST00000589599	4
PROVISIONAL_NOT_FROZEN	ENST00000550035	2
PROVISIONAL_NOT_FROZEN	ENST00000469219	0
PROVISIONAL_NOT_FROZEN	ENST00000425771	3
PROVISIONAL_NOT_FROZEN	ENST00000465598	2
PROVISIONAL_NOT_FROZEN	ENST00000527046	4
PROVISIONAL_NOT_FROZEN	ENST00000536642	3
PROVISIONAL_NOT_FROZEN	ENST00000512493	3
PROVISIONAL_NOT_FROZEN	ENST00000530164	2
PROVISIONAL_NOT_FROZEN	ENST00000448870	1
PROVISIONAL_NOT_FROZEN	ENST00000415762	1
PROVISIONAL_NOT_FROZEN	ENST00000512005	4
PROVISIONAL_NOT_FROZEN	ENST00000554989	4
PROVISIONAL_NOT_FROZEN	ENST00000486606	3
PROVISIONAL_NOT_FROZEN	ENST00000571178	1
PROVISIONAL_NOT_FROZEN	ENST00000310118	2
PROVISIONAL_NOT_FROZEN	ENST00000438888	4
PROVISIONAL_NOT_FROZEN	ENST00000506469	4
PROVISIONAL_NOT_FROZEN	ENST00000481281	4
PROVISIONAL_NOT_FROZEN	ENST00000520114	1
PROVISIONAL_NOT_FROZEN	ENST00000638426	3
PROVISIONAL_NOT_FROZEN	ENST00000355265	2
PROVISIONAL_NOT_FROZEN	ENST00000573554	4
PROVISIONAL_NOT_FROZEN	ENST00000496746	1
PROVISIONAL_NOT_FROZEN	ENST00000303538	2
PROVISIONAL_NOT_FROZEN	ENST00000566086	0
PROVISIONAL_NOT_FROZEN	ENST00000593119	2
PROVISIONAL_NOT_FROZEN	ENST00000553217	3
PROVISIONAL_NOT_FROZEN	ENST00000621592	1
PROVISIONAL_NOT_FROZEN	ENST00000593096	2
PROVISIONAL_NOT_FROZEN	ENST00000344042	3
PROVISIONAL_NOT_FROZEN	ENST00000336615	4
PROVISIONAL_NOT_FROZEN	ENST00000514514	0
PROVISIONAL_NOT_FROZEN	ENST00000512412	0
PROVISIONAL_NOT_FROZEN	ENST00000591463	1
PROVISIONAL_NOT_FROZEN	ENST00000484998	3
PROVISIONAL_NOT_FROZEN	ENST00000508621	3
PROVISIONAL_NOT_FROZEN	ENST00000588622	0
PROVISIONAL_NOT_FROZEN	ENST00000442067	3
PROVISIONAL_NOT_FROZEN	ENST00000504110	3
PROVISIONAL_NOT_FROZEN	ENST00000557260	4
PROVISIONAL_NOT_FROZEN	ENST00000461726	3
PROVISIONAL_NOT_FROZEN	ENST00000225777	1
PROVISIONAL_NOT_FROZEN	ENST00000628018	1
PROVISIONAL_NOT_FROZEN	ENST00000420267	3
PROVISIONAL_NOT_FROZEN	ENST00000589869	4
PROVISIONAL_NOT_FROZEN	ENST00000261875	2
PROVISIONAL_NOT_FROZEN	ENST00000618006	0
PROVISIONAL_NOT_FROZEN	ENST00000532933	4
PROVISIONAL_NOT_FROZEN	ENST00000352103	1
PROVISIONAL_NOT_FROZEN	ENST00000588273	1
PROVISIONAL_NOT_FROZEN	ENST00000337620	2
PROVISIONAL_NOT_FROZEN	ENST00000415904	0
PROVISIONAL_NOT_FROZEN	ENST00000424633	0
PROVISIONAL_NOT_FROZEN	ENST00000479338	4
PROVISIONAL_NOT_FROZEN	ENST00000440453	1
PROVISIONAL_NOT_FROZEN	ENST00000530860	0
PROVISIONAL_NOT_FROZEN	ENST00000552007	1
PROVISIONAL_NOT_FROZEN	ENST00000429589	4
PROVISIONAL_NOT_FROZEN	ENST00000345146	0
PROVISIONAL_NOT_FROZEN	ENST00000538786	3
PROVISIONAL_NOT_FROZEN	ENST00000438784	3
PROVISIONAL_NOT_FROZEN	ENST00000388967	3
PROVISIONAL_NOT_FROZEN	ENST00000370322	0
PROVISIONAL_NOT_FROZEN	ENST00000567597	0
PROVISIONAL_NOT_FROZEN	ENST00000479428	2
PROVISIONAL_NOT_FROZEN	ENST00000524652	4
PROVISIONAL_NOT_FROZEN	ENST00000565493	3
PROVISIONAL_NOT_FROZEN	ENST00000368954	4
PROVISIONAL_NOT_FROZEN	ENST00000421246	3
PROVISIONAL_NOT_FROZEN	ENST00000471642	2
PROVISIONAL_NOT_FROZEN	ENST00000475468	1
PROVISIONAL_NOT_FROZEN	ENST00000414174	3
PROVISIONAL_NOT_FROZEN	ENST00000417876	1
PROVISIONAL_NOT_FROZEN	ENST00000477738	2
PROVISIONAL_NOT_FROZEN	ENST00000435630	1
PROVISIONAL_NOT_FROZEN	ENST00000510470	2
PROVISIONAL_NOT_FROZEN	ENST00000371743	1
PROVISIONAL_NOT_FROZEN	ENST00000449502	1
PROVISIONAL_NOT_FROZEN	ENST00000453803	1
PROVISIONAL_NOT_FROZEN	ENST00000508787	3
PROVISIONAL_NOT_FROZEN	ENST00000269397	1
PROVISIONAL_NOT_FROZEN	ENST00000392558	1
PROVISIONAL_NOT_FROZEN	ENST00000483182	2
PROVISIONAL_NOT_FROZEN	ENST00000546630	1
PROVISIONAL_NOT_FROZEN	ENST00000546623	2
PROVISIONAL_NOT_FROZEN	ENST00000378180	3
PROVISIONAL_NOT_FROZEN	ENST00000288022	3
PROVISIONAL_NOT_FROZEN	ENST00000560229	3
PROVISIONAL_NOT_FROZEN	ENST00000591718	1
PROVISIONAL_NOT_FROZEN	ENST00000596136	4
PROVISIONAL_NOT_FROZEN	ENST00000553066	1
PROVISIONAL_NOT_FROZEN	ENST00000491106	1
PROVISIONAL_NOT_FROZEN	ENST00000258770	2
PROVISIONAL_NOT_FROZEN	ENST00000414884	1
PROVISIONAL_NOT_FROZEN	ENST00000618852	1
PROVISIONAL_NOT_FROZEN	ENST00000216038	2
PROVISIONAL_NOT_FROZEN	ENST00000302550	1
PROVISIONAL_NOT_FROZEN	ENST00000331134	2
PROVISIONAL_NOT_FROZEN	ENST00000589923	1
PROVISIONAL_NOT_FROZEN	ENST00000411676	3
PROVISIONAL_NOT_FROZEN	ENST00000469805	2
PROVISIONAL_NOT_FROZEN	ENST00000633781	3
PROVISIONAL_NOT_FROZEN	ENST00000470743	4
PROVISIONAL_NOT_FROZEN	ENST00000407599	0
PROVISIONAL_NOT_FROZEN	ENST00000527616	1
PROVISIONAL_NOT_FROZEN	ENST00000554075	3
PROVISIONAL_NOT_FROZEN	ENST00000502905	1
PROVISIONAL_NOT_FROZEN	ENST00000303577	3
PROVISIONAL_NOT_FROZEN	ENST00000492838	4
PROVISIONAL_NOT_FROZEN	ENST00000367595	0
PROVISIONAL_NOT_FROZEN	ENST00000564794	3
PROVISIONAL_NOT_FROZEN	ENST00000321805	1
PROVISIONAL_NOT_FROZEN	ENST00000520308	4
PROVISIONAL_NOT_FROZEN	ENST00000468812	3
PROVISIONAL_NOT_FROZEN	ENST00000417292	1
PROVISIONAL_NOT_FROZEN	ENST00000211379	3
PROVISIONAL_NOT_FROZEN	ENST00000379568	4
PROVISIONAL_NOT_FROZEN	ENST00000355653	4
PROVISIONAL_NOT_FROZEN	ENST00000341105	4
PROVISIONAL_NOT_FROZEN	ENST00000469144	1
PROVISIONAL_NOT_FROZEN	ENST00000434031	1
PROVISIONAL_NOT_FROZEN	ENST00000425871	4
PROVISIONAL_NOT_FROZEN	ENST00000528436	3
PROVISIONAL_NOT_FROZEN	ENST00000572008	4
PROVISIONAL_NOT_FROZEN	ENST00000458640	3
PROVISIONAL_NOT_FROZEN	ENST00000590260	2
PROVISIONAL_NOT_FROZEN	ENST00000343053	2
PROVISIONAL_NOT_FROZEN	ENST00000210313	2
PROVISIONAL_NOT_FROZEN	ENST00000463779	0
PROVISIONAL_NOT_FROZEN	ENST00000445560	3
PROVISIONAL_NOT_FROZEN	ENST00000330938	4
PROVISIONAL_NOT_FROZEN	ENST00000371092	3
PROVISIONAL_NOT_FROZEN	ENST00000558752	3
PROVISIONAL_NOT_FROZEN	ENST00000566435	2
PROVISIONAL_NOT_FROZEN	ENST00000518296	4
PROVISIONAL_NOT_FROZEN	ENST00000548474	2
PROVISIONAL_NOT_FROZEN	ENST00000309246	0
PROVISIONAL_NOT_FROZEN	ENST00000590435	0
PROVISIONAL_NOT_FROZEN	ENST00000473645	1
PROVISIONAL_NOT_FROZEN	ENST00000477249	4
PROVISIONAL_NOT_FROZEN	ENST00000459963	0
PROVISIONAL_NOT_FROZEN	ENST00000444881	0
PROVISIONAL_NOT_FROZEN	ENST00000527866	3
PROVISIONAL_NOT_FROZEN	ENST00000290795	0
PROVISIONAL_NOT_FROZEN	ENST00000552955	3
PROVISIONAL_NOT_FROZEN	ENST00000493185	4
PROVISIONAL_NOT_FROZEN	ENST00000370397	1
PROVISIONAL_NOT_FROZEN	ENST00000542303	4
PROVISIONAL_NOT_FROZEN	ENST00000316603	0
PROVISIONAL_NOT_FROZEN	ENST00000216416	4
PROVISIONAL_NOT_FROZEN	ENST00000457054	4
PROVISIONAL_NOT_FROZEN	ENST00000557352	1
PROVISIONAL_NOT_FROZEN	ENST00000414862	1
PROVISIONAL_NOT_FROZEN	ENST00000304043	2
PROVISIONAL_NOT_FROZEN	ENST00000519533	3
PROVISIONAL_NOT_FROZEN	ENST00000497774	4
PROVISIONAL_NOT_FROZEN	ENST00000439590	4
PROVISIONAL_NOT_FROZEN	ENST00000568278	1
PROVISIONAL_NOT_FROZEN	ENST00000273308	0
PROVISIONAL_NOT_FROZEN	ENST00000485196	2
PROVISIONAL_NOT_FROZEN	ENST00000261636	4
PROVISIONAL_NOT_FROZEN	ENST00000611279	4
PROVISIONAL_NOT_FROZEN	ENST00000481453	2
PROVISIONAL_NOT_FROZEN	ENST00000450814	2
PROVISIONAL_NOT_FROZEN	ENST00000452862	4
PROVISIONAL_NOT_FROZEN	ENST00000549933	3
PROVISIONAL_NOT_FROZEN	ENST00000526783	3
PROVISIONAL_NOT_FROZEN	ENST00000474712	2
PROVISIONAL_NOT_FROZEN	ENST00000597438	1
PROVISIONAL_NOT_FROZEN	ENST00000567078	1
PROVISIONAL_NOT_FROZEN	ENST00000356887	0
PROVISIONAL_NOT_FROZEN	ENST00000421852	4
PROVISIONAL_NOT_FROZEN	ENST00000299572	4
PROVISIONAL_NOT_FROZEN	ENST00000398835	3
PROVISIONAL_NOT_FROZEN	ENST00000599551	4
PROVISIONAL_NOT_FROZEN	ENST00000265758	3
PROVISIONAL_NOT_FROZEN	ENST00000606245	1
PROVISIONAL_NOT_FROZEN	ENST00000595831	1
PROVISIONAL_NOT_FROZEN	ENST00000402419	1
PROVISIONAL_NOT_FROZEN	ENST00000600719	3
PROVISIONAL_NOT_FROZEN	ENST00000465373	0
PROVISIONAL_NOT_FROZEN	ENST00000452798	3
PROVISIONAL_NOT_FROZEN	ENST00000307677	0
PROVISIONAL_NOT_FROZEN	ENST00000429568	2
PROVISIONAL_NOT_FROZEN	ENST00000392271	4
PROVISIONAL_NOT_FROZEN	ENST00000523848	2
PROVISIONAL_NOT_FROZEN	ENST00000505218	2
PROVISIONAL_NOT_FROZEN	ENST00000556153	3
PROVISIONAL_NOT_FROZEN	ENST00000592632	2
PROVISIONAL_NOT_FROZEN	ENST00000528812	2
PROVISIONAL_NOT_FROZEN	ENST00000502508	0
PROVISIONAL_NOT_FROZEN	ENST00000581486	0
PROVISIONAL_NOT_FROZEN	ENST00000461517	2
PROVISIONAL_NOT_FROZEN	ENST00000589126	0
PROVISIONAL_NOT_FROZEN	ENST00000443799	3
PROVISIONAL_NOT_FROZEN	ENST00000502702	1
PROVISIONAL_NOT_FROZEN	ENST00000246551	3
PROVISIONAL_NOT_FROZEN	ENST00000412087	3
PROVISIONAL_NOT_FROZEN	ENST00000623978	1
PROVISIONAL_NOT_FROZEN	ENST00000498103	2
PROVISIONAL_NOT_FROZEN	ENST00000474701	1
PROVISIONAL_NOT_FROZEN	ENST00000544442	4
PROVISIONAL_NOT_FROZEN	ENST00000206020	4
PROVISIONAL_NOT_FROZEN	ENST00000587509	0
PROVISIONAL_NOT_FROZEN	ENST00000456915	4
PROVISIONAL_NOT_FROZEN	ENST00000354858	3
PROVISIONAL_NOT_FROZEN	ENST00000377575	0
PROVISIONAL_NOT_FROZEN	ENST00000505273	3
PROVISIONAL_NOT_FROZEN	ENST00000469924	1
PROVISIONAL_NOT_FROZEN	ENST00000372123	4
PROVISIONAL_NOT_FROZEN	ENST00000567045	3
PROVISIONAL_NOT_FROZEN	ENST00000225665	1
PROVISIONAL_NOT_FROZEN	ENST00000470554	2
PROVISIONAL_NOT_FROZEN	ENST00000634734	3
PROVISIONAL_NOT_FROZEN	ENST00000455650	1
PROVISIONAL_NOT_FROZEN	ENST00000563711	0
PROVISIONAL_NOT_FROZEN	ENST00000465511	1
PROVISIONAL_NOT_FROZEN	ENST00000495422	1
PROVISIONAL_NOT_FROZEN	ENST00000462913	2
PROVISIONAL_NOT_FROZEN	ENST00000495764	1
PROVISIONAL_NOT_FROZEN	ENST00000498425	2
PROVISIONAL_NOT_FROZEN	ENST00000413555	2
PROVISIONAL_NOT_FROZEN	ENST00000409292	1
PROVISIONAL_NOT_FROZEN	ENST00000446998	1
PROVISIONAL_NOT_FROZEN	ENST00000229595	4
PROVISIONAL_NOT_FROZEN	ENST00000598734	3
PROVISIONAL_NOT_FROZEN	ENST00000583407	1
PROVISIONAL_NOT_FROZEN	ENST00000247668	0
PROVISIONAL_NOT_FROZEN	ENST00000477976	3
PROVISIONAL_NOT_FROZEN	ENST00000462494	2
PROVISIONAL_NOT_FROZEN	ENST00000396525	2
PROVISIONAL_NOT_FROZEN	ENST00000608100	2
PROVISIONAL_NOT_FROZEN	ENST00000553070	1
PROVISIONAL_NOT_FROZEN	ENST00000549098	0
PROVISIONAL_NOT_FROZEN	ENST00000526110	2
PROVISIONAL_NOT_FROZEN	ENST00000392205	0
PROVISIONAL_NOT_FROZEN	ENST00000333651	0
PROVISIONAL_NOT_FROZEN	ENST00000520227	4
PROVISIONAL_NOT_FROZEN	ENST00000521399	1
PROVISIONAL_NOT_FROZEN	ENST00000310564	1
PROVISIONAL_NOT_FROZEN	ENST00000371361	3
PROVISIONAL_NOT_FROZEN	ENST00000372775	3
PROVISIONAL_NOT_FROZEN	ENST00000295955	4
PROVISIONAL_NOT_FROZEN	ENST00000451614	3
PROVISIONAL_NOT_FROZEN	ENST00000369494	4
PROVISIONAL_NOT_FROZEN	ENST00000472420	1
PROVISIONAL_NOT_FROZEN	ENST00000542112	3
PROVISIONAL_NOT_FROZEN	ENST00000442798	2
PROVISIONAL_NOT_FROZEN	ENST00000530604	3
PROVISIONAL_NOT_FROZEN	ENST00000592035	2
PROVISIONAL_NOT_FROZEN	ENST00000573406	0
PROVISIONAL_NOT_FROZEN	ENST00000555543	2
PROVISIONAL_NOT_FROZEN	ENST00000367627	4
PROVISIONAL_NOT_FROZEN	ENST00000326631	3
PROVISIONAL_NOT_FROZEN	ENST00000465688	1
PROVISIONAL_NOT_FROZEN	ENST00000479113	2
PROVISIONAL_NOT_FROZEN	ENST00000542793	1
PROVISIONAL_NOT_FROZEN	ENST00000601232	3
PROVISIONAL_NOT_FROZEN	ENST00000478908	2
PROVISIONAL_NOT_FROZEN	ENST00000526510	1
PROVISIONAL_NOT_FROZEN	ENST00000424567	3
PROVISIONAL_NOT_FROZEN	ENST00000244227	4
PROVISIONAL_NOT_FROZEN	ENST00000466152	1
PROVISIONAL_NOT_FROZEN	ENST00000504309	2
PROVISIONAL_NOT_FROZEN	ENST00000497322	2
PROVISIONAL_NOT_FROZEN	ENST00000442189	4
PROVISIONAL_NOT_FROZEN	ENST00000216479	4
PROVISIONAL_NOT_FROZEN	ENST00000573196	1
PROVISIONAL_NOT_FROZEN	ENST00000618613	0
PROVISIONAL_NOT_FROZEN	ENST00000447927	2
PROVISIONAL_NOT_FROZEN	ENST00000492721	3
PROVISIONAL_NOT_FROZEN	ENST00000418163	0
PROVISIONAL_NOT_FROZEN	ENST00000441321	3
PROVISIONAL_NOT_FROZEN	ENST00000529905	3
PROVISIONAL_NOT_FROZEN	ENST00000202834	0
PROVISIONAL_NOT_FROZEN	ENST00000393099	4
PROVISIONAL_NOT_FROZEN	ENST00000602819	0
PROVISIONAL_NOT_FROZEN	ENST00000531790	1
PROVISIONAL_NOT_FROZEN	ENST00000456662	3
PROVISIONAL_NOT_FROZEN	ENST00000462248	0
PROVISIONAL_NOT_FROZEN	ENST00000498406	4
PROVISIONAL_NOT_FROZEN	ENST00000013807	1
PROVISIONAL_NOT_FROZEN	ENST00000522791	4
PROVISIONAL_NOT_FROZEN	ENST00000635274	1
PROVISIONAL_NOT_FROZEN	ENST00000511164	1
PROVISIONAL_NOT_FROZEN	ENST00000263168	3
PROVISIONAL_NOT_FROZEN	ENST00000466194	0
PROVISIONAL_NOT_FROZEN	ENST00000435191	2
PROVISIONAL_NOT_FROZEN	ENST00000374213	1
PROVISIONAL_NOT_FROZEN	ENST00000621534	3
PROVISIONAL_NOT_FROZEN	ENST00000598567	3
PROVISIONAL_NOT_FROZEN	ENST00000449323	3
PROVISIONAL_NOT_FROZEN	ENST00000543004	4
PROVISIONAL_NOT_FROZEN	ENST00000234170	0
PROVISIONAL_NOT_FROZEN	ENST00000482190	2
PROVISIONAL_NOT_FROZEN	ENST00000463503	3
PROVISIONAL_NOT_FROZEN	ENST00000491192	2
PROVISIONAL_NOT_FROZEN	ENST00000427159	1
PROVISIONAL_NOT_FROZEN	ENST00000478723	3
PROVISIONAL_NOT_FROZEN	ENST00000479164	4
PROVISIONAL_NOT_FROZEN	ENST00000442699	2
PROVISIONAL_NOT_FROZEN	ENST00000264258	2
PROVISIONAL_NOT_FROZEN	ENST00000451678	4
PROVISIONAL_NOT_FROZEN	ENST00000325327	3
PROVISIONAL_NOT_FROZEN	ENST00000315741	3
PROVISIONAL_NOT_FROZEN	ENST00000551018	3
PROVISIONAL_NOT_FROZEN	ENST00000337387	2
PROVISIONAL_NOT_FROZEN	ENST00000509031	0
PROVISIONAL_NOT_FROZEN	ENST00000409850	1
PROVISIONAL_NOT_FROZEN	ENST00000378888	4
PROVISIONAL_NOT_FROZEN	ENST00000264093	4
PROVISIONAL_NOT_FROZEN	ENST00000371648	3
PROVISIONAL_NOT_FROZEN	ENST00000441122	4
PROVISIONAL_NOT_FROZEN	ENST00000325612	0
PROVISIONAL_NOT_FROZEN	ENST00000273968	2
PROVISIONAL_NOT_FROZEN	ENST00000422948	3
PROVISIONAL_NOT_FROZEN	ENST00000409841	4
PROVISIONAL_NOT_FROZEN	ENST00000378959	3
PROVISIONAL_NOT_FROZEN	ENST00000498274	0
PROVISIONAL_NOT_FROZEN	ENST00000589735	2
PROVISIONAL_NOT_FROZEN	ENST00000527797	2
PROVISIONAL_NOT_FROZEN	ENST00000460906	3
PROVISIONAL_NOT_FROZEN	ENST00000469663	1
PROVISIONAL_NOT_FROZEN	ENST00000553666	0
PROVISIONAL_NOT_FROZEN	ENST00000487082	1
PROVISIONAL_NOT_FROZEN	ENST00000588049	2
PROVISIONAL_NOT_FROZEN	ENST00000520177	1
PROVISIONAL_NOT_FROZEN	ENST00000375040	3
PROVISIONAL_NOT_FROZEN	ENST00000462970	3
PROVISIONAL_NOT_FROZEN	ENST00000529797	3
PROVISIONAL_NOT_FROZEN	ENST00000411892	1
PROVISIONAL_NOT_FROZEN	ENST00000257863	1
PROVISIONAL_NOT_FROZEN	ENST00000599630	1
PROVISIONAL_NOT_FROZEN	ENST00000349157	4
PROVISIONAL_NOT_FROZEN	ENST00000560583	3
PROVISIONAL_NOT_FROZEN	ENST00000354811	1
PROVISIONAL_NOT_FROZEN	ENST00000472213	4
PROVISIONAL_NOT_FROZEN	ENST00000549183	0
PROVISIONAL_NOT_FROZEN	ENST00000477176	3
PROVISIONAL_NOT_FROZEN	ENST00000356663	1
PROVISIONAL_NOT_FROZEN	ENST00000621829	3
PROVISIONAL_NOT_FROZEN	ENST00000622889	3
PROVISIONAL_NOT_FROZEN	ENST00000350669	2
PROVISIONAL_NOT_FROZEN	ENST00000332858	1
PROVISIONAL_NOT_FROZEN	ENST00000413805	1
PROVISIONAL_NOT_FROZEN	ENST00000547365	4
PROVISIONAL_NOT_FROZEN	ENST00000472528	2
PROVISIONAL_NOT_FROZEN	ENST00000475506	0
PROVISIONAL_NOT_FROZEN	ENST00000461136	4
PROVISIONAL_NOT_FROZEN	ENST00000510020	0
PROVISIONAL_NOT_FROZEN	ENST00000319285	3
PROVISIONAL_NOT_FROZEN	ENST00000429238	1
PROVISIONAL_NOT_FROZEN	ENST00000522069	0
PROVISIONAL_NOT_FROZEN	ENST00000306090	1
PROVISIONAL_NOT_FROZEN	ENST00000613023	2
PROVISIONAL_NOT_FROZEN	ENST00000596731	1
PROVISIONAL_NOT_FROZEN	ENST00000470543	4
PROVISIONAL_NOT_FROZEN	ENST00000443291	2
PROVISIONAL_NOT_FROZEN	ENST00000421023	2
PROVISIONAL_NOT_FROZEN	ENST00000263309	2
PROVISIONAL_NOT_FROZEN	ENST00000593036	1
PROVISIONAL_NOT_FROZEN	ENST00000300851	4
PROVISIONAL_NOT_FROZEN	ENST00000558503	3
PROVISIONAL_NOT_FROZEN	ENST00000592940	0
PROVISIONAL_NOT_FROZEN	ENST00000528618	2
PROVISIONAL_NOT_FROZEN	ENST00000424739	4
PROVISIONAL_NOT_FROZEN	ENST00000435711	4
PROVISIONAL_NOT_FROZEN	ENST00000260953	0
PROVISIONAL_NOT_FROZEN	ENST00000439551	0
PROVISIONAL_NOT_FROZEN	ENST00000406943	1
PROVISIONAL_NOT_FROZEN	ENST00000583836	1
PROVISIONAL_NOT_FROZEN	ENST00000549068	2
PROVISIONAL_NOT_FROZEN	ENST00000528238	3
PROVISIONAL_NOT_FROZEN	ENST00000401419	2
PROVISIONAL_NOT_FROZEN	ENST00000498394	3
PROVISIONAL_NOT_FROZEN	ENST00000547228	3
PROVISIONAL_NOT_FROZEN	ENST00000521389	4
PROVISIONAL_NOT_FROZEN	ENST00000526165	1
PROVISIONAL_NOT_FROZEN	ENST00000261191	1
PROVISIONAL_NOT_FROZEN	ENST00000515719	1
PROVISIONAL_NOT_FROZEN	ENST00000539119	1
PROVISIONAL_NOT_FROZEN	ENST00000487698	3
PROVISIONAL_NOT_FROZEN	ENST00000533603	2
PROVISIONAL_NOT_FROZEN	ENST00000571735	0
PROVISIONAL_NOT_FROZEN	ENST00000314940	4
PROVISIONAL_NOT_FROZEN	ENST00000428098	3
PROVISIONAL_NOT_FROZEN	ENST00000491477	0
PROVISIONAL_NOT_FROZEN	ENST00000581621	3
PROVISIONAL_NOT_FROZEN	ENST00000254644	0
PROVISIONAL_NOT_FROZEN	ENST00000471173	4
PROVISIONAL_NOT_FROZEN	ENST00000585223	2
PROVISIONAL_NOT_FROZEN	ENST00000461421	2
PROVISIONAL_NOT_FROZEN	ENST00000558123	4
PROVISIONAL_NOT_FROZEN	ENST00000537479	4
PROVISIONAL_NOT_FROZEN	ENST00000600888	2
PROVISIONAL_NOT_FROZEN	ENST00000333628	1
PROVISIONAL_NOT_FROZEN	ENST00000441634	0
PROVISIONAL_NOT_FROZEN	ENST00000484841	2
PROVISIONAL_NOT_FROZEN	ENST00000529790	0
PROVISIONAL_NOT_FROZEN	ENST00000523622	1
PROVISIONAL_NOT_FROZEN	ENST00000455712	2
PROVISIONAL_NOT_FROZEN	ENST00000502563	1
PROVISIONAL_NOT_FROZEN	ENST00000476467	0
PROVISIONAL_NOT_FROZEN	ENST00000497289	2
PROVISIONAL_NOT_FROZEN	ENST00000370861	2
PROVISIONAL_NOT_FROZEN	ENST00000555351	1
PROVISIONAL_NOT_FROZEN	ENST00000565125	3
PROVISIONAL_NOT_FROZEN	ENST00000549557	4
PROVISIONAL_NOT_FROZEN	ENST00000276682	1
PROVISIONAL_NOT_FROZEN	ENST00000435815	2
PROVISIONAL_NOT_FROZEN	ENST00000592791	0
PROVISIONAL_NOT_FROZEN	ENST00000420738	0
PROVISIONAL_NOT_FROZEN	ENST00000526919	0
PROVISIONAL_NOT_FROZEN	ENST00000481798	2
PROVISIONAL_NOT_FROZEN	ENST00000394963	4
PROVISIONAL_NOT_FROZEN	ENST00000285298	1
PROVISIONAL_NOT_FROZEN	ENST00000419884	1
PROVISIONAL_NOT_FROZEN	ENST00000495344	4
PROVISIONAL_NOT_FROZEN	ENST00000492588	3
PROVISIONAL_NOT_FROZEN	ENST00000264893	2
PROVISIONAL_NOT_FROZEN	ENST00000381192	0
PROVISIONAL_NOT_FROZEN	ENST00000527822	1
PROVISIONAL_NOT_FROZEN	ENST00000510146	0
PROVISIONAL_NOT_FROZEN	ENST00000412323	0
PROVISIONAL_NOT_FROZEN	ENST00000594391	4
PROVISIONAL_NOT_FROZEN	ENST00000466129	1
PROVISIONAL_NOT_FROZEN	ENST00000479638	1
PROVISIONAL_NOT_FROZEN	ENST00000484036	2
PROVISIONAL_NOT_FROZEN	ENST00000555457	4
PROVISIONAL_NOT_FROZEN	ENST00000367378	0
PROVISIONAL_NOT_FROZEN	ENST00000478378	1
PROVISIONAL_NOT_FROZEN	ENST00000519522	3
PROVISIONAL_NOT_FROZEN	ENST00000583201	2
PROVISIONAL_NOT_FROZEN	ENST00000276585	1
PROVISIONAL_NOT_FROZEN	ENST00000435591	1
PROVISIONAL_NOT_FROZEN	ENST00000530037	1
PROVISIONAL_NOT_FROZEN	ENST00000267023	0
PROVISIONAL_NOT_FROZEN	ENST00000578181	3
PROVISIONAL_NOT_FROZEN	ENST00000595545	0
PROVISIONAL_NOT_FROZEN	ENST00000462329	3
PROVISIONAL_NOT_FROZEN	ENST00000528296	2
PROVISIONAL_NOT_FROZEN	ENST00000382873	3
PROVISIONAL_NOT_FROZEN	ENST00000533549	3
PROVISIONAL_NOT_FROZEN	ENST00000582401	4
PROVISIONAL_NOT_FROZEN	ENST00000249014	0
PROVISIONAL_NOT_FROZEN	ENST00000553581	2
PROVISIONAL_NOT_FROZEN	ENST00000468318	3
PROVISIONAL_NOT_FROZEN	ENST00000476587	4
PROVISIONAL_NOT_FROZEN	ENST00000543772	0
PROVISIONAL_NOT_FROZEN	ENST00000292147	0
PROVISIONAL_NOT_FROZEN	ENST00000578921	1
PROVISIONAL_NOT_FROZEN	ENST00000368096	0
PROVISIONAL_NOT_FROZEN	ENST00000564067	2
PROVISIONAL_NOT_FROZEN	ENST00000479899	4
PROVISIONAL_NOT_FROZEN	ENST00000544739	4
PROVISIONAL_NOT_FROZEN	ENST00000565738	2
PROVISIONAL_NOT_FROZEN	ENST00000541412	2
PROVISIONAL_NOT_FROZEN	ENST00000445477	0
PROVISIONAL_NOT_FROZEN	ENST00000453390	2
PROVISIONAL_NOT_FROZEN	ENST00000618773	1
PROVISIONAL_NOT_FROZEN	ENST00000630287	4
PROVISIONAL_NOT_FROZEN	ENST00000485226	4
PROVISIONAL_NOT_FROZEN	ENST00000292330	1
PROVISIONAL_NOT_FROZEN	ENST00000480938	0
PROVISIONAL_NOT_FROZEN	ENST00000564578	2
PROVISIONAL_NOT_FROZEN	ENST00000590406	4
PROVISIONAL_NOT_FROZEN	ENST00000245539	1
PROVISIONAL_NOT_FROZEN	ENST00000613119	0
PROVISIONAL_NOT_FROZEN	ENST00000494554	2
PROVISIONAL_NOT_FROZEN	ENST00000587913	0
PROVISIONAL_NOT_FROZEN	ENST00000262306	0
PROVISIONAL_NOT_FROZEN	ENST00000565723	3
PROVISIONAL_NOT_FROZEN	ENST00000487289	3
PROVISIONAL_NOT_FROZEN	ENST00000460082	2
PROVISIONAL_NOT_FROZEN	ENST00000332245	2
PROVISIONAL_NOT_FROZEN	ENST00000588919	0
PROVISIONAL_NOT_FROZEN	ENST00000569083	4
PROVISIONAL_NOT_FROZEN	ENST00000274242	3
PROVISIONAL_NOT_FROZEN	ENST00000589146	1
PROVISIONAL_NOT_FROZEN	ENST00000582198	0
PROVISIONAL_NOT_FROZEN	ENST00000494035	0
PROVISIONAL_NOT_FROZEN	ENST00000543054	0
PROVISIONAL_NOT_FROZEN	ENST00000326739	1
PROVISIONAL_NOT_FROZEN	ENST00000466067	4
PROVISIONAL_NOT_FROZEN	ENST00000504553	1
PROVISIONAL_NOT_FROZEN	ENST00000596494	1
PROVISIONAL_NOT_FROZEN	ENST00000258874	3
PROVISIONAL_NOT_FROZEN	ENST00000429550	1
PROVISIONAL_NOT_FROZEN	ENST00000564039	1
PROVISIONAL_NOT_FROZEN	ENST00000596314	3
PROVISIONAL_NOT_FROZEN	ENST00000569282	4
PROVISIONAL_NOT_FROZEN	ENST00000425035	4
PROVISIONAL_NOT_FROZEN	ENST00000421133	3
PROVISIONAL_NOT_FROZEN	ENST00000550645	2
PROVISIONAL_NOT_FROZEN	ENST00000468588	1
PROVISIONAL_NOT_FROZEN	ENST00000523281	2
PROVISIONAL_NOT_FROZEN	ENST00000467568	4
PROVISIONAL_NOT_FROZEN	ENST00000367869	3
PROVISIONAL_NOT_FROZEN	ENST00000399817	1
PROVISIONAL_NOT_FROZEN	ENST00000470646	2
PROVISIONAL_NOT_FROZEN	ENST00000266087	3
PROVISIONAL_NOT_FROZEN	ENST00000567391	0
PROVISIONAL_NOT_FROZEN	ENST00000524393	2
PROVISIONAL_NOT_FROZEN	ENST00000552946	1
PROVISIONAL_NOT_FROZEN	ENST00000502673	3
PROVISIONAL_NOT_FROZEN	ENST00000593114	0
PROVISIONAL_NOT_FROZEN	ENST00000335209	1
PROVISIONAL_NOT_FROZEN	ENST00000380859	4
PROVISIONAL_NOT_FROZEN	ENST00000323496	2
PROVISIONAL_NOT_FROZEN	ENST00000452355	1
PROVISIONAL_NOT_FROZEN	ENST00000490569	0
PROVISIONAL_NOT_FROZEN	ENST00000492623	1
PROVISIONAL_NOT_FROZEN	ENST00000596029	2
PROVISIONAL_NOT_FROZEN	ENST00000270142	1
PROVISIONAL_NOT_FROZEN	ENST00000484130	1
PROVISIONAL_NOT_FROZEN	ENST00000413202	2
PROVISIONAL_NOT_FROZEN	ENST00000537713	4
PROVISIONAL_NOT_FROZEN	ENST00000399696	1
PROVISIONAL_NOT_FROZEN	ENST00000580750	0
PROVISIONAL_NOT_FROZEN	ENST00000402252	0
PROVISIONAL_NOT_FROZEN	ENST00000489867	2
PROVISIONAL_NOT_FROZEN	ENST00000464126	3
PROVISIONAL_NOT_FROZEN	ENST00000493591	3
PROVISIONAL_NOT_FROZEN	ENST00000419030	2
PROVISIONAL_NOT_FROZEN	ENST00000371674	2
PROVISIONAL_NOT_FROZEN	ENST00000361567	4
PROVISIONAL_NOT_FROZEN	ENST00000579842	0
PROVISIONAL_NOT_FROZEN	ENST00000509731	0
PROVISIONAL_NOT_FROZEN	ENST00000579698	0
PROVISIONAL_NOT_FROZEN	ENST00000299626	0
PROVISIONAL_NOT_FROZEN	ENST00000493387	4
PROVISIONAL_NOT_FROZEN	ENST00000635077	3
PROVISIONAL_NOT_FROZEN	ENST00000533701	1
PROVISIONAL_NOT_FROZEN	ENST00000570172	0
PROVISIONAL_NOT_FROZEN	ENST00000547995	3
PROVISIONAL_NOT_FROZEN	ENST00000483489	1
PROVISIONAL_NOT_FROZEN	ENST00000480811	4
PROVISIONAL_NOT_FROZEN	ENST00000428401	4
PROVISIONAL_NOT_FROZEN	ENST00000263733	4
PROVISIONAL_NOT_FROZEN	ENST00000533274	3
PROVISIONAL_NOT_FROZEN	ENST00000228318	4
PROVISIONAL_NOT_FROZEN	ENST00000554056	2
PROVISIONAL_NOT_FROZEN	ENST00000590325	0
PROVISIONAL_NOT_FROZEN	ENST00000246785	4
PROVISIONAL_NOT_FROZEN	ENST00000586513	4
PROVISIONAL_NOT_FROZEN	ENST00000290155	4
PROVISIONAL_NOT_FROZEN	ENST00000546478	3
PROVISIONAL_NOT_FROZEN	ENST00000271308	4
PROVISIONAL_NOT_FROZEN	ENST00000246151	2
PROVISIONAL_NOT_FROZEN	ENST00000491177	1
PROVISIONAL_NOT_FROZEN	ENST00000592391	2
PROVISIONAL_NOT_FROZEN	ENST00000574175	0
PROVISIONAL_NOT_FROZEN	ENST00000520868	4
PROVISIONAL_NOT_FROZEN	ENST00000253329	4
PROVISIONAL_NOT_FROZEN	ENST00000599561	3
PROVISIONAL_NOT_FROZEN	ENST00000581920	4
PROVISIONAL_NOT_FROZEN	ENST00000463153	1
PROVISIONAL_NOT_FROZEN	ENST00000520132	1
PROVISIONAL_NOT_FROZEN	ENST00000541630	0
PROVISIONAL_NOT_FROZEN	ENST00000249923	4
PROVISIONAL_NOT_FROZEN	ENST00000488384	3
PROVISIONAL_NOT_FROZEN	ENST00000532069	2
PROVISIONAL_NOT_FROZEN	ENST00000555774	4
PROVISIONAL_NOT_FROZEN	ENST00000225171	2
PROVISIONAL_NOT_FROZEN	ENST00000510361	2
PROVISIONAL_NOT_FROZEN	ENST00000474171	1
PROVISIONAL_NOT_FROZEN	ENST00000290541	0
PROVISIONAL_NOT_FROZEN	ENST00000436817	3
PROVISIONAL_NOT_FROZEN	ENST00000376227	0
PROVISIONAL_NOT_FROZEN	ENST00000450116	1
PROVISIONAL_NOT_FROZEN	ENST00000379031	4
PROVISIONAL_NOT_FROZEN	ENST00000582805	1
PROVISIONAL_NOT_FROZEN	ENST00000499869	1
PROVISIONAL_NOT_FROZEN	ENST00000431556	1
PROVISIONAL_NOT_FROZEN	ENST00000590218	0
PROVISIONAL_NOT_FROZEN	ENST00000377745	1
PROVISIONAL_NOT_FROZEN	ENST00000591716	1
PROVISIONAL_NOT_FROZEN	ENST00000628881	3
PROVISIONAL_NOT_FROZEN	ENST00000371146	3
PROVISIONAL_NOT_FROZEN	ENST00000256854	3
PROVISIONAL_NOT_FROZEN	ENST00000452197	3
PROVISIONAL_NOT_FROZEN	ENST00000550600	1
PROVISIONAL_NOT_FROZEN	ENST00000552215	3
PROVISIONAL_NOT_FROZEN	ENST00000552087	2
PROVISIONAL_NOT_FROZEN	ENST00000282728	4
PROVISIONAL_NOT_FROZEN	ENST00000413644	4
PROVISIONAL_NOT_FROZEN	ENST00000280749	2
PROVISIONAL_NOT_FROZEN	ENST00000375344	1
PROVISIONAL_NOT_FROZEN	ENST00000587885	2
PROVISIONAL_NOT_FROZEN	ENST00000548538	4
PROVISIONAL_NOT_FROZEN	ENST00000584926	4
PROVISIONAL_NOT_FROZEN	ENST00000534465	3
PROVISIONAL_NOT_FROZEN	ENST00000494116	2
PROVISIONAL_NOT_FROZEN	ENST00000490252	1
PROVISIONAL_NOT_FROZEN	ENST00000310512	2
PROVISIONAL_NOT_FROZEN	ENST00000621093	2
PROVISIONAL_NOT_FROZEN	ENST00000425147	4
PROVISIONAL_NOT_FROZEN	ENST00000352957	1
PROVISIONAL_NOT_FROZEN	ENST00000557229	2
PROVISIONAL_NOT_FROZEN	ENST00000249209	0
PROVISIONAL_NOT_FROZEN	ENST00000418824	4
PROVISIONAL_NOT_FROZEN	ENST00000518008	2
PROVISIONAL_NOT_FROZEN	ENST00000378546	1
PROVISIONAL_NOT_FROZEN	ENST00000587692	0
PROVISIONAL_NOT_FROZEN	ENST00000321394	2
PROVISIONAL_NOT_FROZEN	ENST00000459853	1
PROVISIONAL_NOT_FROZEN	ENST00000592561	2
PROVISIONAL_NOT_FROZEN	ENST00000434985	0
PROVISIONAL_NOT_FROZEN	ENST00000415031	3
PROVISIONAL_NOT_FROZEN	ENST00000612558	2
PROVISIONAL_NOT_FROZEN	ENST00000221573	0
PROVISIONAL_NOT_FROZEN	ENST00000553161	0
PROVISIONAL_NOT_FROZEN	ENST00000264710	3
PROVISIONAL_NOT_FROZEN	ENST00000566617	0
PROVISIONAL_NOT_FROZEN	ENST00000411630	4
PROVISIONAL_NOT_FROZEN	ENST00000473414	2
PROVISIONAL_NOT_FROZEN	ENST00000579520	3
PROVISIONAL_NOT_FROZEN	ENST00000495186	2
PROVISIONAL_NOT_FROZEN	ENST00000477607	2
PROVISIONAL_NOT_FROZEN	ENST00000417493	2
PROVISIONAL_NOT_FROZEN	ENST00000547436	0
PROVISIONAL_NOT_FROZEN	ENST00000422424	4
PROVISIONAL_NOT_FROZEN	ENST00000585933	3
PROVISIONAL_NOT_FROZEN	ENST00000245857	2
PROVISIONAL_NOT_FROZEN	ENST00000402367	3
PROVISIONAL_NOT_FROZEN	ENST00000473486	3
PROVISIONAL_NOT_FROZEN	ENST00000621533	2
PROVISIONAL_NOT_FROZEN	ENST00000547945	2
PROVISIONAL_NOT_FROZEN	ENST00000591823	1
PROVISIONAL_NOT_FROZEN	ENST00000480366	2
PROVISIONAL_NOT_FROZEN	ENST00000484216	2
PROVISIONAL_NOT_FROZEN	ENST00000273435	3
PROVISIONAL_NOT_FROZEN	ENST00000541279	3
PROVISIONAL_NOT_FROZEN	ENST00000409321	1
PROVISIONAL_NOT_FROZEN	ENST00000456380	1
PROVISIONAL_NOT_FROZEN	ENST00000437553	3
PROVISIONAL_NOT_FROZEN	ENST00000484093	0
PROVISIONAL_NOT_FROZEN	ENST00000534555	2
PROVISIONAL_NOT_FROZEN	ENST00000361453	4
PROVISIONAL_NOT_FROZEN	ENST00000376573	4
PROVISIONAL_NOT_FROZEN	ENST00000561468	1
PROVISIONAL_NOT_FROZEN	ENST00000544902	2
PROVISIONAL_NOT_FROZEN	ENST00000504092	2
PROVISIONAL_NOT_FROZEN	ENST00000485633	4
PROVISIONAL_NOT_FROZEN	ENST00000422915	0
PROVISIONAL_NOT_FROZEN	ENST00000582935	0
PROVISIONAL_NOT_FROZEN	ENST00000370767	4
PROVISIONAL_NOT_FROZEN	ENST00000370985	3
PROVISIONAL_NOT_FROZEN	ENST00000567149	2
PROVISIONAL_NOT_FROZEN	ENST00000261015	0
PROVISIONAL_NOT_FROZEN	ENST00000379715	0
PROVISIONAL_NOT_FROZEN	ENST00000483428	3
PROVISIONAL_NOT_FROZEN	ENST00000375972	0
PROVISIONAL_NOT_FROZEN	ENST00000606722	1
PROVISIONAL_NOT_FROZEN	ENST00000482744	3
PROVISIONAL_NOT_FROZEN	ENST00000593062	4
PROVISIONAL_NOT_FROZEN	ENST00000456948	2
PROVISIONAL_NOT_FROZEN	ENST00000514825	0
PROVISIONAL_NOT_FROZEN	ENST00000460660	0
PROVISIONAL_NOT_FROZEN	ENST00000388837	1
PROVISIONAL_NOT_FROZEN	ENST00000394673	4
PROVISIONAL_NOT_FROZEN	ENST00000414893	1
PROVISIONAL_NOT_FROZEN	ENST00000461260	2
PROVISIONAL_NOT_FROZEN	ENST00000599500	3
PROVISIONAL_NOT_FROZEN	ENST00000406376	0
PROVISIONAL_NOT_FROZEN	ENST00000558243	2
PROVISIONAL_NOT_FROZEN	ENST00000406913	4
PROVISIONAL_NOT_FROZEN	ENST00000584712	0
PROVISIONAL_NOT_FROZEN	ENST00000344063	3
PROVISIONAL_NOT_FROZEN	ENST00000205194	4
PROVISIONAL_NOT_FROZEN	ENST00000534482	2
PROVISIONAL_NOT_FROZEN	ENST00000409987	1
PROVISIONAL_NOT_FROZEN	ENST00000503562	4
PROVISIONAL_NOT_FROZEN	ENST00000611507	3
PROVISIONAL_NOT_FROZEN	ENST00000392168	2
PROVISIONAL_NOT_FROZEN	ENST00000381026	3
PROVISIONAL_NOT_FROZEN	ENST00000289373	2
PROVISIONAL_NOT_FROZEN	ENST00000462236	0
PROVISIONAL_NOT_FROZEN	ENST00000185150	2
PROVISIONAL_NOT_FROZEN	ENST00000584008	4
PROVISIONAL_NOT_FROZEN	ENST00000414761	2
PROVISIONAL_NOT_FROZEN	ENST00000571129	1
PROVISIONAL_NOT_FROZEN	ENST00000479759	1
PROVISIONAL_NOT_FROZEN	ENST00000488712	4
PROVISIONAL_NOT_FROZEN	ENST00000602845	2
PROVISIONAL_NOT_FROZEN	ENST00000413490	4
PROVISIONAL_NOT_FROZEN	ENST00000220584	2
PROVISIONAL_NOT_FROZEN	ENST00000598564	4
PROVISIONAL_NOT_FROZEN	ENST00000477964	3
PROVISIONAL_NOT_FROZEN	ENST00000570149	4
PROVISIONAL_NOT_FROZEN	ENST00000435827	1
PROVISIONAL_NOT_FROZEN	ENST00000330205	0
PROVISIONAL_NOT_FROZEN	ENST00000505987	4
PROVISIONAL_NOT_FROZEN	ENST00000439747	4
PROVISIONAL_NOT_FROZEN	ENST00000419534	3
PROVISIONAL_NOT_FROZEN	ENST00000523082	0
PROVISIONAL_NOT_FROZEN	ENST00000479658	2
PROVISIONAL_NOT_FROZEN	ENST00000541549	1
PROVISIONAL_NOT_FROZEN	ENST00000594907	4
PROVISIONAL_NOT_FROZEN	ENST00000319826	2
PROVISIONAL_NOT_FROZEN	ENST00000373014	2
PROVISIONAL_NOT_FROZEN	ENST00000494312	3
PROVISIONAL_NOT_FROZEN	ENST00000557287	4
PROVISIONAL_NOT_FROZEN	ENST00000477897	4
PROVISIONAL_NOT_FROZEN	ENST00000357430	2
PROVISIONAL_NOT_FROZEN	ENST00000520677	3
PROVISIONAL_NOT_FROZEN	ENST00000584906	0
PROVISIONAL_NOT_FROZEN	ENST00000467591	0
PROVISIONAL_NOT_FROZEN	ENST00000421431	4
PROVISIONAL_NOT_FROZEN	ENST00000407698	3
PROVISIONAL_NOT_FROZEN	ENST00000547276	1
PROVISIONAL_NOT_FROZEN	ENST00000531329	0
PROVISIONAL_NOT_FROZEN	ENST00000293861	2
PROVISIONAL_NOT_FROZEN	ENST00000553677	4
PROVISIONAL_NOT_FROZEN	ENST00000541231	0
PROVISIONAL_NOT_FROZEN	ENST00000465139	1
PROVISIONAL_NOT_FROZEN	ENST00000492672	0
PROVISIONAL_NOT_FROZEN	ENST00000513781	0
PROVISIONAL_NOT_FROZEN	ENST00000257497	2
PROVISIONAL_NOT_FROZEN	ENST00000492367	3
PROVISIONAL_NOT_FROZEN	ENST00000637660	1
PROVISIONAL_NOT_FROZEN	ENST00000576209	2
PROVISIONAL_NOT_FROZEN	ENST00000619120	1
PROVISIONAL_NOT_FROZEN	ENST00000433727	2
PROVISIONAL_NOT_FROZEN	ENST00000620514	2
PROVISIONAL_NOT_FROZEN	ENST00000484101	4
PROVISIONAL_NOT_FROZEN	ENST00000482968	2
PROVISIONAL_NOT_FROZEN	ENST00000413677	4
PROVISIONAL_NOT_FROZEN	ENST00000373622	2
PROVISIONAL_NOT_FROZEN	ENST00000561886	2
PROVISIONAL_NOT_FROZEN	ENST00000567436	4
PROVISIONAL_NOT_FROZEN	ENST00000530929	3
PROVISIONAL_NOT_FROZEN	ENST00000294189	4
PROVISIONAL_NOT_FROZEN	ENST00000450169	1
PROVISIONAL_NOT_FROZEN	ENST00000368759	1
PROVISIONAL_NOT_FROZEN	ENST00000330459	4
PROVISIONAL_NOT_FROZEN	ENST00000306634	4
PROVISIONAL_NOT_FROZEN	ENST00000507716	0
PROVISIONAL_NOT_FROZEN	ENST00000461022	1
PROVISIONAL_NOT_FROZEN	ENST00000242577	0
PROVISIONAL_NOT_FROZEN	ENST00000166345	3
PROVISIONAL_NOT_FROZEN	ENST00000415116	2
PROVISIONAL_NOT_FROZEN	ENST00000586851	1
PROVISIONAL_NOT_FROZEN	ENST00000598027	3
PROVISIONAL_NOT_FROZEN	ENST00000548984	3
PROVISIONAL_NOT_FROZEN	ENST00000367103	0
PROVISIONAL_NOT_FROZEN	ENST00000469141	2
PROVISIONAL_NOT_FROZEN	ENST00000358239	1
PROVISIONAL_NOT_FROZEN	ENST00000476955	2
PROVISIONAL_NOT_FROZEN	ENST00000614905	0
PROVISIONAL_NOT_FROZEN	ENST00000376016	0
PROVISIONAL_NOT_FROZEN	ENST00000553660	4
PROVISIONAL_NOT_FROZEN	ENST00000373159	2
PROVISIONAL_NOT_FROZEN	ENST00000414075	3
PROVISIONAL_NOT_FROZEN	ENST00000554988	3
PROVISIONAL_NOT_FROZEN	ENST00000446334	4
PROVISIONAL_NOT_FROZEN	ENST00000372674	0
PROVISIONAL_NOT_FROZEN	ENST00000252594	3
PROVISIONAL_NOT_FROZEN	ENST00000462107	0
PROVISIONAL_NOT_FROZEN	ENST00000445577	1
PROVISIONAL_NOT_FROZEN	ENST00000520417	0
PROVISIONAL_NOT_FROZEN	ENST00000572154	0
PROVISIONAL_NOT_FROZEN	ENST00000362079	3
PROVISIONAL_NOT_FROZEN	ENST00000431445	3
PROVISIONAL_NOT_FROZEN	ENST00000256441	0
PROVISIONAL_NOT_FROZEN	ENST00000277165	4
PROVISIONAL_NOT_FROZEN	ENST00000324379	3
PROVISIONAL_NOT_FROZEN	ENST00000478109	4
PROVISIONAL_NOT_FROZEN	ENST00000436725	0
PROVISIONAL_NOT_FROZEN	ENST00000369817	2
PROVISIONAL_NOT_FROZEN	ENST00000442381	0
PROVISIONAL_NOT_FROZEN	ENST00000586349	1
PROVISIONAL_NOT_FROZEN	ENST00000237654	1
PROVISIONAL_NOT_FROZEN	ENST00000531115	2
PROVISIONAL_NOT_FROZEN	ENST00000569451	0
PROVISIONAL_NOT_FROZEN	ENST00000569466	3
PROVISIONAL_NOT_FROZEN	ENST00000378460	0
PROVISIONAL_NOT_FROZEN	ENST00000464794	2
PROVISIONAL_NOT_FROZEN	ENST00000307714	3
PROVISIONAL_NOT_FROZEN	ENST00000367308	4
PROVISIONAL_NOT_FROZEN	ENST00000272227	2
PROVISIONAL_NOT_FROZEN	ENST00000393537	4
PROVISIONAL_NOT_FROZEN	ENST00000359803	3
PROVISIONAL_NOT_FROZEN	ENST00000555030	4
PROVISIONAL_NOT_FROZEN	ENST00000556724	3
PROVISIONAL_NOT_FROZEN	ENST00000396969	2
PROVISIONAL_NOT_FROZEN	ENST00000460925	4
PROVISIONAL_NOT_FROZEN	ENST00000372360	1
PROVISIONAL_NOT_FROZEN	ENST00000596605	3
PROVISIONAL_NOT_FROZEN	ENST00000545822	4
PROVISIONAL_NOT_FROZEN	ENST00000409105	3
PROVISIONAL_NOT_FROZEN	ENST00000507777	0
PROVISIONAL_NOT_FROZEN	ENST00000409735	3
PROVISIONAL_NOT_FROZEN	ENST00000514753	0
PROVISIONAL_NOT_FROZEN	ENST00000466588	4
PROVISIONAL_NOT_FROZEN	ENST00000333050	4
PROVISIONAL_NOT_FROZEN	ENST00000246194	3
PROVISIONAL_NOT_FROZEN	ENST00000518747	2
PROVISIONAL_NOT_FROZEN	ENST00000374358	1
PROVISIONAL_NOT_FROZEN	ENST00000515325	3
PROVISIONAL_NOT_FROZEN	ENST00000319725	0
PROVISIONAL_NOT_FROZEN	ENST00000441998	1
PROVISIONAL_NOT_FROZEN	ENST00000265333	3
PROVISIONAL_NOT_FROZEN	ENST00000485515	0
PROVISIONAL_NOT_FROZEN	ENST00000555585	3
PROVISIONAL_NOT_FROZEN	ENST00000621663	2
PROVISIONAL_NOT_FROZEN	ENST00000513022	0
PROVISIONAL_NOT_FROZEN	ENST00000563060	0
PROVISIONAL_NOT_FROZEN	ENST00000407441	2
PROVISIONAL_NOT_FROZEN	ENST00000592623	4
PROVISIONAL_NOT_FROZEN	ENST00000483764	2
PROVISIONAL_NOT_FROZEN	ENST00000380384	0
PROVISIONAL_NOT_FROZEN	ENST00000551475	0
PROVISIONAL_NOT_FROZEN	ENST00000580947	0
PROVISIONAL_NOT_FROZEN	ENST00000329276	3
PROVISIONAL_NOT_FROZEN	ENST00000337132	1
PROVISIONAL_NOT_FROZEN	ENST00000463057	0
PROVISIONAL_NOT_FROZEN	ENST00000355029	3
PROVISIONAL_NOT_FROZEN	ENST00000547211	0
PROVISIONAL_NOT_FROZEN	ENST00000265093	1
PROVISIONAL_NOT_FROZEN	ENST00000424608	3
PROVISIONAL_NOT_FROZEN	ENST00000589168	1
PROVISIONAL_NOT_FROZEN	ENST00000361871	1
PROVISIONAL_NOT_FROZEN	ENST00000426263	4
PROVISIONAL_NOT_FROZEN	ENST00000482202	4
PROVISIONAL_NOT_FROZEN	ENST00000588548	4
PROVISIONAL_NOT_FROZEN	ENST00000455404	3
PROVISIONAL_NOT_FROZEN	ENST00000563861	3
PROVISIONAL_NOT_FROZEN	ENST00000589251	3
PROVISIONAL_NOT_FROZEN	ENST00000463824	0
PROVISIONAL_NOT_FROZEN	ENST00000503112	3
PROVISIONAL_NOT_FROZEN	ENST00000528957	2
PROVISIONAL_NOT_FROZEN	ENST00000418541	2
PROVISIONAL_NOT_FROZEN	ENST00000550713	1
PROVISIONAL_NOT_FROZEN	ENST00000561775	3
PROVISIONAL_NOT_FROZEN	ENST00000553198	1
PROVISIONAL_NOT_FROZEN	ENST00000403721	3
PROVISIONAL_NOT_FROZEN	ENST00000344318	1
PROVISIONAL_NOT_FROZEN	ENST00000615226	1
PROVISIONAL_NOT_FROZEN	ENST00000595180	0
PROVISIONAL_NOT_FROZEN	ENST00000522887	3
PROVISIONAL_NOT_FROZEN	ENST00000547869	4
PROVISIONAL_NOT_FROZEN	ENST00000374078	3
PROVISIONAL_NOT_FROZEN	ENST00000541265	3
PROVISIONAL_NOT_FROZEN	ENST00000457576	2
PROVISIONAL_NOT_FROZEN	ENST00000427282	0
PROVISIONAL_NOT_FROZEN	ENST00000529460	0
PROVISIONAL_NOT_FROZEN	ENST00000435414	0
PROVISIONAL_NOT_FROZEN	ENST00000546990	0
PROVISIONAL_NOT_FROZEN	ENST00000522551	3
PROVISIONAL_NOT_FROZEN	ENST00000590940	1
PROVISIONAL_NOT_FROZEN	ENST00000488398	2
PROVISIONAL_NOT_FROZEN	ENST00000548214	0
PROVISIONAL_NOT_FROZEN	ENST00000359461	1
PROVISIONAL_NOT_FROZEN	ENST00000482739	3
PROVISIONAL_NOT_FROZEN	ENST00000486699	3
PROVISIONAL_NOT_FROZEN	ENST00000364043	4
PROVISIONAL_NOT_FROZEN	ENST00000473257	2
PROVISIONAL_NOT_FROZEN	ENST00000490094	2
PROVISIONAL_NOT_FROZEN	ENST00000517351	4
PROVISIONAL_NOT_FROZEN	ENST00000252602	1
PROVISIONAL_NOT_FROZEN	ENST00000343023	1
PROVISIONAL_NOT_FROZEN	ENST00000540933	2
PROVISIONAL_NOT_FROZEN	ENST00000483140	4
PROVISIONAL_NOT_FROZEN	ENST00000472226	2
PROVISIONAL_NOT_FROZEN	ENST00000301057	3
PROVISIONAL_NOT_FROZEN	ENST00000541658	2
PROVISIONAL_NOT_FROZEN	ENST00000539507	1
PROVISIONAL_NOT_FROZEN	ENST00000492758	1
PROVISIONAL_NOT_FROZEN	ENST00000442386	2
PROVISIONAL_NOT_FROZEN	ENST00000371388	2
PROVISIONAL_NOT_FROZEN	ENST00000614256	1
PROVISIONAL_NOT_FROZEN	ENST00000382451	1
PROVISIONAL_NOT_FROZEN	ENST00000557929	3
PROVISIONAL_NOT_FROZEN	ENST00000467544	2
PROVISIONAL_NOT_FROZEN	ENST00000466396	4
PROVISIONAL_NOT_FROZEN	ENST00000468844	3
PROVISIONAL_NOT_FROZEN	ENST00000303910	4
PROVISIONAL_NOT_FROZEN	ENST00000630269	1
PROVISIONAL_NOT_FROZEN	ENST00000456676	1
PROVISIONAL_NOT_FROZEN	ENST00000252699	1
PROVISIONAL_NOT_FROZEN	ENST00000009589	1
PROVISIONAL_NOT_FROZEN	ENST00000531688	1
PROVISIONAL_NOT_FROZEN	ENST00000531228	3
PROVISIONAL_NOT_FROZEN	ENST00000367924	2
PROVISIONAL_NOT_FROZEN	ENST00000495447	1
PROVISIONAL_NOT_FROZEN	ENST00000531727	1
PROVISIONAL_NOT_FROZEN	ENST00000245812	3
PROVISIONAL_NOT_FROZEN	ENST00000531975	2
PROVISIONAL_NOT_FROZEN	ENST00000421258	3
PROVISIONAL_NOT_FROZEN	ENST00000431116	0
PROVISIONAL_NOT_FROZEN	ENST00000239891	3
PROVISIONAL_NOT_FROZEN	ENST00000498385	2
PROVISIONAL_NOT_FROZEN	ENST00000490178	0
PROVISIONAL_NOT_FROZEN	ENST00000291568	2
PROVISIONAL_NOT_FROZEN	ENST00000543528	4
PROVISIONAL_NOT_FROZEN	ENST00000625294	0
PROVISIONAL_NOT_FROZEN	ENST00000493929	1
PROVISIONAL_NOT_FROZEN	ENST00000489344	4
PROVISIONAL_NOT_FROZEN	ENST00000415424	2
PROVISIONAL_NOT_FROZEN	ENST00000518955	2
PROVISIONAL_NOT_FROZEN	ENST00000538193	4
PROVISIONAL_NOT_FROZEN	ENST00000475365	0
PROVISIONAL_NOT_FROZEN	ENST00000429789	0
PROVISIONAL_NOT_FROZEN	ENST00000484462	0
PROVISIONAL_NOT_FROZEN	ENST00000483503	4
PROVISIONAL_NOT_FROZEN	ENST00000555031	2
PROVISIONAL_NOT_FROZEN	ENST00000326974	2
PROVISIONAL_NOT_FROZEN	ENST00000462637	3
PROVISIONAL_NOT_FROZEN	ENST00000479691	4
PROVISIONAL_NOT_FROZEN	ENST00000345506	3
PROVISIONAL_NOT_FROZEN	ENST00000589108	1
PROVISIONAL_NOT_FROZEN	ENST00000511207	0
PROVISIONAL_NOT_FROZEN	ENST00000618771	2
PROVISIONAL_NOT_FROZEN	ENST00000532161	0
PROVISIONAL_NOT_FROZEN	ENST00000618741	3
PROVISIONAL_NOT_FROZEN	ENST00000317479	1
PROVISIONAL_NOT_FROZEN	ENST00000571503	3
PROVISIONAL_NOT_FROZEN	ENST00000592841	0
PROVISIONAL_NOT_FROZEN	ENST00000495365	4
PROVISIONAL_NOT_FROZEN	ENST00000241704	3
PROVISIONAL_NOT_FROZEN	ENST00000530089	0
PROVISIONAL_NOT_FROZEN	ENST00000542996	4
PROVISIONAL_NOT_FROZEN	ENST00000335698	3
PROVISIONAL_NOT_FROZEN	ENST00000443003	3
PROVISIONAL_NOT_FROZEN	ENST00000374859	3
PROVISIONAL_NOT_FROZEN	ENST00000460044	3
PROVISIONAL_NOT_FROZEN	ENST00000429759	4
PROVISIONAL_NOT_FROZEN	ENST00000591735	0
PROVISIONAL_NOT_FROZEN	ENST00000485147	2
PROVISIONAL_NOT_FROZEN	ENST00000434010	0
PROVISIONAL_NOT_FROZEN	ENST00000361198	0
PROVISIONAL_NOT_FROZEN	ENST00000478124	0
PROVISIONAL_NOT_FROZEN	ENST00000368696	4
PROVISIONAL_NOT_FROZEN	ENST00000630046	3
PROVISIONAL_NOT_FROZEN	ENST00000475819	3
PROVISIONAL_NOT_FROZEN	ENST00000549966	0
PROVISIONAL_NOT_FROZEN	ENST00000510663	2
PROVISIONAL_NOT_FROZEN	ENST00000265734	4
PROVISIONAL_NOT_FROZEN	ENST00000306065	0
PROVISIONAL_NOT_FROZEN	ENST00000503303	3
PROVISIONAL_NOT_FROZEN	ENST00000337198	4
PROVISIONAL_NOT_FROZEN	ENST00000377982	1
PROVISIONAL_NOT_FROZEN	ENST00000434796	3
PROVISIONAL_NOT_FROZEN	ENST00000262962	1
PROVISIONAL_NOT_FROZEN	ENST00000594144	2
PROVISIONAL_NOT_FROZEN	ENST00000391932	0
PROVISIONAL_NOT_FROZEN	ENST00000435761	2
PROVISIONAL_NOT_FROZEN	ENST00000376588	2
PROVISIONAL_NOT_FROZEN	ENST00000590677	4
PROVISIONAL_NOT_FROZEN	ENST00000418625	4
PROVISIONAL_NOT_FROZEN	ENST00000409804	0
PROVISIONAL_NOT_FROZEN	ENST00000371538	3
PROVISIONAL_NOT_FROZEN	ENST00000215909	2
PROVISIONAL_NOT_FROZEN	ENST00000587385	1
PROVISIONAL_NOT_FROZEN	ENST00000429938	3
PROVISIONAL_NOT_FROZEN	ENST00000466147	1
PROVISIONAL_NOT_FROZEN	ENST00000473748	1
PROVISIONAL_NOT_FROZEN	ENST00000472378	3
PROVISIONAL_NOT_FROZEN	ENST00000507465	3
PROVISIONAL_NOT_FROZEN	ENST00000531323	3
PROVISIONAL_NOT_FROZEN	ENST00000574007	2
PROVISIONAL_NOT_FROZEN	ENST00000492510	4
PROVISIONAL_NOT_FROZEN	ENST00000575842	2
PROVISIONAL_NOT_FROZEN	ENST00000279387	0
PROVISIONAL_NOT_FROZEN	ENST00000396610	2
PROVISIONAL_NOT_FROZEN	ENST00000598246	2
PROVISIONAL_NOT_FROZEN	ENST00000470396	3
PROVISIONAL_NOT_FROZEN	ENST00000419338	3
PROVISIONAL_NOT_FROZEN	ENST00000498752	1
PROVISIONAL_NOT_FROZEN	ENST00000273130	3
PROVISIONAL_NOT_FROZEN	ENST00000612337	3
PROVISIONAL_NOT_FROZEN	ENST00000533507	2
PROVISIONAL_NOT_FROZEN	ENST00000422782	2
PROVISIONAL_NOT_FROZEN	ENST00000469588	3
PROVISIONAL_NOT_FROZEN	ENST00000470280	2
PROVISIONAL_NOT_FROZEN	ENST00000408888	4
PROVISIONAL_NOT_FROZEN	ENST00000359883	0
PROVISIONAL_NOT_FROZEN	ENST00000362692	2
PROVISIONAL_NOT_FROZEN	ENST00000570856	1
PROVISIONAL_NOT_FROZEN	ENST00000235332	0
PROVISIONAL_NOT_FROZEN	ENST00000511168	0
PROVISIONAL_NOT_FROZEN	ENST00000470385	1
PROVISIONAL_NOT_FROZEN	ENST00000307114	2
PROVISIONAL_NOT_FROZEN	ENST00000490914	1
PROVISIONAL_NOT_FROZEN	ENST00000527677	2
PROVISIONAL_NOT_FROZEN	ENST00000480303	3
PROVISIONAL_NOT_FROZEN	ENST00000485390	3
PROVISIONAL_NOT_FROZEN	ENST00000545440	3
PROVISIONAL_NOT_FROZEN	ENST00000456939	4
PROVISIONAL_NOT_FROZEN	ENST00000618229	2
PROVISIONAL_NOT_FROZEN	ENST00000601785	3
PROVISIONAL_NOT_FROZEN	ENST00000206380	2
PROVISIONAL_NOT_FROZEN	ENST00000630827	2
PROVISIONAL_NOT_FROZEN	ENST00000422218	1
PROVISIONAL_NOT_FROZEN	ENST00000558800	3
PROVISIONAL_NOT_FROZEN	ENST00000478033	0
PROVISIONAL_NOT_FROZEN	ENST00000513092	4
PROVISIONAL_NOT_FROZEN	ENST00000565907	0
PROVISIONAL_NOT_FROZEN	ENST00000480613	3
PROVISIONAL_NOT_FROZEN	ENST00000326912	3
PROVISIONAL_NOT_FROZEN	ENST00000574593	0
PROVISIONAL_NOT_FROZEN	ENST00000337147	1
PROVISIONAL_NOT_FROZEN	ENST00000461967	0
PROVISIONAL_NOT_FROZEN	ENST00000592676	1
PROVISIONAL_NOT_FROZEN	ENST00000589187	0
PROVISIONAL_NOT_FROZEN	ENST00000462554	3
PROVISIONAL_NOT_FROZEN	ENST00000569046	3
PROVISIONAL_NOT_FROZEN	ENST00000478386	1
PROVISIONAL_NOT_FROZEN	ENST00000474657	0
PROVISIONAL_NOT_FROZEN	ENST00000546918	3
PROVISIONAL_NOT_FROZEN	ENST00000531074	3
PROVISIONAL_NOT_FROZEN	ENST00000555366	4
PROVISIONAL_NOT_FROZEN	ENST00000427214	3
PROVISIONAL_NOT_FROZEN	ENST00000523447	4
PROVISIONAL_NOT_FROZEN	ENST00000590874	1
PROVISIONAL_NOT_FROZEN	ENST00000578757	4
PROVISIONAL_NOT_FROZEN	ENST00000584848	0
PROVISIONAL_NOT_FROZEN	ENST00000449589	3
PROVISIONAL_NOT_FROZEN	ENST00000261813	2
PROVISIONAL_NOT_FROZEN	ENST00000528382	4
PROVISIONAL_NOT_FROZEN	ENST00000458478	3
PROVISIONAL_NOT_FROZEN	ENST00000562879	4
PROVISIONAL_NOT_FROZEN	ENST00000553819	3
PROVISIONAL_NOT_FROZEN	ENST00000601258	1
PROVISIONAL_NOT_FROZEN	ENST00000586699	4
PROVISIONAL_NOT_FROZEN	ENST00000528969	0
PROVISIONAL_NOT_FROZEN	ENST00000425134	4
PROVISIONAL_NOT_FROZEN	ENST00000480301	2
PROVISIONAL_NOT_FROZEN	ENST00000488511	1
PROVISIONAL_NOT_FROZEN	ENST00000434805	0
PROVISIONAL_NOT_FROZEN	ENST00000544866	4
PROVISIONAL_NOT_FROZEN	ENST00000372745	2
PROVISIONAL_NOT_FROZEN	ENST00000461320	2
PROVISIONAL_NOT_FROZEN	ENST00000602483	0
PROVISIONAL_NOT_FROZEN	ENST00000480384	3
PROVISIONAL_NOT_FROZEN	ENST00000216756	1
PROVISIONAL_NOT_FROZEN	ENST00000412908	4
PROVISIONAL_NOT_FROZEN	ENST00000472590	4
PROVISIONAL_NOT_FROZEN	ENST00000251775	0
PROVISIONAL_NOT_FROZEN	ENST00000507522	2
PROVISIONAL_NOT_FROZEN	ENST00000491935	3
PROVISIONAL_NOT_FROZEN	ENST00000479992	1
PROVISIONAL_NOT_FROZEN	ENST00000360458	0
PROVISIONAL_NOT_FROZEN	ENST00000471741	4
PROVISIONAL_NOT_FROZEN	ENST00000597666	3
PROVISIONAL_NOT_FROZEN	ENST00000496254	4
PROVISIONAL_NOT_FROZEN	ENST00000507273	1
PROVISIONAL_NOT_FROZEN	ENST00000378900	1
PROVISIONAL_NOT_FROZEN	ENST00000376316	0
PROVISIONAL_NOT_FROZEN	ENST00000462576	0
PROVISIONAL_NOT_FROZEN	ENST00000336053	3
PROVISIONAL_NOT_FROZEN	ENST00000470481	2
PROVISIONAL_NOT_FROZEN	ENST00000467075	1
PROVISIONAL_NOT_FROZEN	ENST00000497760	2
PROVISIONAL_NOT_FROZEN	ENST00000528307	4
PROVISIONAL_NOT_FROZEN	ENST00000524711	4
PROVISIONAL_NOT_FROZEN	ENST00000625635	4
PROVISIONAL_NOT_FROZEN	ENST00000465151	2
PROVISIONAL_NOT_FROZEN	ENST00000305786	3
PROVISIONAL_NOT_FROZEN	ENST00000566605	3
PROVISIONAL_NOT_FROZEN	ENST00000467961	4
PROVISIONAL_NOT_FROZEN	ENST00000544550	3
PROVISIONAL_NOT_FROZEN	ENST00000417617	1
PROVISIONAL_NOT_FROZEN	ENST00000380900	4
PROVISIONAL_NOT_FROZEN	ENST00000538266	3
PROVISIONAL_NOT_FROZEN	ENST00000567057	0
PROVISIONAL_NOT_FROZEN	ENST00000471523	2
PROVISIONAL_NOT_FROZEN	ENST00000260641	1
PROVISIONAL_NOT_FROZEN	ENST00000362610	2
PROVISIONAL_NOT_FROZEN	ENST00000601655	1
PROVISIONAL_NOT_FROZEN	ENST00000507277	2
PROVISIONAL_NOT_FROZEN	ENST00000504472	1
PROVISIONAL_NOT_FROZEN	ENST00000418783	4
PROVISIONAL_NOT_FROZEN	ENST00000594793	4
PROVISIONAL_NOT_FROZEN	ENST00000435720	4
PROVISIONAL_NOT_FROZEN	ENST00000306897	2
PROVISIONAL_NOT_FROZEN	ENST00000370355	3
PROVISIONAL_NOT_FROZEN	ENST00000453303	0
PROVISIONAL_NOT_FROZEN	ENST00000517603	0
PROVISIONAL_NOT_FROZEN	ENST00000415497	4
PROVISIONAL_NOT_FROZEN	ENST00000440943	1
PROVISIONAL_NOT_FROZEN	ENST00000369109	2
PROVISIONAL_NOT_FROZEN	ENST00000421864	4
PROVISIONAL_NOT_FROZEN	ENST00000227378	2
PROVISIONAL_NOT_FROZEN	ENST00000525402	2
PROVISIONAL_NOT_FROZEN	ENST00000533729	3
PROVISIONAL_NOT_FROZEN	ENST00000579139	0
PROVISIONAL_NOT_FROZEN	ENST00000402434	0
PROVISIONAL_NOT_FROZEN	ENST00000278829	2
PROVISIONAL_NOT_FROZEN	ENST00000541425	1
PROVISIONAL_NOT_FROZEN	ENST00000447103	1
PROVISIONAL_NOT_FROZEN	ENST00000423497	3
PROVISIONAL_NOT_FROZEN	ENST00000556668	1
PROVISIONAL_NOT_FROZEN	ENST00000561092	3
PROVISIONAL_NOT_FROZEN	ENST00000481820	2
PROVISIONAL_NOT_FROZEN	ENST00000424381	4
PROVISIONAL_NOT_FROZEN	ENST00000555876	3
PROVISIONAL_NOT_FROZEN	ENST00000252816	2
PROVISIONAL_NOT_FROZEN	ENST00000553009	1
PROVISIONAL_NOT_FROZEN	ENST00000464869	3
PROVISIONAL_NOT_FROZEN	ENST00000319248	1
PROVISIONAL_NOT_FROZEN	ENST00000302190	1
PROVISIONAL_NOT_FROZEN	ENST00000584056	2
PROVISIONAL_NOT_FROZEN	ENST00000600456	4
PROVISIONAL_NOT_FROZEN	ENST00000463122	1
PROVISIONAL_NOT_FROZEN	ENST00000554772	2
PROVISIONAL_NOT_FROZEN	ENST00000453858	2
PROVISIONAL_NOT_FROZEN	ENST00000386307	0
PROVISIONAL_NOT_FROZEN	ENST00000470701	3
PROVISIONAL_NOT_FROZEN	ENST00000233468	3
PROVISIONAL_NOT_FROZEN	ENST00000454675	2
PROVISIONAL_NOT_FROZEN	ENST00000474431	0
PROVISIONAL_NOT_FROZEN	ENST00000475167	4
PROVISIONAL_NOT_FROZEN	ENST00000295079	1
PROVISIONAL_NOT_FROZEN	ENST00000558131	3
PROVISIONAL_NOT_FROZEN	ENST00000378756	4
PROVISIONAL_NOT_FROZEN	ENST00000465096	3
PROVISIONAL_NOT_FROZEN	ENST00000233596	0
PROVISIONAL_NOT_FROZEN	ENST00000592782	0
PROVISIONAL_NOT_FROZEN	ENST00000464468	0
PROVISIONAL_NOT_FROZEN	ENST00000437745	3
PROVISIONAL_NOT_FROZEN	ENST00000372214	3
PROVISIONAL_NOT_FROZEN	ENST00000340541	4
PROVISIONAL_NOT_FROZEN	ENST00000559475	2
PROVISIONAL_NOT_FROZEN	ENST00000551803	1
PROVISIONAL_NOT_FROZEN	ENST00000223084	1
PROVISIONAL_NOT_FROZEN	ENST00000524461	4
PROVISIONAL_NOT_FROZEN	ENST00000314888	1
PROVISIONAL_NOT_FROZEN	ENST00000455430	3
PROVISIONAL_NOT_FROZEN	ENST00000532364	4
PROVISIONAL_NOT_FROZEN	ENST00000563526	1
PROVISIONAL_NOT_FROZEN	ENST00000610948	0
PROVISIONAL_NOT_FROZEN	ENST00000216194	1
PROVISIONAL_NOT_FROZEN	ENST00000252486	2
PROVISIONAL_NOT_FROZEN	ENST00000282999	4
PROVISIONAL_NOT_FROZEN	ENST00000398881	4
PROVISIONAL_NOT_FROZEN	ENST00000526100	3
PROVISIONAL_NOT_FROZEN	ENST00000591919	4
PROVISIONAL_NOT_FROZEN	ENST00000367739	0
PROVISIONAL_NOT_FROZEN	ENST00000486974	3
PROVISIONAL_NOT_FROZEN	ENST00000559309	0
PROVISIONAL_NOT_FROZEN	ENST00000504757	2
PROVISIONAL_NOT_FROZEN	ENST00000554044	0
PROVISIONAL_NOT_FROZEN	ENST00000526640	2
PROVISIONAL_NOT_FROZEN	ENST00000431277	4
PROVISIONAL_NOT_FROZEN	ENST00000605848	2
PROVISIONAL_NOT_FROZEN	ENST00000309451	2
PROVISIONAL_NOT_FROZEN	ENST00000370834	4
PROVISIONAL_NOT_FROZEN	ENST00000413077	1
PROVISIONAL_NOT_FROZEN	ENST00000470953	4
PROVISIONAL_NOT_FROZEN	ENST00000403251	3
PROVISIONAL_NOT_FROZEN	ENST00000393266	4
PROVISIONAL_NOT_FROZEN	ENST00000532289	4
PROVISIONAL_NOT_FROZEN	ENST00000444045	4
PROVISIONAL_NOT_FROZEN	ENST00000211314	3
PROVISIONAL_NOT_FROZEN	ENST00000540739	2
PROVISIONAL_NOT_FROZEN	ENST00000302631	3
PROVISIONAL_NOT_FROZEN	ENST00000534341	0
PROVISIONAL_NOT_FROZEN	ENST00000394309	1
PROVISIONAL_NOT_FROZEN	ENST00000491062	2
PROVISIONAL_NOT_FROZEN	ENST00000558008	2
PROVISIONAL_NOT_FROZEN	ENST00000544216	2
PROVISIONAL_NOT_FROZEN	ENST00000521083	4
PROVISIONAL_NOT_FROZEN	ENST00000524628	3
PROVISIONAL_NOT_FROZEN	ENST00000588620	0
PROVISIONAL_NOT_FROZEN	ENST00000536128	1
PROVISIONAL_NOT_FROZEN	ENST00000348943	4
PROVISIONAL_NOT_FROZEN	ENST00000374171	2
PROVISIONAL_NOT_FROZEN	ENST00000582475	4
PROVISIONAL_NOT_FROZEN	ENST00000306585	1
PROVISIONAL_NOT_FROZEN	ENST00000537328	4
PROVISIONAL_NOT_FROZEN	ENST00000367697	0
PROVISIONAL_NOT_FROZEN	ENST00000610709	4
PROVISIONAL_NOT_FROZEN	ENST00000549394	2
PROVISIONAL_NOT_FROZEN	ENST00000477692	1
PROVISIONAL_NOT_FROZEN	ENST00000557612	4
PROVISIONAL_NOT_FROZEN	ENST00000329420	2
PROVISIONAL_NOT_FROZEN	ENST00000396209	2
PROVISIONAL_NOT_FROZEN	ENST00000448743	4
PROVISIONAL_NOT_FROZEN	ENST00000175506	1
PROVISIONAL_NOT_FROZEN	ENST00000556683	1
PROVISIONAL_NOT_FROZEN	ENST00000551123	4
PROVISIONAL_NOT_FROZEN	ENST00000564172	1
PROVISIONAL_NOT_FROZEN	ENST00000567382	0
PROVISIONAL_NOT_FROZEN	ENST00000489563	1
PROVISIONAL_NOT_FROZEN	ENST00000468767	3
PROVISIONAL_NOT_FROZEN	ENST00000306442	1
PROVISIONAL_NOT_FROZEN	ENST00000621774	4
PROVISIONAL_NOT_FROZEN	ENST00000453882	0
PROVISIONAL_NOT_FROZEN	ENST00000553837	4
PROVISIONAL_NOT_FROZEN	ENST00000565265	4
PROVISIONAL_NOT_FROZEN	ENST00000469174	4
PROVISIONAL_NOT_FROZEN	ENST00000610674	2
PROVISIONAL_NOT_FROZEN	ENST00000600213	2
PROVISIONAL_NOT_FROZEN	ENST00000514918	0
PROVISIONAL_NOT_FROZEN	ENST00000370234	0
PROVISIONAL_NOT_FROZEN	ENST00000366425	0
PROVISIONAL_NOT_FROZEN	ENST00000478886	1
PROVISIONAL_NOT_FROZEN	ENST00000397086	2
PROVISIONAL_NOT_FROZEN	ENST00000304056	3
PROVISIONAL_NOT_FROZEN	ENST00000487788	4
PROVISIONAL_NOT_FROZEN	ENST00000611688	4
PROVISIONAL_NOT_FROZEN	ENST00000418090	2
PROVISIONAL_NOT_FROZEN	ENST00000403997	4
PROVISIONAL_NOT_FROZEN	ENST00000480160	3
PROVISIONAL_NOT_FROZEN	ENST00000428832	1
PROVISIONAL_NOT_FROZEN	ENST00000519622	4
PROVISIONAL_NOT_FROZEN	ENST00000634336	4
PROVISIONAL_NOT_FROZEN	ENST00000393346	2
PROVISIONAL_NOT_FROZEN	ENST00000541097	4
PROVISIONAL_NOT_FROZEN	ENST00000489251	0
PROVISIONAL_NOT_FROZEN	ENST00000532567	2
PROVISIONAL_NOT_FROZEN	ENST00000483485	4
PROVISIONAL_NOT_FROZEN	ENST00000495713	2
PROVISIONAL_NOT_FROZEN	ENST00000434706	2
PROVISIONAL_NOT_FROZEN	ENST00000370487	1
PROVISIONAL_NOT_FROZEN	ENST00000444470	3
PROVISIONAL_NOT_FROZEN	ENST00000552120	3
PROVISIONAL_NOT_FROZEN	ENST00000265260	0
PROVISIONAL_NOT_FROZEN	ENST00000483545	0
PROVISIONAL_NOT_FROZEN	ENST00000584577	4
PROVISIONAL_NOT_FROZEN	ENST00000389093	0
PROVISIONAL_NOT_FROZEN	ENST00000587196	4
PROVISIONAL_NOT_FROZEN	ENST00000422760	2
PROVISIONAL_NOT_FROZEN	ENST00000419579	3
PROVISIONAL_NOT_FROZEN	ENST00000471049	1
PROVISIONAL_NOT_FROZEN	ENST00000599898	0
PROVISIONAL_NOT_FROZEN	ENST00000376177	3
PROVISIONAL_NOT_FROZEN	ENST00000530836	2
PROVISIONAL_NOT_FROZEN	ENST00000531802	0
PROVISIONAL_NOT_FROZEN	ENST00000512338	1
PROVISIONAL_NOT_FROZEN	ENST00000598969	4
PROVISIONAL_NOT_FROZEN	ENST00000444971	4
PROVISIONAL_NOT_FROZEN	ENST00000447794	4
PROVISIONAL_NOT_FROZEN	ENST00000544905	2
PROVISIONAL_NOT_FROZEN	ENST00000524733	1
PROVISIONAL_NOT_FROZEN	ENST00000450518	3
PROVISIONAL_NOT_FROZEN	ENST00000492240	0
PROVISIONAL_NOT_FROZEN	ENST00000492348	2
PROVISIONAL_NOT_FROZEN	ENST00000296930	1
PROVISIONAL_NOT_FROZEN	ENST00000543510	4
PROVISIONAL_NOT_FROZEN	ENST00000622285	0
PROVISIONAL_NOT_FROZEN	ENST00000491404	0
PROVISIONAL_NOT_FROZEN	ENST00000512236	2
PROVISIONAL_NOT_FROZEN	ENST00000263694	1
PROVISIONAL_NOT_FROZEN	ENST00000489664	0
PROVISIONAL_NOT_FROZEN	ENST00000240851	4
PROVISIONAL_NOT_FROZEN	ENST00000528641	3
PROVISIONAL_NOT_FROZEN	ENST00000320963	3
PROVISIONAL_NOT_FROZEN	ENST00000502960	3
PROVISIONAL_NOT_FROZEN	ENST00000525606	2
PROVISIONAL_NOT_FROZEN	ENST00000586656	4
PROVISIONAL_NOT_FROZEN	ENST00000368533	4
PROVISIONAL_NOT_FROZEN	ENST00000280377	3
PROVISIONAL_NOT_FROZEN	ENST00000423619	2
PROVISIONAL_NOT_FROZEN	ENST00000463816	3
PROVISIONAL_NOT_FROZEN	ENST00000398576	0
PROVISIONAL_NOT_FROZEN	ENST00000462042	0
PROVISIONAL_NOT_FROZEN	ENST00000259456	2
PROVISIONAL_NOT_FROZEN	ENST00000262291	4
PROVISIONAL_NOT_FROZEN	ENST00000531218	4
PROVISIONAL_NOT_FROZEN	ENST00000590430	0
PROVISIONAL_NOT_FROZEN	ENST00000547475	0
PROVISIONAL_NOT_FROZEN	ENST00000563150	1
PROVISIONAL_NOT_FROZEN	ENST00000535253	1
PROVISIONAL_NOT_FROZEN	ENST00000557621	4
PROVISIONAL_NOT_FROZEN	ENST00000351698	3
PROVISIONAL_NOT_FROZEN	ENST00000450463	1
PROVISIONAL_NOT_FROZEN	ENST00000446905	2
PROVISIONAL_NOT_FROZEN	ENST00000464820	0
PROVISIONAL_NOT_FROZEN	ENST00000311549	2
PROVISIONAL_NOT_FROZEN	ENST00000311481	3
PROVISIONAL_NOT_FROZEN	ENST00000528364	2
PROVISIONAL_NOT_FROZEN	ENST00000508009	2
PROVISIONAL_NOT_FROZEN	ENST00000460484	3
PROVISIONAL_NOT_FROZEN	ENST00000581874	4
PROVISIONAL_NOT_FROZEN	ENST00000331334	0
PROVISIONAL_NOT_FROZEN	ENST00000470201	0
PROVISIONAL_NOT_FROZEN	ENST00000412013	2
PROVISIONAL_NOT_FROZEN	ENST00000471419	0
PROVISIONAL_NOT_FROZEN	ENST00000439311	2
PROVISIONAL_NOT_FROZEN	ENST00000476371	3
PROVISIONAL_NOT_FROZEN	ENST00000482757	1
PROVISIONAL_NOT_FROZEN	ENST00000526849	0
PROVISIONAL_NOT_FROZEN	ENST00000576106	0
PROVISIONAL_NOT_FROZEN	ENST00000471792	1
PROVISIONAL_NOT_FROZEN	ENST00000579461	2
PROVISIONAL_NOT_FROZEN	ENST00000269576	4
PROVISIONAL_NOT_FROZEN	ENST00000483970	3
PROVISIONAL_NOT_FROZEN	ENST00000397826	1
PROVISIONAL_NOT_FROZEN	ENST00000529307	3
PROVISIONAL_NOT_FROZEN	ENST00000575079	0
PROVISIONAL_NOT_FROZEN	ENST00000583217	0
PROVISIONAL_NOT_FROZEN	ENST00000487062	4
PROVISIONAL_NOT_FROZEN	ENST00000409054	2
PROVISIONAL_NOT_FROZEN	ENST00000615959	3
PROVISIONAL_NOT_FROZEN	ENST00000498671	4
PROVISIONAL_NOT_FROZEN	ENST00000589892	3
PROVISIONAL_NOT_FROZEN	ENST00000259477	2
PROVISIONAL_NOT_FROZEN	ENST00000525064	2
PROVISIONAL_NOT_FROZEN	ENST00000376437	2
PROVISIONAL_NOT_FROZEN	ENST00000409205	1
PROVISIONAL_NOT_FROZEN	ENST00000588141	4
PROVISIONAL_NOT_FROZEN	ENST00000525660	3
PROVISIONAL_NOT_FROZEN	ENST00000527435	3
PROVISIONAL_NOT_FROZEN	ENST00000522800	1
PROVISIONAL_NOT_FROZEN	ENST00000479668	2
PROVISIONAL_NOT_FROZEN	ENST00000506974	2
PROVISIONAL_NOT_FROZEN	ENST00000568901	3
PROVISIONAL_NOT_FROZEN	ENST00000449885	1
PROVISIONAL_NOT_FROZEN	ENST00000533408	4
PROVISIONAL_NOT_FROZEN	ENST00000319769	1
PROVISIONAL_NOT_FROZEN	ENST00000507983	2
PROVISIONAL_NOT_FROZEN	ENST00000619988	3
PROVISIONAL_NOT_FROZEN	ENST00000527413	1
PROVISIONAL_NOT_FROZEN	ENST00000431095	2
PROVISIONAL_NOT_FROZEN	ENST00000418976	0
PROVISIONAL_NOT_FROZEN	ENST00000479958	0
PROVISIONAL_NOT_FROZEN	ENST00000621148	2
PROVISIONAL_NOT_FROZEN	ENST00000369077	1
PROVISIONAL_NOT_FROZEN	ENST00000552848	1
PROVISIONAL_NOT_FROZEN	ENST00000582898	4
PROVISIONAL_NOT_FROZEN	ENST00000497954	0
PROVISIONAL_NOT_FROZEN	ENST00000600147	0
PROVISIONAL_NOT_FROZEN	ENST00000580248	2
PROVISIONAL_NOT_FROZEN	ENST00000401675	2
PROVISIONAL_NOT_FROZEN	ENST00000361739	3
PROVISIONAL_NOT_FROZEN	ENST00000380445	3
PROVISIONAL_NOT_FROZEN	ENST00000473560	4
PROVISIONAL_NOT_FROZEN	ENST00000465295	2
PROVISIONAL_NOT_FROZEN	ENST00000468126	2
PROVISIONAL_NOT_FROZEN	ENST00000574855	3
PROVISIONAL_NOT_FROZEN	ENST00000472798	4
PROVISIONAL_NOT_FROZEN	ENST00000548998	3
PROVISIONAL_NOT_FROZEN	ENST00000476510	2
PROVISIONAL_NOT_FROZEN	ENST00000553430	4
PROVISIONAL_NOT_FROZEN	ENST00000461060	0
PROVISIONAL_NOT_FROZEN	ENST00000442009	2
PROVISIONAL_NOT_FROZEN	ENST00000590958	2
PROVISIONAL_NOT_FROZEN	ENST00000554184	3
PROVISIONAL_NOT_FROZEN	ENST00000549872	3
PROVISIONAL_NOT_FROZEN	ENST00000373449	3
PROVISIONAL_NOT_FROZEN	ENST00000432534	1
PROVISIONAL_NOT_FROZEN	ENST00000219302	2
PROVISIONAL_NOT_FROZEN	ENST00000549135	2
PROVISIONAL_NOT_FROZEN	ENST00000413219	2
PROVISIONAL_NOT_FROZEN	ENST00000465354	2
PROVISIONAL_NOT_FROZEN	ENST00000587486	0
PROVISIONAL_NOT_FROZEN	ENST00000610822	0
PROVISIONAL_NOT_FROZEN	ENST00000563614	4
PROVISIONAL_NOT_FROZEN	ENST00000589688	4
PROVISIONAL_NOT_FROZEN	ENST00000602414	0
PROVISIONAL_NOT_FROZEN	ENST00000447970	1
PROVISIONAL_NOT_FROZEN	ENST00000446263	1
PROVISIONAL_NOT_FROZEN	ENST00000639772	2
PROVISIONAL_NOT_FROZEN	ENST00000534029	3
PROVISIONAL_NOT_FROZEN	ENST00000432287	4
PROVISIONAL_NOT_FROZEN	ENST00000523234	1
PROVISIONAL_NOT_FROZEN	ENST00000624691	4
PROVISIONAL_NOT_FROZEN	ENST00000476462	4
PROVISIONAL_NOT_FROZEN	ENST00000496459	0
PROVISIONAL_NOT_FROZEN	ENST00000525420	3
PROVISIONAL_NOT_FROZEN	ENST00000487058	1
PROVISIONAL_NOT_FROZEN	ENST00000576335	0
PROVISIONAL_NOT_FROZEN	ENST00000473132	4
PROVISIONAL_NOT_FROZEN	ENST00000498009	2
PROVISIONAL_NOT_FROZEN	ENST00000403162	2
PROVISIONAL_NOT_FROZEN	ENST00000450573	4
PROVISIONAL_NOT_FROZEN	ENST00000466029	3
PROVISIONAL_NOT_FROZEN	ENST00000424234	1
PROVISIONAL_NOT_FROZEN	ENST00000452185	0
PROVISIONAL_NOT_FROZEN	ENST00000535149	0
PROVISIONAL_NOT_FROZEN	ENST00000477812	2
PROVISIONAL_NOT_FROZEN	ENST00000543517	2
PROVISIONAL_NOT_FROZEN	ENST00000576002	0
PROVISIONAL_NOT_FROZEN	ENST00000361804	4
PROVISIONAL_NOT_FROZEN	ENST00000595565	1
PROVISIONAL_NOT_FROZEN	ENST00000503002	0
PROVISIONAL_NOT_FROZEN	ENST00000597808	2
PROVISIONAL_NOT_FROZEN	ENST00000399796	3
PROVISIONAL_NOT_FROZEN	ENST00000596554	2
PROVISIONAL_NOT_FROZEN	ENST00000506797	0
PROVISIONAL_NOT_FROZEN	ENST00000322008	0
PROVISIONAL_NOT_FROZEN	ENST00000325551	4
PROVISIONAL_NOT_FROZEN	ENST00000367063	4
PROVISIONAL_NOT_FROZEN	ENST00000434478	3
PROVISIONAL_NOT_FROZEN	ENST00000408980	2
PROVISIONAL_NOT_FROZEN	ENST00000434894	0
PROVISIONAL_NOT_FROZEN	ENST00000487500	4
PROVISIONAL_NOT_FROZEN	ENST00000478828	2
PROVISIONAL_NOT_FROZEN	ENST00000554902	0
PROVISIONAL_NOT_FROZEN	ENST00000215115	2
PROVISIONAL_NOT_FROZEN	ENST00000373019	4
PROVISIONAL_NOT_FROZEN	ENST00000578611	2
PROVISIONAL_NOT_FROZEN	ENST00000532780	2
PROVISIONAL_NOT_FROZEN	ENST00000345496	0
PROVISIONAL_NOT_FROZEN	ENST00000528164	3
PROVISIONAL_NOT_FROZEN	ENST00000487216	2
PROVISIONAL_NOT_FROZEN	ENST00000591753	2
PROVISIONAL_NOT_FROZEN	ENST00000453897	0
PROVISIONAL_NOT_FROZEN	ENST00000010404	2
PROVISIONAL_NOT_FROZEN	ENST00000541515	1
PROVISIONAL_NOT_FROZEN	ENST00000513769	4
PROVISIONAL_NOT_FROZEN	ENST00000450808	2
PROVISIONAL_NOT_FROZEN	ENST00000601844	1
PROVISIONAL_NOT_FROZEN	ENST00000602748	1
PROVISIONAL_NOT_FROZEN	ENST00000527018	1
PROVISIONAL_NOT_FROZEN	ENST00000291901	0
PROVISIONAL_NOT_FROZEN	ENST00000561499	0
PROVISIONAL_NOT_FROZEN	ENST00000576020	1
PROVISIONAL_NOT_FROZEN	ENST00000548568	0
PROVISIONAL_NOT_FROZEN	ENST00000551336	0
PROVISIONAL_NOT_FROZEN	ENST00000156626	4
PROVISIONAL_NOT_FROZEN	ENST00000306735	0
PROVISIONAL_NOT_FROZEN	ENST00000546385	2
PROVISIONAL_NOT_FROZEN	ENST00000618183	1
PROVISIONAL_NOT_FROZEN	ENST00000479255	2
PROVISIONAL_NOT_FROZEN	ENST00000589055	1
PROVISIONAL_NOT_FROZEN	ENST00000587727	0
PROVISIONAL_NOT_FROZEN	ENST00000510196	0
PROVISIONAL_NOT_FROZEN	ENST00000461493	3
PROVISIONAL_NOT_FROZEN	ENST00000469227	0
PROVISIONAL_NOT_FROZEN	ENST00000229238	4
PROVISIONAL_NOT_FROZEN	ENST00000525624	2
PROVISIONAL_NOT_FROZEN	ENST00000460766	0
PROVISIONAL_NOT_FROZEN	ENST00000555176	3
PROVISIONAL_NOT_FROZEN	ENST00000450913	1
PROVISIONAL_NOT_FROZEN	ENST00000498309	3
PROVISIONAL_NOT_FROZEN	ENST00000398529	0
PROVISIONAL_NOT_FROZEN	ENST00000503081	1
PROVISIONAL_NOT_FROZEN	ENST00000600099	1
PROVISIONAL_NOT_FROZEN	ENST00000413350	3
PROVISIONAL_NOT_FROZEN	ENST00000478970	4
PROVISIONAL_NOT_FROZEN	ENST00000452961	2
PROVISIONAL_NOT_FROZEN	ENST00000635647	4
PROVISIONAL_NOT_FROZEN	ENST00000465478	3
PROVISIONAL_NOT_FROZEN	ENST00000594216	3
PROVISIONAL_NOT_FROZEN	ENST00000225726	2
PROVISIONAL_NOT_FROZEN	ENST00000420726	3
PROVISIONAL_NOT_FROZEN	ENST00000306390	2
PROVISIONAL_NOT_FROZEN	ENST00000413002	1
PROVISIONAL_NOT_FROZEN	ENST00000556284	0
PROVISIONAL_NOT_FROZEN	ENST00000506736	4
PROVISIONAL_NOT_FROZEN	ENST00000292035	0
PROVISIONAL_NOT_FROZEN	ENST00000388857	0
PROVISIONAL_NOT_FROZEN	ENST00000420088	0
PROVISIONAL_NOT_FROZEN	ENST00000551945	2
PROVISIONAL_NOT_FROZEN	ENST00000555348	3
PROVISIONAL_NOT_FROZEN	ENST00000462067	3
PROVISIONAL_NOT_FROZEN	ENST00000446900	0
PROVISIONAL_NOT_FROZEN	ENST00000300086	4
PROVISIONAL_NOT_FROZEN	ENST00000229563	2
PROVISIONAL_NOT_FROZEN	ENST00000255882	2
PROVISIONAL_NOT_FROZEN	ENST00000485654	3
PROVISIONAL_NOT_FROZEN	ENST00000308099	0
PROVISIONAL_NOT_FROZEN	ENST00000398137	4
PROVISIONAL_NOT_FROZEN	ENST00000445131	0
PROVISIONAL_NOT_FROZEN	ENST00000498926	4
PROVISIONAL_NOT_FROZEN	ENST00000430239	0
PROVISIONAL_NOT_FROZEN	ENST00000511433	3
PROVISIONAL_NOT_FROZEN	ENST00000525759	3
PROVISIONAL_NOT_FROZEN	ENST00000539106	1
PROVISIONAL_NOT_FROZEN	ENST00000553449	4
PROVISIONAL_NOT_FROZEN	ENST00000527387	2
PROVISIONAL_NOT_FROZEN	ENST00000556295	2
PROVISIONAL_NOT_FROZEN	ENST00000463864	2
PROVISIONAL_NOT_FROZEN	ENST00000564910	0
PROVISIONAL_NOT_FROZEN	ENST00000616983	1
PROVISIONAL_NOT_FROZEN	ENST00000612919	2
PROVISIONAL_NOT_FROZEN	ENST00000527186	0
PROVISIONAL_NOT_FROZEN	ENST00000530440	0
PROVISIONAL_NOT_FROZEN	ENST00000463682	3
PROVISIONAL_NOT_FROZEN	ENST00000540981	3
PROVISIONAL_NOT_FROZEN	ENST00000456842	1
PROVISIONAL_NOT_FROZEN	ENST00000596032	0
PROVISIONAL_NOT_FROZEN	ENST00000407142	2
PROVISIONAL_NOT_FROZEN	ENST00000513602	0
PROVISIONAL_NOT_FROZEN	ENST00000318240	0
PROVISIONAL_NOT_FROZEN	ENST00000400477	4
PROVISIONAL_NOT_FROZEN	ENST00000229281	2
PROVISIONAL_NOT_FROZEN	ENST00000467374	0
PROVISIONAL_NOT_FROZEN	ENST00000480925	3
PROVISIONAL_NOT_FROZEN	ENST00000390009	1
PROVISIONAL_NOT_FROZEN	ENST00000448959	1
PROVISIONAL_NOT_FROZEN	ENST00000265174	1
PROVISIONAL_NOT_FROZEN	ENST00000591446	0
PROVISIONAL_NOT_FROZEN	ENST00000435200	0
PROVISIONAL_NOT_FROZEN	ENST00000534389	4
PROVISIONAL_NOT_FROZEN	ENST00000500813	2
PROVISIONAL_NOT_FROZEN	ENST00000426577	2
PROVISIONAL_NOT_FROZEN	ENST00000553995	4
PROVISIONAL_NOT_FROZEN	ENST00000306704	3
PROVISIONAL_NOT_FROZEN	ENST00000371649	3
PROVISIONAL_NOT_FROZEN	ENST00000573542	1
PROVISIONAL_NOT_FROZEN	ENST00000558281	3
PROVISIONAL_NOT_FROZEN	ENST00000575199	0
PROVISIONAL_NOT_FROZEN	ENST00000424022	2
PROVISIONAL_NOT_FROZEN	ENST00000479928	4
PROVISIONAL_NOT_FROZEN	ENST00000445328	1
PROVISIONAL_NOT_FROZEN	ENST00000580971	2
PROVISIONAL_NOT_FROZEN	ENST00000338148	4
PROVISIONAL_NOT_FROZEN	ENST00000540700	3
PROVISIONAL_NOT_FROZEN	ENST00000376670	3
PROVISIONAL_NOT_FROZEN	ENST00000487490	2
PROVISIONAL_NOT_FROZEN	ENST00000274787	1
PROVISIONAL_NOT_FROZEN	ENST00000371626	3
PROVISIONAL_NOT_FROZEN	ENST00000560234	2
PROVISIONAL_NOT_FROZEN	ENST00000522855	0
PROVISIONAL_NOT_FROZEN	ENST00000518481	4
PROVISIONAL_NOT_FROZEN	ENST00000490574	4
PROVISIONAL_NOT_FROZEN	ENST00000298585	1
PROVISIONAL_NOT_FROZEN	ENST00000263238	0
PROVISIONAL_NOT_FROZEN	ENST00000534546	4
PROVISIONAL_NOT_FROZEN	ENST00000575784	4
PROVISIONAL_NOT_FROZEN	ENST00000560710	4
PROVISIONAL_NOT_FROZEN	ENST00000377488	2
PROVISIONAL_NOT_FROZEN	ENST00000315467	3
PROVISIONAL_NOT_FROZEN	ENST00000393000	4
PROVISIONAL_NOT_FROZEN	ENST00000552254	2
PROVISIONAL_NOT_FROZEN	ENST00000449141	0
PROVISIONAL_NOT_FROZEN	ENST00000490788	1
PROVISIONAL_NOT_FROZEN	ENST00000368261	2
PROVISIONAL_NOT_FROZEN	ENST00000526592	1
PROVISIONAL_NOT_FROZEN	ENST00000557040	4
PROVISIONAL_NOT_FROZEN	ENST00000506395	3
PROVISIONAL_NOT_FROZEN	ENST00000333234	2
PROVISIONAL_NOT_FROZEN	ENST00000480755	0
PROVISIONAL_NOT_FROZEN	ENST00000308604	1
PROVISIONAL_NOT_FROZEN	ENST00000539036	2
PROVISIONAL_NOT_FROZEN	ENST00000473991	2
PROVISIONAL_NOT_FROZEN	ENST00000603395	3
PROVISIONAL_NOT_FROZEN	ENST00000512152	4
PROVISIONAL_NOT_FROZEN	ENST00000274562	0
PROVISIONAL_NOT_FROZEN	ENST00000407426	4
PROVISIONAL_NOT_FROZEN	ENST00000471649	3
PROVISIONAL_NOT_FROZEN	ENST00000587561	2
PROVISIONAL_NOT_FROZEN	ENST00000553362	2
PROVISIONAL_NOT_FROZEN	ENST00000593012	3
PROVISIONAL_NOT_FROZEN	ENST00000549502	3
PROVISIONAL_NOT_FROZEN	ENST00000375304	1
PROVISIONAL_NOT_FROZEN	ENST00000466674	1
PROVISIONAL_NOT_FROZEN	ENST00000596002	3
PROVISIONAL_NOT_FROZEN	ENST00000614830	3
PROVISIONAL_NOT_FROZEN	ENST00000515792	0
PROVISIONAL_NOT_FROZEN	ENST00000529580	1
PROVISIONAL_NOT_FROZEN	ENST00000273861	2
PROVISIONAL_NOT_FROZEN	ENST00000552588	2
PROVISIONAL_NOT_FROZEN	ENST00000599256	4
PROVISIONAL_NOT_FROZEN	ENST00000411983	4
PROVISIONAL_NOT_FROZEN	ENST00000328599	1
PROVISIONAL_NOT_FROZEN	ENST00000451177	1
PROVISIONAL_NOT_FROZEN	ENST00000477931	1
PROVISIONAL_NOT_FROZEN	ENST00000482975	1
PROVISIONAL_NOT_FROZEN	ENST00000627576	0
PROVISIONAL_NOT_FROZEN	ENST00000248566	2
PROVISIONAL_NOT_FROZEN	ENST00000298316	3
PROVISIONAL_NOT_FROZEN	ENST00000372324	3
PROVISIONAL_NOT_FROZEN	ENST00000392623	1
PROVISIONAL_NOT_FROZEN	ENST00000417391	3
PROVISIONAL_NOT_FROZEN	ENST00000445517	1
PROVISIONAL_NOT_FROZEN	ENST00000494593	0
PROVISIONAL_NOT_FROZEN	ENST00000409946	1
PROVISIONAL_NOT_FROZEN	ENST00000468250	3
PROVISIONAL_NOT_FROZEN	ENST00000569481	3
PROVISIONAL_NOT_FROZEN	ENST00000424057	3
PROVISIONAL_NOT_FROZEN	ENST00000375865	1
PROVISIONAL_NOT_FROZEN	ENST00000263545	3
PROVISIONAL_NOT_FROZEN	ENST00000330720	0
PROVISIONAL_NOT_FROZEN	ENST00000481947	2
PROVISIONAL_NOT_FROZEN	ENST00000586760	0
PROVISIONAL_NOT_FROZEN	ENST00000483906	2
PROVISIONAL_NOT_FROZEN	ENST00000614778	3
PROVISIONAL_NOT_FROZEN	ENST00000505812	0
PROVISIONAL_NOT_FROZEN	ENST00000492459	3
PROVISIONAL_NOT_FROZEN	ENST00000482199	2
PROVISIONAL_NOT_FROZEN	ENST00000489313	4
PROVISIONAL_NOT_FROZEN	ENST00000444748	1
PROVISIONAL_NOT_FROZEN	ENST00000525085	3
PROVISIONAL_NOT_FROZEN	ENST00000439363	0
PROVISIONAL_NOT_FROZEN	ENST00000300289	2
PROVISIONAL_NOT_FROZEN	ENST00000548363	3
PROVISIONAL_NOT_FROZEN	ENST00000493418	0
PROVISIONAL_NOT_FROZEN	ENST00000489785	3
PROVISIONAL_NOT_FROZEN	ENST00000353245	2
PROVISIONAL_NOT_FROZEN	ENST00000484684	1
PROVISIONAL_NOT_FROZEN	ENST00000472254	3
PROVISIONAL_NOT_FROZEN	ENST00000248924	4
PROVISIONAL_NOT_FROZEN	ENST00000458587	1
PROVISIONAL_NOT_FROZEN	ENST00000533498	4
PROVISIONAL_NOT_FROZEN	ENST00000598452	4
PROVISIONAL_NOT_FROZEN	ENST00000638711	0
PROVISIONAL_NOT_FROZEN	ENST00000608443	1
PROVISIONAL_NOT_FROZEN	ENST00000506772	1
PROVISIONAL_NOT_FROZEN	ENST00000423096	4
PROVISIONAL_NOT_FROZEN	ENST00000525232	2
PROVISIONAL_NOT_FROZEN	ENST00000432020	1
PROVISIONAL_NOT_FROZEN	ENST00000551899	3
PROVISIONAL_NOT_FROZEN	ENST00000600706	2
PROVISIONAL_NOT_FROZEN	ENST00000439930	0
PROVISIONAL_NOT_FROZEN	ENST00000553209	3
PROVISIONAL_NOT_FROZEN	ENST00000238892	2
PROVISIONAL_NOT_FROZEN	ENST00000532203	4
PROVISIONAL_NOT_FROZEN	ENST00000393450	3
PROVISIONAL_NOT_FROZEN	ENST00000607866	1
PROVISIONAL_NOT_FROZEN	ENST00000505090	3
PROVISIONAL_NOT_FROZEN	ENST00000366535	0
PROVISIONAL_NOT_FROZEN	ENST00000440400	1
PROVISIONAL_NOT_FROZEN	ENST00000560947	0
PROVISIONAL_NOT_FROZEN	ENST00000396070	1
PROVISIONAL_NOT_FROZEN	ENST00000392509	0
PROVISIONAL_NOT_FROZEN	ENST00000583848	1
PROVISIONAL_NOT_FROZEN	ENST00000468166	4
PROVISIONAL_NOT_FROZEN	ENST00000560569	0
PROVISIONAL_NOT_FROZEN	ENST00000355527	2
PROVISIONAL_NOT_FROZEN	ENST00000247665	4
PROVISIONAL_NOT_FROZEN	ENST00000464283	1
PROVISIONAL_NOT_FROZEN	ENST00000532957	3
PROVISIONAL_NOT_FROZEN	ENST00000546253	1
PROVISIONAL_NOT_FROZEN	ENST00000597270	4
PROVISIONAL_NOT_FROZEN	ENST00000370886	1
PROVISIONAL_NOT_FROZEN	ENST00000591254	4
PROVISIONAL_NOT_FROZEN	ENST00000586313	0
PROVISIONAL_NOT_FROZEN	ENST00000301336	1
PROVISIONAL_NOT_FROZEN	ENST00000367321	4
PROVISIONAL_NOT_FROZEN	ENST00000309828	0
PROVISIONAL_NOT_FROZEN	ENST00000498161	1
PROVISIONAL_NOT_FROZEN	ENST00000618014	1
PROVISIONAL_NOT_FROZEN	ENST00000378322	4
PROVISIONAL_NOT_FROZEN	ENST00000514842	4
PROVISIONAL_NOT_FROZEN	ENST00000369660	4
PROVISIONAL_NOT_FROZEN	ENST00000521604	4
PROVISIONAL_NOT_FROZEN	ENST00000546244	3
PROVISIONAL_NOT_FROZEN	ENST00000433853	2
PROVISIONAL_NOT_FROZEN	ENST00000539788	1
PROVISIONAL_NOT_FROZEN	ENST00000570220	3
PROVISIONAL_NOT_FROZEN	ENST00000451984	4
PROVISIONAL_NOT_FROZEN	ENST00000536055	4
PROVISIONAL_NOT_FROZEN	ENST00000473155	2
PROVISIONAL_NOT_FROZEN	ENST00000470612	1
PROVISIONAL_NOT_FROZEN	ENST00000522370	1
PROVISIONAL_NOT_FROZEN	ENST00000375224	2
PROVISIONAL_NOT_FROZEN	ENST00000479895	3
PROVISIONAL_NOT_FROZEN	ENST00000362034	3
PROVISIONAL_NOT_FROZEN	ENST00000355379	3
PROVISIONAL_NOT_FROZEN	ENST00000534280	3
PROVISIONAL_NOT_FROZEN	ENST00000372052	3
PROVISIONAL_NOT_FROZEN	ENST00000493815	0
PROVISIONAL_NOT_FROZEN	ENST00000372991	4
PROVISIONAL_NOT_FROZEN	ENST00000464651	0
PROVISIONAL_NOT_FROZEN	ENST00000433579	3
PROVISIONAL_NOT_FROZEN	ENST00000640277	1
PROVISIONAL_NOT_FROZEN	ENST00000599232	3
PROVISIONAL_NOT_FROZEN	ENST00000496643	0
PROVISIONAL_NOT_FROZEN	ENST00000426806	3
PROVISIONAL_NOT_FROZEN	ENST00000219782	3
PROVISIONAL_NOT_FROZEN	ENST00000304858	0
PROVISIONAL_NOT_FROZEN	ENST00000568682	2
PROVISIONAL_NOT_FROZEN	ENST00000278412	2
PROVISIONAL_NOT_FROZEN	ENST00000445816	3
PROVISIONAL_NOT_FROZEN	ENST00000463050	4
PROVISIONAL_NOT_FROZEN	ENST00000375633	2
PROVISIONAL_NOT_FROZEN	ENST00000527382	3
PROVISIONAL_NOT_FROZEN	ENST00000461682	4
PROVISIONAL_NOT_FROZEN	ENST00000380633	2
PROVISIONAL_NOT_FROZEN	ENST00000437630	0
PROVISIONAL_NOT_FROZEN	ENST00000546989	0
PROVISIONAL_NOT_FROZEN	ENST00000355731	3
PROVISIONAL_NOT_FROZEN	ENST00000261489	1
PROVISIONAL_NOT_FROZEN	ENST00000480604	3
PROVISIONAL_NOT_FROZEN	ENST00000432659	2
PROVISIONAL_NOT_FROZEN	ENST00000429844	4
PROVISIONAL_NOT_FROZEN	ENST00000616261	2
PROVISIONAL_NOT_FROZEN	ENST00000322088	1
PROVISIONAL_NOT_FROZEN	ENST00000562133	4
PROVISIONAL_NOT_FROZEN	ENST00000485756	2
PROVISIONAL_NOT_FROZEN	ENST00000335895	0
PROVISIONAL_NOT_FROZEN	ENST00000444176	1
PROVISIONAL_NOT_FROZEN	ENST00000455838	3
PROVISIONAL_NOT_FROZEN	ENST00000634473	4
PROVISIONAL_NOT_FROZEN	ENST00000431295	4
PROVISIONAL_NOT_FROZEN	ENST00000486782	1
PROVISIONAL_NOT_FROZEN	ENST00000534285	2
PROVISIONAL_NOT_FROZEN	ENST00000460589	0
PROVISIONAL_NOT_FROZEN	ENST00000402580	0
PROVISIONAL_NOT_FROZEN	ENST00000595866	0
PROVISIONAL_NOT_FROZEN	ENST00000530455	2
PROVISIONAL_NOT_FROZEN	ENST00000556231	1
PROVISIONAL_NOT_FROZEN	ENST00000566897	0
PROVISIONAL_NOT_FROZEN	ENST00000395789	2
PROVISIONAL_NOT_FROZEN	ENST00000446668	4
PROVISIONAL_NOT_FROZEN	ENST00000483431	4
PROVISIONAL_NOT_FROZEN	ENST00000429552	1
PROVISIONAL_NOT_FROZEN	ENST00000550458	1
PROVISIONAL_NOT_FROZEN	ENST00000427796	2
PROVISIONAL_NOT_FROZEN	ENST00000590134	4
PROVISIONAL_NOT_FROZEN	ENST00000446179	0
PROVISIONAL_NOT_FROZEN	ENST00000440687	4
PROVISIONAL_NOT_FROZEN	ENST00000540844	1
PROVISIONAL_NOT_FROZEN	ENST00000443998	1
PROVISIONAL_NOT_FROZEN	ENST00000598962	3
PROVISIONAL_NOT_FROZEN	ENST00000551570	2
PROVISIONAL_NOT_FROZEN	ENST00000369605	0
PROVISIONAL_NOT_FROZEN	ENST00000486258	4
PROVISIONAL_NOT_FROZEN	ENST00000300773	1
PROVISIONAL_NOT_FROZEN	ENST00000619610	3
PROVISIONAL_NOT_FROZEN	ENST00000570820	2
PROVISIONAL_NOT_FROZEN	ENST00000458572	2
PROVISIONAL_NOT_FROZEN	ENST00000440234	0
PROVISIONAL_NOT_FROZEN	ENST00000469217	3
PROVISIONAL_NOT_FROZEN	ENST00000384263	3
PROVISIONAL_NOT_FROZEN	ENST00000547505	0
PROVISIONAL_NOT_FROZEN	ENST00000425170	0
PROVISIONAL_NOT_FROZEN	ENST00000380539	2
PROVISIONAL_NOT_FROZEN	ENST00000530887	0
PROVISIONAL_NOT_FROZEN	ENST00000497345	0
PROVISIONAL_NOT_FROZEN	ENST00000571958	2
PROVISIONAL_NOT_FROZEN	ENST00000625177	3
PROVISIONAL_NOT_FROZEN	ENST00000533657	3
PROVISIONAL_NOT_FROZEN	ENST00000429650	3
PROVISIONAL_NOT_FROZEN	ENST00000569290	4
PROVISIONAL_NOT_FROZEN	ENST00000488254	2
PROVISIONAL_NOT_FROZEN	ENST00000479856	4
PROVISIONAL_NOT_FROZEN	ENST00000581166	0
PROVISIONAL_NOT_FROZEN	ENST00000638161	1
PROVISIONAL_NOT_FROZEN	ENST00000305596	3
PROVISIONAL_NOT_FROZEN	ENST00000426688	0
PROVISIONAL_NOT_FROZEN	ENST00000586778	1
PROVISIONAL_NOT_FROZEN	ENST00000480286	3
PROVISIONAL_NOT_FROZEN	ENST00000274712	2
PROVISIONAL_NOT_FROZEN	ENST00000223029	2
PROVISIONAL_NOT_FROZEN	ENST00000623642	2
PROVISIONAL_NOT_FROZEN	ENST00000395892	0
PROVISIONAL_NOT_FROZEN	ENST00000248975	0
PROVISIONAL_NOT_FROZEN	ENST00000464078	1
PROVISIONAL_NOT_FROZEN	ENST00000427898	4
PROVISIONAL_NOT_FROZEN	ENST00000589528	1
PROVISIONAL_NOT_FROZEN	ENST00000217131	3
PROVISIONAL_NOT_FROZEN	ENST00000295901	3
PROVISIONAL_NOT_FROZEN	ENST00000323813	3
PROVISIONAL_NOT_FROZEN	ENST00000335686	2
PROVISIONAL_NOT_FROZEN	ENST00000463619	2
PROVISIONAL_NOT_FROZEN	ENST00000469331	3
PROVISIONAL_NOT_FROZEN	ENST00000479840	1
PROVISIONAL_NOT_FROZEN	ENST00000551061	1
PROVISIONAL_NOT_FROZEN	ENST00000222969	0
PROVISIONAL_NOT_FROZEN	ENST00000363442	3
PROVISIONAL_NOT_FROZEN	ENST00000037243	4
PROVISIONAL_NOT_FROZEN	ENST00000548173	1
PROVISIONAL_NOT_FROZEN	ENST00000524819	3
PROVISIONAL_NOT_FROZEN	ENST00000524639	2
PROVISIONAL_NOT_FROZEN	ENST00000414281	1
PROVISIONAL_NOT_FROZEN	ENST00000524332	4
PROVISIONAL_NOT_FROZEN	ENST00000373075	4
PROVISIONAL_NOT_FROZEN	ENST00000341864	2
PROVISIONAL_NOT_FROZEN	ENST00000541388	3
PROVISIONAL_NOT_FROZEN	ENST00000523929	0
PROVISIONAL_NOT_FROZEN	ENST00000409116	4
PROVISIONAL_NOT_FROZEN	ENST00000494751	4
PROVISIONAL_NOT_FROZEN	ENST00000372717	0
PROVISIONAL_NOT_FROZEN	ENST00000590925	3
PROVISIONAL_NOT_FROZEN	ENST00000494573	4
PROVISIONAL_NOT_FROZEN	ENST00000586807	3
PROVISIONAL_NOT_FROZEN	ENST00000501056	1
PROVISIONAL_NOT_FROZEN	ENST00000588537	0
PROVISIONAL_NOT_FROZEN	ENST00000531405	1
PROVISIONAL_NOT_FROZEN	ENST00000484575	0
PROVISIONAL_NOT_FROZEN	ENST00000518153	1
PROVISIONAL_NOT_FROZEN	ENST00000488546	1
PROVISIONAL_NOT_FROZEN	ENST00000470745	3
PROVISIONAL_NOT_FROZEN	ENST00000560307	0
PROVISIONAL_NOT_FROZEN	ENST00000587975	4
PROVISIONAL_NOT_FROZEN	ENST00000552938	3
PROVISIONAL_NOT_FROZEN	ENST00000524719	2
PROVISIONAL_NOT_FROZEN	ENST00000270625	3
PROVISIONAL_NOT_FROZEN	ENST00000476667	4
PROVISIONAL_NOT_FROZEN	ENST00000434316	1
PROVISIONAL_NOT_FROZEN	ENST00000508709	0
PROVISIONAL_NOT_FROZEN	ENST00000478746	1
PROVISIONAL_NOT_FROZEN	ENST00000591461	0
PROVISIONAL_NOT_FROZEN	ENST00000409712	1
PROVISIONAL_NOT_FROZEN	ENST00000519103	0
PROVISIONAL_NOT_FROZEN	ENST00000262262	3
PROVISIONAL_NOT_FROZEN	ENST00000580828	3
PROVISIONAL_NOT_FROZEN	ENST00000466183	2
PROVISIONAL_NOT_FROZEN	ENST00000462065	0
PROVISIONAL_NOT_FROZEN	ENST00000417878	3
PROVISIONAL_NOT_FROZEN	ENST00000549445	0
PROVISIONAL_NOT_FROZEN	ENST00000432307	3
PROVISIONAL_NOT_FROZEN	ENST00000639674	1
PROVISIONAL_NOT_FROZEN	ENST00000486608	1
PROVISIONAL_NOT_FROZEN	ENST00000482370	1
PROVISIONAL_NOT_FROZEN	ENST00000538470	3
PROVISIONAL_NOT_FROZEN	ENST00000298299	1
PROVISIONAL_NOT_FROZEN	ENST00000397375	0
PROVISIONAL_NOT_FROZEN	ENST00000518164	1
PROVISIONAL_NOT_FROZEN	ENST00000592694	2
PROVISIONAL_NOT_FROZEN	ENST00000473958	3
PROVISIONAL_NOT_FROZEN	ENST00000518995	1
PROVISIONAL_NOT_FROZEN	ENST00000392640	0
PROVISIONAL_NOT_FROZEN	ENST00000593194	0
PROVISIONAL_NOT_FROZEN	ENST00000294742	1
PROVISIONAL_NOT_FROZEN	ENST00000529974	1
PROVISIONAL_NOT_FROZEN	ENST00000230050	2
PROVISIONAL_NOT_FROZEN	ENST00000394077	0
PROVISIONAL_NOT_FROZEN	ENST00000453992	0
PROVISIONAL_NOT_FROZEN	ENST00000619387	4
PROVISIONAL_NOT_FROZEN	ENST00000276449	1
PROVISIONAL_NOT_FROZEN	ENST00000525341	3
PROVISIONAL_NOT_FROZEN	ENST00000476552	4
PROVISIONAL_NOT_FROZEN	ENST00000560595	3
PROVISIONAL_NOT_FROZEN	ENST00000590211	1
PROVISIONAL_NOT_FROZEN	ENST00000396512	3
PROVISIONAL_NOT_FROZEN	ENST00000587039	2
PROVISIONAL_NOT_FROZEN	ENST00000466598	4
PROVISIONAL_NOT_FROZEN	ENST00000234454	1
PROVISIONAL_NOT_FROZEN	ENST00000594728	3
PROVISIONAL_NOT_FROZEN	ENST00000552039	1
PROVISIONAL_NOT_FROZEN	ENST00000300093	3
PROVISIONAL_NOT_FROZEN	ENST00000496136	3
PROVISIONAL_NOT_FROZEN	ENST00000356661	2
PROVISIONAL_NOT_FROZEN	ENST00000301788	3
PROVISIONAL_NOT_FROZEN	ENST00000560061	1
PROVISIONAL_NOT_FROZEN	ENST00000550671	2
PROVISIONAL_NOT_FROZEN	ENST00000550846	3
PROVISIONAL_NOT_FROZEN	ENST00000399815	1
PROVISIONAL_NOT_FROZEN	ENST00000527914	2
PROVISIONAL_NOT_FROZEN	ENST00000532718	3
PROVISIONAL_NOT_FROZEN	ENST00000460638	2
PROVISIONAL_NOT_FROZEN	ENST00000537466	2
PROVISIONAL_NOT_FROZEN	ENST00000414200	4
PROVISIONAL_NOT_FROZEN	ENST00000490458	1
PROVISIONAL_NOT_FROZEN	ENST00000469543	1
PROVISIONAL_NOT_FROZEN	ENST00000491601	1
PROVISIONAL_NOT_FROZEN	ENST00000533610	3
PROVISIONAL_NOT_FROZEN	ENST00000500450	1
PROVISIONAL_NOT_FROZEN	ENST00000236959	4
PROVISIONAL_NOT_FROZEN	ENST00000488683	3
PROVISIONAL_NOT_FROZEN	ENST00000369387	0
PROVISIONAL_NOT_FROZEN	ENST00000550261	2
PROVISIONAL_NOT_FROZEN	ENST00000610798	4
PROVISIONAL_NOT_FROZEN	ENST00000526072	2
PROVISIONAL_NOT_FROZEN	ENST00000329970	4
PROVISIONAL_NOT_FROZEN	ENST00000484880	4
PROVISIONAL_NOT_FROZEN	ENST00000544134	2
PROVISIONAL_NOT_FROZEN	ENST00000489818	3
PROVISIONAL_NOT_FROZEN	ENST00000569622	2
PROVISIONAL_NOT_FROZEN	ENST00000625723	1
PROVISIONAL_NOT_FROZEN	ENST00000217182	1
PROVISIONAL_NOT_FROZEN	ENST00000356432	3
PROVISIONAL_NOT_FROZEN	ENST00000507081	0
PROVISIONAL_NOT_FROZEN	ENST00000427776	4
PROVISIONAL_NOT_FROZEN	ENST00000432169	0
PROVISIONAL_NOT_FROZEN	ENST00000296126	4
PROVISIONAL_NOT_FROZEN	ENST00000474150	2
PROVISIONAL_NOT_FROZEN	ENST00000573763	2
PROVISIONAL_NOT_FROZEN	ENST00000586016	2
PROVISIONAL_NOT_FROZEN	ENST00000564344	2
PROVISIONAL_NOT_FROZEN	ENST00000483527	4
PROVISIONAL_NOT_FROZEN	ENST00000554324	1
PROVISIONAL_NOT_FROZEN	ENST00000463511	1
PROVISIONAL_NOT_FROZEN	ENST00000372209	3
PROVISIONAL_NOT_FROZEN	ENST00000570898	1
PROVISIONAL_NOT_FROZEN	ENST00000354695	2
PROVISIONAL_NOT_FROZEN	ENST00000579473	4
PROVISIONAL_NOT_FROZEN	ENST00000577043	0
PROVISIONAL_NOT_FROZEN	ENST00000398944	2
PROVISIONAL_NOT_FROZEN	ENST00000532001	4
PROVISIONAL_NOT_FROZEN	ENST00000337859	0
PROVISIONAL_NOT_FROZEN	ENST00000515403	1
PROVISIONAL_NOT_FROZEN	ENST00000491732	4
PROVISIONAL_NOT_FROZEN	ENST00000469929	2
PROVISIONAL_NOT_FROZEN	ENST00000508493	3
PROVISIONAL_NOT_FROZEN	ENST00000432321	3
PROVISIONAL_NOT_FROZEN	ENST00000463722	1
PROVISIONAL_NOT_FROZEN	ENST00000258383	1
PROVISIONAL_NOT_FROZEN	ENST00000441867	4
PROVISIONAL_NOT_FROZEN	ENST00000377401	1
PROVISIONAL_NOT_FROZEN	ENST00000479587	0
PROVISIONAL_NOT_FROZEN	ENST00000431879	1
PROVISIONAL_NOT_FROZEN	ENST00000601333	4
PROVISIONAL_NOT_FROZEN	ENST00000599243	0
PROVISIONAL_NOT_FROZEN	ENST00000441917	4
PROVISIONAL_NOT_FROZEN	ENST00000419711	1
PROVISIONAL_NOT_FROZEN	ENST00000515748	0
PROVISIONAL_NOT_FROZEN	ENST00000342669	0
PROVISIONAL_NOT_FROZEN	ENST00000538042	0
PROVISIONAL_NOT_FROZEN	ENST00000368467	2
PROVISIONAL_NOT_FROZEN	ENST00000506023	0
PROVISIONAL_NOT_FROZEN	ENST00000486874	1
PROVISIONAL_NOT_FROZEN	ENST00000557690	4
PROVISIONAL_NOT_FROZEN	ENST00000472202	3
PROVISIONAL_NOT_FROZEN	ENST00000589399	2
PROVISIONAL_NOT_FROZEN	ENST00000494861	3
PROVISIONAL_NOT_FROZEN	ENST00000424481	1
PROVISIONAL_NOT_FROZEN	ENST00000489906	3
PROVISIONAL_NOT_FROZEN	ENST00000303575	4
PROVISIONAL_NOT_FROZEN	ENST00000471009	4
PROVISIONAL_NOT_FROZEN	ENST00000344102	2
PROVISIONAL_NOT_FROZEN	ENST00000219548	4
PROVISIONAL_NOT_FROZEN	ENST00000287844	4
PROVISIONAL_NOT_FROZEN	ENST00000432089	3
PROVISIONAL_NOT_FROZEN	ENST00000578754	0
PROVISIONAL_NOT_FROZEN	ENST00000453471	3
PROVISIONAL_NOT_FROZEN	ENST00000428525	0
PROVISIONAL_NOT_FROZEN	ENST00000552819	0
PROVISIONAL_NOT_FROZEN	ENST00000558397	3
PROVISIONAL_NOT_FROZEN	ENST00000415679	1
PROVISIONAL_NOT_FROZEN	ENST00000463551	4
PROVISIONAL_NOT_FROZEN	ENST00000530391	2
PROVISIONAL_NOT_FROZEN	ENST00000555572	0
PROVISIONAL_NOT_FROZEN	ENST00000532170	2
PROVISIONAL_NOT_FROZEN	ENST00000413334	3
PROVISIONAL_NOT_FROZEN	ENST00000422570	0
PROVISIONAL_NOT_FROZEN	ENST00000425080	2
PROVISIONAL_NOT_FROZEN	ENST00000338110	0
PROVISIONAL_NOT_FROZEN	ENST00000407032	3
PROVISIONAL_NOT_FROZEN	ENST00000458167	4
PROVISIONAL_NOT_FROZEN	ENST00000597436	0
PROVISIONAL_NOT_FROZEN	ENST00000446406	2
PROVISIONAL_NOT_FROZEN	ENST00000265395	1
PROVISIONAL_NOT_FROZEN	ENST00000433076	0
PROVISIONAL_NOT_FROZEN	ENST00000485280	2
PROVISIONAL_NOT_FROZEN	ENST00000449870	2
PROVISIONAL_NOT_FROZEN	ENST00000434466	3
PROVISIONAL_NOT_FROZEN	ENST00000427253	0
PROVISIONAL_NOT_FROZEN	ENST00000508554	3
PROVISIONAL_NOT_FROZEN	ENST00000392359	3
PROVISIONAL_NOT_FROZEN	ENST00000279396	3
PROVISIONAL_NOT_FROZEN	ENST00000361682	1
PROVISIONAL_NOT_FROZEN	ENST00000428937	4
PROVISIONAL_NOT_FROZEN	ENST00000366977	0
PROVISIONAL_NOT_FROZEN	ENST00000527923	3
PROVISIONAL_NOT_FROZEN	ENST00000589047	4
PROVISIONAL_NOT_FROZEN	ENST00000427469	2
PROVISIONAL_NOT_FROZEN	ENST00000563200	0
PROVISIONAL_NOT_FROZEN	ENST00000413611	2
PROVISIONAL_NOT_FROZEN	ENST00000593641	0
PROVISIONAL_NOT_FROZEN	ENST00000573924	1
PROVISIONAL_NOT_FROZEN	ENST00000261220	3
PROVISIONAL_NOT_FROZEN	ENST00000563579	4
PROVISIONAL_NOT_FROZEN	ENST00000493399	3
PROVISIONAL_NOT_FROZEN	ENST00000398740	0
PROVISIONAL_NOT_FROZEN	ENST00000534072	1
PROVISIONAL_NOT_FROZEN	ENST00000508404	3
PROVISIONAL_NOT_FROZEN	ENST00000480739	0
PROVISIONAL_NOT_FROZEN	ENST00000504374	1
PROVISIONAL_NOT_FROZEN	ENST00000397665	1
PROVISIONAL_NOT_FROZEN	ENST00000542958	1
PROVISIONAL_NOT_FROZEN	ENST00000556113	4
PROVISIONAL_NOT_FROZEN	ENST00000322203	0
PROVISIONAL_NOT_FROZEN	ENST00000538860	4
PROVISIONAL_NOT_FROZEN	ENST00000463055	1
PROVISIONAL_NOT_FROZEN	ENST00000372455	4
PROVISIONAL_NOT_FROZEN	ENST00000468384	1
PROVISIONAL_NOT_FROZEN	ENST00000322945	3
PROVISIONAL_NOT_FROZEN	ENST00000375433	2
PROVISIONAL_NOT_FROZEN	ENST00000460490	0
PROVISIONAL_NOT_FROZEN	ENST00000461139	2
PROVISIONAL_NOT_FROZEN	ENST00000621863	4
PROVISIONAL_NOT_FROZEN	ENST00000539281	2
PROVISIONAL_NOT_FROZEN	ENST00000546204	2
PROVISIONAL_NOT_FROZEN	ENST00000461659	1
PROVISIONAL_NOT_FROZEN	ENST00000528839	2
PROVISIONAL_NOT_FROZEN	ENST00000292169	4
PROVISIONAL_NOT_FROZEN	ENST00000400247	4
PROVISIONAL_NOT_FROZEN	ENST00000473073	3
PROVISIONAL_NOT_FROZEN	ENST00000442741	2
PROVISIONAL_NOT_FROZEN	ENST00000306627	4
PROVISIONAL_NOT_FROZEN	ENST00000465163	1
PROVISIONAL_NOT_FROZEN	ENST00000497299	4
PROVISIONAL_NOT_FROZEN	ENST00000579103	0
PROVISIONAL_NOT_FROZEN	ENST00000356487	2
PROVISIONAL_NOT_FROZEN	ENST00000285379	4
PROVISIONAL_NOT_FROZEN	ENST00000531274	0
PROVISIONAL_NOT_FROZEN	ENST00000367262	3
PROVISIONAL_NOT_FROZEN	ENST00000258169	3
PROVISIONAL_NOT_FROZEN	ENST00000356708	3
PROVISIONAL_NOT_FROZEN	ENST00000504109	4
PROVISIONAL_NOT_FROZEN	ENST00000510499	1
PROVISIONAL_NOT_FROZEN	ENST00000356033	4
PROVISIONAL_NOT_FROZEN	ENST00000353703	2
PROVISIONAL_NOT_FROZEN	ENST00000317615	4
PROVISIONAL_NOT_FROZEN	ENST00000585014	2
PROVISIONAL_NOT_FROZEN	ENST00000467295	2
PROVISIONAL_NOT_FROZEN	ENST00000326407	0
PROVISIONAL_NOT_FROZEN	ENST00000573450	1
PROVISIONAL_NOT_FROZEN	ENST00000532266	2
PROVISIONAL_NOT_FROZEN	ENST00000496112	1
PROVISIONAL_NOT_FROZEN	ENST00000568572	4
PROVISIONAL_NOT_FROZEN	ENST00000472306	2
PROVISIONAL_NOT_FROZEN	ENST00000588300	1
PROVISIONAL_NOT_FROZEN	ENST00000433715	0
PROVISIONAL_NOT_FROZEN	ENST00000586054	3
PROVISIONAL_NOT_FROZEN	ENST00000394580	2
PROVISIONAL_NOT_FROZEN	ENST00000420903	0
PROVISIONAL_NOT_FROZEN	ENST00000533952	3
PROVISIONAL_NOT_FROZEN	ENST00000600027	3
PROVISIONAL_NOT_FROZEN	ENST00000408918	1
PROVISIONAL_NOT_FROZEN	ENST00000368436	0
PROVISIONAL_NOT_FROZEN	ENST00000597936	3
PROVISIONAL_NOT_FROZEN	ENST00000400137	0
PROVISIONAL_NOT_FROZEN	ENST00000239666	1
PROVISIONAL_NOT_FROZEN	ENST00000316292	0
PROVISIONAL_NOT_FROZEN	ENST00000224237	1
PROVISIONAL_NOT_FROZEN	ENST00000476268	1
PROVISIONAL_NOT_FROZEN	ENST00000606065	1
PROVISIONAL_NOT_FROZEN	ENST00000296674	3
PROVISIONAL_NOT_FROZEN	ENST00000614556	0
PROVISIONAL_NOT_FROZEN	ENST00000253108	1
PROVISIONAL_NOT_FROZEN	ENST00000354250	1
PROVISIONAL_NOT_FROZEN	ENST00000223136	2
PROVISIONAL_NOT_FROZEN	ENST00000568378	2
PROVISIONAL_NOT_FROZEN	ENST00000461606	3
PROVISIONAL_NOT_FROZEN	ENST00000429873	4
PROVISIONAL_NOT_FROZEN	ENST00000396061	1
PROVISIONAL_NOT_FROZEN	ENST00000424270	2
PROVISIONAL_NOT_FROZEN	ENST00000569871	1
PROVISIONAL_NOT_FROZEN	ENST00000583788	3
PROVISIONAL_NOT_FROZEN	ENST00000537367	2
PROVISIONAL_NOT_FROZEN	ENST00000435572	1
PROVISIONAL_NOT_FROZEN	ENST00000483474	3
PROVISIONAL_NOT_FROZEN	ENST00000595856	1
PROVISIONAL_NOT_FROZEN	ENST00000435265	1
PROVISIONAL_NOT_FROZEN	ENST00000407971	2
PROVISIONAL_NOT_FROZEN	ENST00000397973	4
PROVISIONAL_NOT_FROZEN	ENST00000529191	2
PROVISIONAL_NOT_FROZEN	ENST00000367208	0
PROVISIONAL_NOT_FROZEN	ENST00000584901	0
PROVISIONAL_NOT_FROZEN	ENST00000582463	2
PROVISIONAL_NOT_FROZEN	ENST00000234310	2
PROVISIONAL_NOT_FROZEN	ENST00000444053	4
PROVISIONAL_NOT_FROZEN	ENST00000006777	0
PROVISIONAL_NOT_FROZEN	ENST00000357235	1
PROVISIONAL_NOT_FROZEN	ENST00000517562	2
PROVISIONAL_NOT_FROZEN	ENST00000554383	3
PROVISIONAL_NOT_FROZEN	ENST00000429216	4
PROVISIONAL_NOT_FROZEN	ENST00000544567	3
PROVISIONAL_NOT_FROZEN	ENST00000529369	4
PROVISIONAL_NOT_FROZEN	ENST00000566772	2
PROVISIONAL_NOT_FROZEN	ENST00000519410	4
PROVISIONAL_NOT_FROZEN	ENST00000362526	3
PROVISIONAL_NOT_FROZEN	ENST00000397276	1
PROVISIONAL_NOT_FROZEN	ENST00000586825	0
PROVISIONAL_NOT_FROZEN	ENST00000325285	4
PROVISIONAL_NOT_FROZEN	ENST00000368859	3
PROVISIONAL_NOT_FROZEN	ENST00000544000	2
PROVISIONAL_NOT_FROZEN	ENST00000530257	3
PROVISIONAL_NOT_FROZEN	ENST00000243498	1
PROVISIONAL_NOT_FROZEN	ENST00000610897	3
PROVISIONAL_NOT_FROZEN	ENST00000320188	0
PROVISIONAL_NOT_FROZEN	ENST00000511472	3
PROVISIONAL_NOT_FROZEN	ENST00000333319	0
PROVISIONAL_NOT_FROZEN	ENST00000513513	4
PROVISIONAL_NOT_FROZEN	ENST00000546120	3
PROVISIONAL_NOT_FROZEN	ENST00000406671	2
PROVISIONAL_NOT_FROZEN	ENST00000314397	1
PROVISIONAL_NOT_FROZEN	ENST00000371733	4
PROVISIONAL_NOT_FROZEN	ENST00000581373	0
PROVISIONAL_NOT_FROZEN	ENST00000322128	3
PROVISIONAL_NOT_FROZEN	ENST00000531008	4
PROVISIONAL_NOT_FROZEN	ENST00000441946	0
PROVISIONAL_NOT_FROZEN	ENST00000301457	1
PROVISIONAL_NOT_FROZEN	ENST00000496684	2
PROVISIONAL_NOT_FROZEN	ENST00000259365	1
PROVISIONAL_NOT_FROZEN	ENST00000559494	4
PROVISIONAL_NOT_FROZEN	ENST00000366528	2
PROVISIONAL_NOT_FROZEN	ENST00000295688	2
PROVISIONAL_NOT_FROZEN	ENST00000286788	1
PROVISIONAL_NOT_FROZEN	ENST00000221486	2
PROVISIONAL_NOT_FROZEN	ENST00000362093	3
PROVISIONAL_NOT_FROZEN	ENST00000361114	4
PROVISIONAL_NOT_FROZEN	ENST00000565910	3
PROVISIONAL_NOT_FROZEN	ENST00000318607	4
PROVISIONAL_NOT_FROZEN	ENST00000230431	1
PROVISIONAL_NOT_FROZEN	ENST00000555084	3
PROVISIONAL_NOT_FROZEN	ENST00000557297	2
PROVISIONAL_NOT_FROZEN	ENST00000256496	3
PROVISIONAL_NOT_FROZEN	ENST00000619396	2
PROVISIONAL_NOT_FROZEN	ENST00000534585	3
PROVISIONAL_NOT_FROZEN	ENST00000300413	4
PROVISIONAL_NOT_FROZEN	ENST00000468210	4
PROVISIONAL_NOT_FROZEN	ENST00000584773	2
PROVISIONAL_NOT_FROZEN	ENST00000492213	3
PROVISIONAL_NOT_FROZEN	ENST00000559220	0
PROVISIONAL_NOT_FROZEN	ENST00000447619	2
PROVISIONAL_NOT_FROZEN	ENST00000322310	1
PROVISIONAL_NOT_FROZEN	ENST00000467733	3
PROVISIONAL_NOT_FROZEN	ENST00000432517	2
PROVISIONAL_NOT_FROZEN	ENST00000509448	2
PROVISIONAL_NOT_FROZEN	ENST00000491920	3
PROVISIONAL_NOT_FROZEN	ENST00000356413	0
PROVISIONAL_NOT_FROZEN	ENST00000449334	2
PROVISIONAL_NOT_FROZEN	ENST00000447415	4
PROVISIONAL_NOT_FROZEN	ENST00000246868	1
PROVISIONAL_NOT_FROZEN	ENST00000552347	2
PROVISIONAL_NOT_FROZEN	ENST00000551805	1
PROVISIONAL_NOT_FROZEN	ENST00000395587	0
PROVISIONAL_NOT_FROZEN	ENST00000534079	0
PROVISIONAL_NOT_FROZEN	ENST00000402285	3
PROVISIONAL_NOT_FROZEN	ENST00000306256	0
PROVISIONAL_NOT_FROZEN	ENST00000546368	1
PROVISIONAL_NOT_FROZEN	ENST00000263867	2
PROVISIONAL_NOT_FROZEN	ENST00000403133	4
PROVISIONAL_NOT_FROZEN	ENST00000591946	0
PROVISIONAL_NOT_FROZEN	ENST00000483117	3
PROVISIONAL_NOT_FROZEN	ENST00000415365	3
PROVISIONAL_NOT_FROZEN	ENST00000424041	3
PROVISIONAL_NOT_FROZEN	ENST00000313342	1
PROVISIONAL_NOT_FROZEN	ENST00000429182	1
PROVISIONAL_NOT_FROZEN	ENST00000478928	0
PROVISIONAL_NOT_FROZEN	ENST00000479715	4
PROVISIONAL_NOT_FROZEN	ENST00000554062	1
PROVISIONAL_NOT_FROZEN	ENST00000226230	2
PROVISIONAL_NOT_FROZEN	ENST00000384388	2
PROVISIONAL_NOT_FROZEN	ENST00000565880	1
PROVISIONAL_NOT_FROZEN	ENST00000504227	2
PROVISIONAL_NOT_FROZEN	ENST00000489971	2
PROVISIONAL_NOT_FROZEN	ENST00000615071	2
PROVISIONAL_NOT_FROZEN	ENST00000463969	0
PROVISIONAL_NOT_FROZEN	ENST00000368279	2
PROVISIONAL_NOT_FROZEN	ENST00000318158	3
PROVISIONAL_NOT_FROZEN	ENST00000517719	0
PROVISIONAL_NOT_FROZEN	ENST00000217244	1
PROVISIONAL_NOT_FROZEN	ENST00000249750	3
PROVISIONAL_NOT_FROZEN	ENST00000412872	1
PROVISIONAL_NOT_FROZEN	ENST00000495196	2
PROVISIONAL_NOT_FROZEN	ENST00000260563	3
PROVISIONAL_NOT_FROZEN	ENST00000253452	0
PROVISIONAL_NOT_FROZEN	ENST00000503064	1
PROVISIONAL_NOT_FROZEN	ENST00000483874	3
PROVISIONAL_NOT_FROZEN	ENST00000527169	0
PROVISIONAL_NOT_FROZEN	ENST00000508032	4
PROVISIONAL_NOT_FROZEN	ENST00000562237	1
PROVISIONAL_NOT_FROZEN	ENST00000503537	4
PROVISIONAL_NOT_FROZEN	ENST00000522387	4
PROVISIONAL_NOT_FROZEN	ENST00000449710	1
PROVISIONAL_NOT_FROZEN	ENST00000611969	2
PROVISIONAL_NOT_FROZEN	ENST00000415593	2
PROVISIONAL_NOT_FROZEN	ENST00000367510	2
PROVISIONAL_NOT_FROZEN	ENST00000462288	4
PROVISIONAL_NOT_FROZEN	ENST00000451457	2
PROVISIONAL_NOT_FROZEN	ENST00000612233	3
PROVISIONAL_NOT_FROZEN	ENST00000375151	3
PROVISIONAL_NOT_FROZEN	ENST00000562726	3
PROVISIONAL_NOT_FROZEN	ENST00000595973	2
PROVISIONAL_NOT_FROZEN	ENST00000409751	0
PROVISIONAL_NOT_FROZEN	ENST00000566015	1
PROVISIONAL_NOT_FROZEN	ENST00000519955	1
PROVISIONAL_NOT_FROZEN	ENST00000468918	3
PROVISIONAL_NOT_FROZEN	ENST00000618552	4
PROVISIONAL_NOT_FROZEN	ENST00000527517	2
PROVISIONAL_NOT_FROZEN	ENST00000442734	1
PROVISIONAL_NOT_FROZEN	ENST00000416762	3
PROVISIONAL_NOT_FROZEN	ENST00000378116	1
PROVISIONAL_NOT_FROZEN	ENST00000592962	4
PROVISIONAL_NOT_FROZEN	ENST00000508679	2
PROVISIONAL_NOT_FROZEN	ENST00000397298	4
PROVISIONAL_NOT_FROZEN	ENST00000477403	3
PROVISIONAL_NOT_FROZEN	ENST00000555455	4
PROVISIONAL_NOT_FROZEN	ENST00000431124	2
PROVISIONAL_NOT_FROZEN	ENST00000544681	2
PROVISIONAL_NOT_FROZEN	ENST00000412580	4
PROVISIONAL_NOT_FROZEN	ENST00000463184	4
PROVISIONAL_NOT_FROZEN	ENST00000584583	2
PROVISIONAL_NOT_FROZEN	ENST00000546010	3
PROVISIONAL_NOT_FROZEN	ENST00000411972	0
PROVISIONAL_NOT_FROZEN	ENST00000473766	0
PROVISIONAL_NOT_FROZEN	ENST00000548343	1
PROVISIONAL_NOT_FROZEN	ENST00000600178	4
PROVISIONAL_NOT_FROZEN	ENST00000612549	0
PROVISIONAL_NOT_FROZEN	ENST00000488050	2
PROVISIONAL_NOT_FROZEN	ENST00000471880	0
PROVISIONAL_NOT_FROZEN	ENST00000400087	2
PROVISIONAL_NOT_FROZEN	ENST00000304301	0
PROVISIONAL_NOT_FROZEN	ENST00000570319	4
PROVISIONAL_NOT_FROZEN	ENST00000373166	2
PROVISIONAL_NOT_FROZEN	ENST00000433358	4
PROVISIONAL_NOT_FROZEN	ENST00000469976	4
PROVISIONAL_NOT_FROZEN	ENST00000576541	2
PROVISIONAL_NOT_FROZEN	ENST00000590315	2
PROVISIONAL_NOT_FROZEN	ENST00000503627	1
PROVISIONAL_NOT_FROZEN	ENST00000320640	1
PROVISIONAL_NOT_FROZEN	ENST00000587366	3
PROVISIONAL_NOT_FROZEN	ENST00000372685	4
PROVISIONAL_NOT_FROZEN	ENST00000368567	1
PROVISIONAL_NOT_FROZEN	ENST00000472339	2
PROVISIONAL_NOT_FROZEN	ENST00000368979	3
PROVISIONAL_NOT_FROZEN	ENST00000469585	2
PROVISIONAL_NOT_FROZEN	ENST00000278865	1
PROVISIONAL_NOT_FROZEN	ENST00000343666	2
PROVISIONAL_NOT_FROZEN	ENST00000416921	1
PROVISIONAL_NOT_FROZEN	ENST00000437218	2
PROVISIONAL_NOT_FROZEN	ENST00000355228	4
PROVISIONAL_NOT_FROZEN	ENST00000553231	1
PROVISIONAL_NOT_FROZEN	ENST00000323146	3
PROVISIONAL_NOT_FROZEN	ENST00000524241	2
PROVISIONAL_NOT_FROZEN	ENST00000482352	1
PROVISIONAL_NOT_FROZEN	ENST00000318560	4
PROVISIONAL_NOT_FROZEN	ENST00000372224	2
PROVISIONAL_NOT_FROZEN	ENST00000482167	1
PROVISIONAL_NOT_FROZEN	ENST00000571253	1
PROVISIONAL_NOT_FROZEN	ENST00000569301	0
PROVISIONAL_NOT_FROZEN	ENST00000568209	4
PROVISIONAL_NOT_FROZEN	ENST00000510556	4
PROVISIONAL_NOT_FROZEN	ENST00000433055	4
PROVISIONAL_NOT_FROZEN	ENST00000321331	4
PROVISIONAL_NOT_FROZEN	ENST00000263657	1
PROVISIONAL_NOT_FROZEN	ENST00000460258	3
PROVISIONAL_NOT_FROZEN	ENST00000524439	4
PROVISIONAL_NOT_FROZEN	ENST00000511751	3
PROVISIONAL_NOT_FROZEN	ENST00000351677	4
PROVISIONAL_NOT_FROZEN	ENST00000430446	3
PROVISIONAL_NOT_FROZEN	ENST00000611786	2
PROVISIONAL_NOT_FROZEN	ENST00000451739	4
PROVISIONAL_NOT_FROZEN	ENST00000618024	4
PROVISIONAL_NOT_FROZEN	ENST00000593262	2
PROVISIONAL_NOT_FROZEN	ENST00000599021	4
PROVISIONAL_NOT_FROZEN	ENST00000580387	0
PROVISIONAL_NOT_FROZEN	ENST00000467712	4
PROVISIONAL_NOT_FROZEN	ENST00000342374	3
PROVISIONAL_NOT_FROZEN	ENST00000587675	3
PROVISIONAL_NOT_FROZEN	ENST00000549122	2
PROVISIONAL_NOT_FROZEN	ENST00000480217	2
PROVISIONAL_NOT_FROZEN	ENST00000577269	0
PROVISIONAL_NOT_FROZEN	ENST00000562251	0
PROVISIONAL_NOT_FROZEN	ENST00000490249	2
PROVISIONAL_NOT_FROZEN	ENST00000640799	3
PROVISIONAL_NOT_FROZEN	ENST00000484711	0
PROVISIONAL_NOT_FROZEN	ENST00000629893	3
PROVISIONAL_NOT_FROZEN	ENST00000590334	4
PROVISIONAL_NOT_FROZEN	ENST00000462885	3
PROVISIONAL_NOT_FROZEN	ENST00000510363	1
PROVISIONAL_NOT_FROZEN	ENST00000414011	2
PROVISIONAL_NOT_FROZEN	ENST00000493052	3
PROVISIONAL_NOT_FROZEN	ENST00000439214	1
PROVISIONAL_NOT_FROZEN	ENST00000375784	0
PROVISIONAL_NOT_FROZEN	ENST00000475716	4
PROVISIONAL_NOT_FROZEN	ENST00000451310	2
PROVISIONAL_NOT_FROZEN	ENST00000407465	0
PROVISIONAL_NOT_FROZEN	ENST00000331872	3
PROVISIONAL_NOT_FROZEN	ENST00000543199	2
PROVISIONAL_NOT_FROZEN	ENST00000391162	1
PROVISIONAL_NOT_FROZEN	ENST00000384036	4
PROVISIONAL_NOT_FROZEN	ENST00000537581	1
PROVISIONAL_NOT_FROZEN	ENST00000363925	0
PROVISIONAL_NOT_FROZEN	ENST00000546489	2
PROVISIONAL_NOT_FROZEN	ENST00000518442	3
PROVISIONAL_NOT_FROZEN	ENST00000597136	3
PROVISIONAL_NOT_FROZEN	ENST00000552176	1
PROVISIONAL_NOT_FROZEN	ENST00000372500	4
PROVISIONAL_NOT_FROZEN	ENST00000530807	3
PROVISIONAL_NOT_FROZEN	ENST00000459748	1
PROVISIONAL_NOT_FROZEN	ENST00000262030	2
PROVISIONAL_NOT_FROZEN	ENST00000495469	1
PROVISIONAL_NOT_FROZEN	ENST00000507261	1
PROVISIONAL_NOT_FROZEN	ENST00000597326	3
PROVISIONAL_NOT_FROZEN	ENST00000433407	0
PROVISIONAL_NOT_FROZEN	ENST00000498840	1
PROVISIONAL_NOT_FROZEN	ENST00000380902	4
PROVISIONAL_NOT_FROZEN	ENST00000551316	3
PROVISIONAL_NOT_FROZEN	ENST00000423695	1
PROVISIONAL_NOT_FROZEN	ENST00000394975	4
PROVISIONAL_NOT_FROZEN	ENST00000532114	0
PROVISIONAL_NOT_FROZEN	ENST00000314392	2
PROVISIONAL_NOT_FROZEN	ENST00000591758	0
PROVISIONAL_NOT_FROZEN	ENST00000588627	4
PROVISIONAL_NOT_FROZEN	ENST00000460297	4
PROVISIONAL_NOT_FROZEN	ENST00000531760	3
PROVISIONAL_NOT_FROZEN	ENST00000594769	2
PROVISIONAL_NOT_FROZEN	ENST00000466199	3
PROVISIONAL_NOT_FROZEN	ENST00000478110	3
PROVISIONAL_NOT_FROZEN	ENST00000246015	4
PROVISIONAL_NOT_FROZEN	ENST00000393408	3
PROVISIONAL_NOT_FROZEN	ENST00000473330	1
PROVISIONAL_NOT_FROZEN	ENST00000356509	3
PROVISIONAL_NOT_FROZEN	ENST00000398153	0
PROVISIONAL_NOT_FROZEN	ENST00000556007	4
PROVISIONAL_NOT_FROZEN	ENST00000313432	4
PROVISIONAL_NOT_FROZEN	ENST00000296325	2
PROVISIONAL_NOT_FROZEN	ENST00000272163	2
PROVISIONAL_NOT_FROZEN	ENST00000474993	3
PROVISIONAL_NOT_FROZEN	ENST00000530981	1
PROVISIONAL_NOT_FROZEN	ENST00000639767	2
PROVISIONAL_NOT_FROZEN	ENST00000471891	4
PROVISIONAL_NOT_FROZEN	ENST00000588830	2
PROVISIONAL_NOT_FROZEN	ENST00000595467	0
PROVISIONAL_NOT_FROZEN	ENST00000380258	2
PROVISIONAL_NOT_FROZEN	ENST00000531351	2
PROVISIONAL_NOT_FROZEN	ENST00000416967	1
PROVISIONAL_NOT_FROZEN	ENST00000457252	2
PROVISIONAL_NOT_FROZEN	ENST00000452472	2
PROVISIONAL_NOT_FROZEN	ENST00000530796	1
PROVISIONAL_NOT_FROZEN	ENST00000579649	2
PROVISIONAL_NOT_FROZEN	ENST00000301633	3
PROVISIONAL_NOT_FROZEN	ENST00000465174	2
PROVISIONAL_NOT_FROZEN	ENST00000340020	0
PROVISIONAL_NOT_FROZEN	ENST00000336735	1
PROVISIONAL_NOT_FROZEN	ENST00000531571	3
PROVISIONAL_NOT_FROZEN	ENST00000328709	4
PROVISIONAL_NOT_FROZEN	ENST00000430190	4
PROVISIONAL_NOT_FROZEN	ENST00000367333	3
PROVISIONAL_NOT_FROZEN	ENST00000262947	1
PROVISIONAL_NOT_FROZEN	ENST00000518196	4
PROVISIONAL_NOT_FROZEN	ENST00000496358	4
PROVISIONAL_NOT_FROZEN	ENST00000511118	4
PROVISIONAL_NOT_FROZEN	ENST00000621914	0
PROVISIONAL_NOT_FROZEN	ENST00000546656	1
PROVISIONAL_NOT_FROZEN	ENST00000464949	3
PROVISIONAL_NOT_FROZEN	ENST00000263202	4
PROVISIONAL_NOT_FROZEN	ENST00000478522	0
PROVISIONAL_NOT_FROZEN	ENST00000482568	0
PROVISIONAL_NOT_FROZEN	ENST00000404612	0
PROVISIONAL_NOT_FROZEN	ENST00000593021	4
PROVISIONAL_NOT_FROZEN	ENST00000468100	1
PROVISIONAL_NOT_FROZEN	ENST00000443213	4
PROVISIONAL_NOT_FROZEN	ENST00000574813	0
PROVISIONAL_NOT_FROZEN	ENST00000493724	4
PROVISIONAL_NOT_FROZEN	ENST00000597985	4
PROVISIONAL_NOT_FROZEN	ENST00000460922	0
PROVISIONAL_NOT_FROZEN	ENST00000402527	0
PROVISIONAL_NOT_FROZEN	ENST00000513499	0
PROVISIONAL_NOT_FROZEN	ENST00000350605	3
PROVISIONAL_NOT_FROZEN	ENST00000455635	2
PROVISIONAL_NOT_FROZEN	ENST00000507097	0
PROVISIONAL_NOT_FROZEN	ENST00000448339	0
PROVISIONAL_NOT_FROZEN	ENST00000452606	0
PROVISIONAL_NOT_FROZEN	ENST00000371698	2
PROVISIONAL_NOT_FROZEN	ENST00000594017	4
PROVISIONAL_NOT_FROZEN	ENST00000464124	2
PROVISIONAL_NOT_FROZEN	ENST00000375641	2
PROVISIONAL_NOT_FROZEN	ENST00000624934	4
PROVISIONAL_NOT_FROZEN	ENST00000373030	3
PROVISIONAL_NOT_FROZEN	ENST00000555729	4
PROVISIONAL_NOT_FROZEN	ENST00000345807	1
PROVISIONAL_NOT_FROZEN	ENST00000522184	3
PROVISIONAL_NOT_FROZEN	ENST00000407835	4
PROVISIONAL_NOT_FROZEN	ENST00000457156	2
PROVISIONAL_NOT_FROZEN	ENST00000513818	3
PROVISIONAL_NOT_FROZEN	ENST00000465692	1
PROVISIONAL_NOT_FROZEN	ENST00000480775	1
PROVISIONAL_NOT_FROZEN	ENST00000580864	0
PROVISIONAL_NOT_FROZEN	ENST00000586674	4
PROVISIONAL_NOT_FROZEN	ENST00000372067	1
PROVISIONAL_NOT_FROZEN	ENST00000611509	4
PROVISIONAL_NOT_FROZEN	ENST00000475443	2
PROVISIONAL_NOT_FROZEN	ENST00000499914	2
PROVISIONAL_NOT_FROZEN	ENST00000449218	4
PROVISIONAL_NOT_FROZEN	ENST00000236051	1
PROVISIONAL_NOT_FROZEN	ENST00000563370	0
PROVISIONAL_NOT_FROZEN	ENST00000601492	0
PROVISIONAL_NOT_FROZEN	ENST00000491013	1
PROVISIONAL_NOT_FROZEN	ENST00000450589	3
PROVISIONAL_NOT_FROZEN	ENST00000369405	1
PROVISIONAL_NOT_FROZEN	ENST00000370179	4
PROVISIONAL_NOT_FROZEN	ENST00000492892	4
PROVISIONAL_NOT_FROZEN	ENST00000610533	0
PROVISIONAL_NOT_FROZEN	ENST00000555402	1
PROVISIONAL_NOT_FROZEN	ENST00000441658	1
PROVISIONAL_NOT_FROZEN	ENST00000552080	1
PROVISIONAL_NOT_FROZEN	ENST00000378988	1
PROVISIONAL_NOT_FROZEN	ENST00000428575	0
PROVISIONAL_NOT_FROZEN	ENST00000394456	2
PROVISIONAL_NOT_FROZEN	ENST00000458797	0
PROVISIONAL_NOT_FROZEN	ENST00000495524	0
PROVISIONAL_NOT_FROZEN	ENST00000270708	4
PROVISIONAL_NOT_FROZEN	ENST00000342505	1
PROVISIONAL_NOT_FROZEN	ENST00000525366	0
PROVISIONAL_NOT_FROZEN	ENST00000562929	0
PROVISIONAL_NOT_FROZEN	ENST00000511304	1
PROVISIONAL_NOT_FROZEN	ENST00000460138	0
PROVISIONAL_NOT_FROZEN	ENST00000361351	2
PROVISIONAL_NOT_FROZEN	ENST00000534779	2
PROVISIONAL_NOT_FROZEN	ENST00000554880	4
PROVISIONAL_NOT_FROZEN	ENST00000265028	3
PROVISIONAL_NOT_FROZEN	ENST00000267202	0
PROVISIONAL_NOT_FROZEN	ENST00000254630	2
PROVISIONAL_NOT_FROZEN	ENST00000524590	2
PROVISIONAL_NOT_FROZEN	ENST00000509116	1
PROVISIONAL_NOT_FROZEN	ENST00000326153	1
PROVISIONAL_NOT_FROZEN	ENST00000368684	1
PROVISIONAL_NOT_FROZEN	ENST00000394332	2
PROVISIONAL_NOT_FROZEN	ENST00000453744	1
PROVISIONAL_NOT_FROZEN	ENST00000371996	3
PROVISIONAL_NOT_FROZEN	ENST00000235310	4
PROVISIONAL_NOT_FROZEN	ENST00000447768	3
PROVISIONAL_NOT_FROZEN	ENST00000433398	1
PROVISIONAL_NOT_FROZEN	ENST00000549048	1
PROVISIONAL_NOT_FROZEN	ENST00000577519	2
PROVISIONAL_NOT_FROZEN	ENST00000371717	2
PROVISIONAL_NOT_FROZEN	ENST00000333503	4
PROVISIONAL_NOT_FROZEN	ENST00000223321	1
PROVISIONAL_NOT_FROZEN	ENST00000552052	0
PROVISIONAL_NOT_FROZEN	ENST00000597959	0
PROVISIONAL_NOT_FROZEN	ENST00000559421	0
PROVISIONAL_NOT_FROZEN	ENST00000370951	3
PROVISIONAL_NOT_FROZEN	ENST00000448582	1
PROVISIONAL_NOT_FROZEN	ENST00000392222	0
PROVISIONAL_NOT_FROZEN	ENST00000371566	4
PROVISIONAL_NOT_FROZEN	ENST00000463044	1
PROVISIONAL_NOT_FROZEN	ENST00000396603	4
PROVISIONAL_NOT_FROZEN	ENST00000407433	1
PROVISIONAL_NOT_FROZEN	ENST00000315732	3
PROVISIONAL_NOT_FROZEN	ENST00000530472	4
PROVISIONAL_NOT_FROZEN	ENST00000595470	4
PROVISIONAL_NOT_FROZEN	ENST00000587194	3
PROVISIONAL_NOT_FROZEN	ENST00000635511	2
PROVISIONAL_NOT_FROZEN	ENST00000322910	1
PROVISIONAL_NOT_FROZEN	ENST00000502553	0
PROVISIONAL_NOT_FROZEN	ENST00000544619	1
PROVISIONAL_NOT_FROZEN	ENST00000313352	4
PROVISIONAL_NOT_FROZEN	ENST00000601545	4
PROVISIONAL_NOT_FROZEN	ENST00000450020	0
PROVISIONAL_NOT_FROZEN	ENST00000313608	4
PROVISIONAL_NOT_FROZEN	ENST00000405271	3
PROVISIONAL_NOT_FROZEN	ENST00000412846	3
PROVISIONAL_NOT_FROZEN	ENST00000545247	0
PROVISIONAL_NOT_FROZEN	ENST00000469744	2
PROVISIONAL_NOT_FROZEN	ENST00000529760	2
PROVISIONAL_NOT_FROZEN	ENST00000602683	4
PROVISIONAL_NOT_FROZEN	ENST00000461438	2
PROVISIONAL_NOT_FROZEN	ENST00000416500	0
PROVISIONAL_NOT_FROZEN	ENST00000493379	4
PROVISIONAL_NOT_FROZEN	ENST00000519287	0
PROVISIONAL_NOT_FROZEN	ENST00000392841	1
PROVISIONAL_NOT_FROZEN	ENST00000599582	4
PROVISIONAL_NOT_FROZEN	ENST00000599704	0
PROVISIONAL_NOT_FROZEN	ENST00000494306	3
PROVISIONAL_NOT_FROZEN	ENST00000304921	0
PROVISIONAL_NOT_FROZEN	ENST00000462082	1
PROVISIONAL_NOT_FROZEN	ENST00000439602	3
PROVISIONAL_NOT_FROZEN	ENST00000622441	4
PROVISIONAL_NOT_FROZEN	ENST00000429728	1
PROVISIONAL_NOT_FROZEN	ENST00000417088	4
PROVISIONAL_NOT_FROZEN	ENST00000491435	2
PROVISIONAL_NOT_FROZEN	ENST00000602265	3
PROVISIONAL_NOT_FROZEN	ENST00000523920	0
PROVISIONAL_NOT_FROZEN	ENST00000326656	3
PROVISIONAL_NOT_FROZEN	ENST00000486565	4
PROVISIONAL_NOT_FROZEN	ENST00000504683	3
PROVISIONAL_NOT_FROZEN	ENST00000440023	0
PROVISIONAL_NOT_FROZEN	ENST00000507197	4
PROVISIONAL_NOT_FROZEN	ENST00000557231	0
PROVISIONAL_NOT_FROZEN	ENST00000475611	0
PROVISIONAL_NOT_FROZEN	ENST00000396599	2
PROVISIONAL_NOT_FROZEN	ENST00000258412	0
PROVISIONAL_NOT_FROZEN	ENST00000606497	4
PROVISIONAL_NOT_FROZEN	ENST00000549577	2
PROVISIONAL_NOT_FROZEN	ENST00000523172	1
PROVISIONAL_NOT_FROZEN	ENST00000539409	1
PROVISIONAL_NOT_FROZEN	ENST00000497861	3
PROVISIONAL_NOT_FROZEN	ENST00000466865	3
PROVISIONAL_NOT_FROZEN	ENST00000332435	0
PROVISIONAL_NOT_FROZEN	ENST00000542370	1
PROVISIONAL_NOT_FROZEN	ENST00000563194	2
PROVISIONAL_NOT_FROZEN	ENST00000560423	4
PROVISIONAL_NOT_FROZEN	ENST00000609672	0
PROVISIONAL_NOT_FROZEN	ENST00000488067	3
PROVISIONAL_NOT_FROZEN	ENST00000292510	2
PROVISIONAL_NOT_FROZEN	ENST00000413834	2
PROVISIONAL_NOT_FROZEN	ENST00000376062	0
PROVISIONAL_NOT_FROZEN	ENST00000274065	0
PROVISIONAL_NOT_FROZEN	ENST00000330398	3
PROVISIONAL_NOT_FROZEN	ENST00000531430	4
PROVISIONAL_NOT_FROZEN	ENST00000363120	1
PROVISIONAL_NOT_FROZEN	ENST00000504181	0
PROVISIONAL_NOT_FROZEN	ENST00000468708	0
PROVISIONAL_NOT_FROZEN	ENST00000561350	4
PROVISIONAL_NOT_FROZEN	ENST00000403532	2
PROVISIONAL_NOT_FROZEN	ENST00000395439	1
PROVISIONAL_NOT_FROZEN	ENST00000613370	0
PROVISIONAL_NOT_FROZEN	ENST00000370918	1
PROVISIONAL_NOT_FROZEN	ENST00000504438	3
PROVISIONAL_NOT_FROZEN	ENST00000302165	1
PROVISIONAL_NOT_FROZEN	ENST00000614867	0
PROVISIONAL_NOT_FROZEN	ENST00000466274	0
PROVISIONAL_NOT_FROZEN	ENST00000452821	1
PROVISIONAL_NOT_FROZEN	ENST00000529737	2
PROVISIONAL_NOT_FROZEN	ENST00000581882	0
PROVISIONAL_NOT_FROZEN	ENST00000534719	2
PROVISIONAL_NOT_FROZEN	ENST00000371974	2
PROVISIONAL_NOT_FROZEN	ENST00000376991	4
PROVISIONAL_NOT_FROZEN	ENST00000355697	2
PROVISIONAL_NOT_FROZEN	ENST00000532872	2
PROVISIONAL_NOT_FROZEN	ENST00000579289	0
PROVISIONAL_NOT_FROZEN	ENST00000514596	2
PROVISIONAL_NOT_FROZEN	ENST00000397492	0
PROVISIONAL_NOT_FROZEN	ENST00000462967	0
PROVISIONAL_NOT_FROZEN	ENST00000495833	0
PROVISIONAL_NOT_FROZEN	ENST00000467789	3
PROVISIONAL_NOT_FROZEN	ENST00000435149	0
PROVISIONAL_NOT_FROZEN	ENST00000329138	3
PROVISIONAL_NOT_FROZEN	ENST00000534488	3
PROVISIONAL_NOT_FROZEN	ENST00000341165	4
PROVISIONAL_NOT_FROZEN	ENST00000412343	3
PROVISIONAL_NOT_FROZEN	ENST00000462613	3
PROVISIONAL_NOT_FROZEN	ENST00000459891	4
PROVISIONAL_NOT_FROZEN	ENST00000403835	2
PROVISIONAL_NOT_FROZEN	ENST00000598732	1
PROVISIONAL_NOT_FROZEN	ENST00000584784	0
PROVISIONAL_NOT_FROZEN	ENST00000573795	2
PROVISIONAL_NOT_FROZEN	ENST00000462002	2
PROVISIONAL_NOT_FROZEN	ENST00000445547	0
PROVISIONAL_NOT_FROZEN	ENST00000529272	4
PROVISIONAL_NOT_FROZEN	ENST00000503026	1
PROVISIONAL_NOT_FROZEN	ENST00000427312	2
PROVISIONAL_NOT_FROZEN	ENST00000518949	1
PROVISIONAL_NOT_FROZEN	ENST00000509033	4
PROVISIONAL_NOT_FROZEN	ENST00000397226	1
PROVISIONAL_NOT_FROZEN	ENST00000587507	2
PROVISIONAL_NOT_FROZEN	ENST00000244496	4
PROVISIONAL_NOT_FROZEN	ENST00000519706	2
PROVISIONAL_NOT_FROZEN	ENST00000602837	3
PROVISIONAL_NOT_FROZEN	ENST00000290330	2
PROVISIONAL_NOT_FROZEN	ENST00000502721	2
PROVISIONAL_NOT_FROZEN	ENST00000374595	4
PROVISIONAL_NOT_FROZEN	ENST00000615505	2
PROVISIONAL_NOT_FROZEN	ENST00000368328	4
PROVISIONAL_NOT_FROZEN	ENST00000586319	2
PROVISIONAL_NOT_FROZEN	ENST00000206451	1
PROVISIONAL_NOT_FROZEN	ENST00000446041	0
PROVISIONAL_NOT_FROZEN	ENST00000265564	2
PROVISIONAL_NOT_FROZEN	ENST00000485706	1
PROVISIONAL_NOT_FROZEN	ENST00000498507	0
PROVISIONAL_NOT_FROZEN	ENST00000361531	3
PROVISIONAL_NOT_FROZEN	ENST00000546761	1
PROVISIONAL_NOT_FROZEN	ENST00000392594	2
PROVISIONAL_NOT_FROZEN	ENST00000532489	3
PROVISIONAL_NOT_FROZEN	ENST00000542294	2
PROVISIONAL_NOT_FROZEN	ENST00000369713	2
PROVISIONAL_NOT_FROZEN	ENST00000439561	4
PROVISIONAL_NOT_FROZEN	ENST00000216034	1
PROVISIONAL_NOT_FROZEN	ENST00000318471	0
PROVISIONAL_NOT_FROZEN	ENST00000411651	1
PROVISIONAL_NOT_FROZEN	ENST00000433233	3
PROVISIONAL_NOT_FROZEN	ENST00000325110	4
PROVISIONAL_NOT_FROZEN	ENST00000392844	2
PROVISIONAL_NOT_FROZEN	ENST00000481577	1
PROVISIONAL_NOT_FROZEN	ENST00000578491	2
PROVISIONAL_NOT_FROZEN	ENST00000405655	4
PROVISIONAL_NOT_FROZEN	ENST00000278572	2
PROVISIONAL_NOT_FROZEN	ENST00000503199	1
PROVISIONAL_NOT_FROZEN	ENST00000526862	2
PROVISIONAL_NOT_FROZEN	ENST00000431591	2
PROVISIONAL_NOT_FROZEN	ENST00000466072	3
PROVISIONAL_NOT_FROZEN	ENST00000431492	3
PROVISIONAL_NOT_FROZEN	ENST00000467870	0
PROVISIONAL_NOT_FROZEN	ENST00000586613	0
PROVISIONAL_NOT_FROZEN	ENST00000544368	3
PROVISIONAL_NOT_FROZEN	ENST00000482684	4
PROVISIONAL_NOT_FROZEN	ENST00000461012	3
PROVISIONAL_NOT_FROZEN	ENST00000578317	0
PROVISIONAL_NOT_FROZEN	ENST00000580380	4
PROVISIONAL_NOT_FROZEN	ENST00000548020	3
PROVISIONAL_NOT_FROZEN	ENST00000319223	0
PROVISIONAL_NOT_FROZEN	ENST00000369637	4
PROVISIONAL_NOT_FROZEN	ENST00000523936	1
PROVISIONAL_NOT_FROZEN	ENST00000496058	4
PROVISIONAL_NOT_FROZEN	ENST00000248450	4
PROVISIONAL_NOT_FROZEN	ENST00000578033	1
PROVISIONAL_NOT_FROZEN	ENST00000478778	2
PROVISIONAL_NOT_FROZEN	ENST00000355836	0
PROVISIONAL_NOT_FROZEN	ENST00000517844	0
PROVISIONAL_NOT_FROZEN	ENST00000393562	0
PROVISIONAL_NOT_FROZEN	ENST00000594198	0
PROVISIONAL_NOT_FROZEN	ENST00000394804	1
PROVISIONAL_NOT_FROZEN	ENST00000396148	3
PROVISIONAL_NOT_FROZEN	ENST00000455009	3
PROVISIONAL_NOT_FROZEN	ENST00000616010	4
PROVISIONAL_NOT_FROZEN	ENST00000496160	0
PROVISIONAL_NOT_FROZEN	ENST00000551706	2
PROVISIONAL_NOT_FROZEN	ENST00000420993	1
PROVISIONAL_NOT_FROZEN	ENST00000585956	4
PROVISIONAL_NOT_FROZEN	ENST00000445363	0
PROVISIONAL_NOT_FROZEN	ENST00000566379	3
PROVISIONAL_NOT_FROZEN	ENST00000542392	1
PROVISIONAL_NOT_FROZEN	ENST00000447299	3
PROVISIONAL_NOT_FROZEN	ENST00000396527	0
PROVISIONAL_NOT_FROZEN	ENST00000561430	1
PROVISIONAL_NOT_FROZEN	ENST00000368575	2
PROVISIONAL_NOT_FROZEN	ENST00000491610	1
PROVISIONAL_NOT_FROZEN	ENST00000568316	3
PROVISIONAL_NOT_FROZEN	ENST00000406172	2
PROVISIONAL_NOT_FROZEN	ENST00000453375	1
PROVISIONAL_NOT_FROZEN	ENST00000508451	1
PROVISIONAL_NOT_FROZEN	ENST00000621907	1
PROVISIONAL_NOT_FROZEN	ENST00000383045	2
PROVISIONAL_NOT_FROZEN	ENST00000512690	0
PROVISIONAL_NOT_FROZEN	ENST00000628813	1
PROVISIONAL_NOT_FROZEN	ENST00000333552	3
PROVISIONAL_NOT_FROZEN	ENST00000391919	2
PROVISIONAL_NOT_FROZEN	ENST00000576544	2
PROVISIONAL_NOT_FROZEN	ENST00000513699	0
PROVISIONAL_NOT_FROZEN	ENST00000586538	1
PROVISIONAL_NOT_FROZEN	ENST00000527663	1
PROVISIONAL_NOT_FROZEN	ENST00000406520	1
PROVISIONAL_NOT_FROZEN	ENST00000541272	3
PROVISIONAL_NOT_FROZEN	ENST00000217958	3
PROVISIONAL_NOT_FROZEN	ENST00000492887	1
PROVISIONAL_NOT_FROZEN	ENST00000423827	1
PROVISIONAL_NOT_FROZEN	ENST00000459839	1
PROVISIONAL_NOT_FROZEN	ENST00000372691	3
PROVISIONAL_NOT_FROZEN	ENST00000496172	3
PROVISIONAL_NOT_FROZEN	ENST00000532820	3
PROVISIONAL_NOT_FROZEN	ENST00000412304	0
PROVISIONAL_NOT_FROZEN	ENST00000511643	4
PROVISIONAL_NOT_FROZEN	ENST00000552740	4
PROVISIONAL_NOT_FROZEN	ENST00000462909	4
PROVISIONAL_NOT_FROZEN	ENST00000375050	2
PROVISIONAL_NOT_FROZEN	ENST00000503892	4
PROVISIONAL_NOT_FROZEN	ENST00000608621	2
PROVISIONAL_NOT_FROZEN	ENST00000427434	3
PROVISIONAL_NOT_FROZEN	ENST00000567757	0
PROVISIONAL_NOT_FROZEN	ENST00000402326	0
PROVISIONAL_NOT_FROZEN	ENST00000469786	3
PROVISIONAL_NOT_FROZEN	ENST00000497492	2
PROVISIONAL_NOT_FROZEN	ENST00000484010	2
PROVISIONAL_NOT_FROZEN	ENST00000351829	2
PROVISIONAL_NOT_FROZEN	ENST00000375866	1
PROVISIONAL_NOT_FROZEN	ENST00000471117	1
PROVISIONAL_NOT_FROZEN	ENST00000347159	2
PROVISIONAL_NOT_FROZEN	ENST00000384165	3
PROVISIONAL_NOT_FROZEN	ENST00000339556	1
PROVISIONAL_NOT_FROZEN	ENST00000415286	1
PROVISIONAL_NOT_FROZEN	ENST00000535750	1
PROVISIONAL_NOT_FROZEN	ENST00000593104	0
PROVISIONAL_NOT_FROZEN	ENST00000373236	0
PROVISIONAL_NOT_FROZEN	ENST00000435349	1
PROVISIONAL_NOT_FROZEN	ENST00000587324	4
PROVISIONAL_NOT_FROZEN	ENST00000527147	0
PROVISIONAL_NOT_FROZEN	ENST00000503255	0
PROVISIONAL_NOT_FROZEN	ENST00000581540	0
PROVISIONAL_NOT_FROZEN	ENST00000580924	3
PROVISIONAL_NOT_FROZEN	ENST00000361789	1
PROVISIONAL_NOT_FROZEN	ENST00000253788	2
PROVISIONAL_NOT_FROZEN	ENST00000431028	0
PROVISIONAL_NOT_FROZEN	ENST00000546575	4
PROVISIONAL_NOT_FROZEN	ENST00000450915	3
PROVISIONAL_NOT_FROZEN	ENST00000380259	4
PROVISIONAL_NOT_FROZEN	ENST00000557319	0
PROVISIONAL_NOT_FROZEN	ENST00000519611	0
PROVISIONAL_NOT_FROZEN	ENST00000511963	3
PROVISIONAL_NOT_FROZEN	ENST00000583777	3
PROVISIONAL_NOT_FROZEN	ENST00000591607	0
PROVISIONAL_NOT_FROZEN	ENST00000484996	3
PROVISIONAL_NOT_FROZEN	ENST00000427324	0
PROVISIONAL_NOT_FROZEN	ENST00000466421	2
PROVISIONAL_NOT_FROZEN	ENST00000474715	4
PROVISIONAL_NOT_FROZEN	ENST00000216181	1
PROVISIONAL_NOT_FROZEN	ENST00000591871	1
PROVISIONAL_NOT_FROZEN	ENST00000564543	1
PROVISIONAL_NOT_FROZEN	ENST00000580965	2
PROVISIONAL_NOT_FROZEN	ENST00000216218	3
PROVISIONAL_NOT_FROZEN	ENST00000471604	4
PROVISIONAL_NOT_FROZEN	ENST00000528298	1
PROVISIONAL_NOT_FROZEN	ENST00000315758	1
PROVISIONAL_NOT_FROZEN	ENST00000610664	3
PROVISIONAL_NOT_FROZEN	ENST00000623287	1
PROVISIONAL_NOT_FROZEN	ENST00000459725	1
PROVISIONAL_NOT_FROZEN	ENST00000556051	3
PROVISIONAL_NOT_FROZEN	ENST00000494549	4
PROVISIONAL_NOT_FROZEN	ENST00000396737	2
PROVISIONAL_NOT_FROZEN	ENST00000528878	3
PROVISIONAL_NOT_FROZEN	ENST00000522010	0
PROVISIONAL_NOT_FROZEN	ENST00000576052	2
PROVISIONAL_NOT_FROZEN	ENST00000515528	4
PROVISIONAL_NOT_FROZEN	ENST00000519293	2
PROVISIONAL_NOT_FROZEN	ENST00000423867	4
PROVISIONAL_NOT_FROZEN	ENST00000351839	2
PROVISIONAL_NOT_FROZEN	ENST00000403710	1
PROVISIONAL_NOT_FROZEN	ENST00000402849	2
PROVISIONAL_NOT_FROZEN	ENST00000488086	0
PROVISIONAL_NOT_FROZEN	ENST00000466051	0
PROVISIONAL_NOT_FROZEN	ENST00000636137	4
PROVISIONAL_NOT_FROZEN	ENST00000526361	3
PROVISIONAL_NOT_FROZEN	ENST00000454233	2
PROVISIONAL_NOT_FROZEN	ENST00000460405	4
PROVISIONAL_NOT_FROZEN	ENST00000367972	1
PROVISIONAL_NOT_FROZEN	ENST00000491614	4
PROVISIONAL_NOT_FROZEN	ENST00000542345	1
PROVISIONAL_NOT_FROZEN	ENST00000371646	4
PROVISIONAL_NOT_FROZEN	ENST00000393436	2
PROVISIONAL_NOT_FROZEN	ENST00000523986	1
PROVISIONAL_NOT_FROZEN	ENST00000425159	2
PROVISIONAL_NOT_FROZEN	ENST00000533283	3
PROVISIONAL_NOT_FROZEN	ENST00000449200	3
PROVISIONAL_NOT_FROZEN	ENST00000484836	4
PROVISIONAL_NOT_FROZEN	ENST00000562684	4
PROVISIONAL_NOT_FROZEN	ENST00000445195	4
PROVISIONAL_NOT_FROZEN	ENST00000515060	0
PROVISIONAL_NOT_FROZEN	ENST00000450253	1
PROVISIONAL_NOT_FROZEN	ENST00000370542	2
PROVISIONAL_NOT_FROZEN	ENST00000470968	0
PROVISIONAL_NOT_FROZEN	ENST00000475156	3
PROVISIONAL_NOT_FROZEN	ENST00000263672	3
PROVISIONAL_NOT_FROZEN	ENST00000436601	0
PROVISIONAL_NOT_FROZEN	ENST00000606557	4
PROVISIONAL_NOT_FROZEN	ENST00000597547	1
PROVISIONAL_NOT_FROZEN	ENST00000546640	4
PROVISIONAL_NOT_FROZEN	ENST00000475460	1
PROVISIONAL_NOT_FROZEN	ENST00000481218	0
PROVISIONAL_NOT_FROZEN	ENST00000553270	3
PROVISIONAL_NOT_FROZEN	ENST00000239893	0
PROVISIONAL_NOT_FROZEN	ENST00000463295	2
PROVISIONAL_NOT_FROZEN	ENST00000443146	2
PROVISIONAL_NOT_FROZEN	ENST00000405720	2
PROVISIONAL_NOT_FROZEN	ENST00000524864	2
PROVISIONAL_NOT_FROZEN	ENST00000500893	0
PROVISIONAL_NOT_FROZEN	ENST00000418921	0
PROVISIONAL_NOT_FROZEN	ENST00000553781	0
PROVISIONAL_NOT_FROZEN	ENST00000366678	1
PROVISIONAL_NOT_FROZEN	ENST00000409601	0
PROVISIONAL_NOT_FROZEN	ENST00000471743	3
PROVISIONAL_NOT_FROZEN	ENST00000491335	4
PROVISIONAL_NOT_FROZEN	ENST00000457262	3
PROVISIONAL_NOT_FROZEN	ENST00000260130	2
PROVISIONAL_NOT_FROZEN	ENST00000478203	4
PROVISIONAL_NOT_FROZEN	ENST00000239878	3
PROVISIONAL_NOT_FROZEN	ENST00000409569	1
PROVISIONAL_NOT_FROZEN	ENST00000492103	3
PROVISIONAL_NOT_FROZEN	ENST00000397318	2
PROVISIONAL_NOT_FROZEN	ENST00000397281	2
PROVISIONAL_NOT_FROZEN	ENST00000417551	2
PROVISIONAL_NOT_FROZEN	ENST00000380299	2
PROVISIONAL_NOT_FROZEN	ENST00000478340	0
PROVISIONAL_NOT_FROZEN	ENST00000583106	1
PROVISIONAL_NOT_FROZEN	ENST00000410433	2
PROVISIONAL_NOT_FROZEN	ENST00000338639	2
PROVISIONAL_NOT_FROZEN	ENST00000521036	0
PROVISIONAL_NOT_FROZEN	ENST00000445918	3
PROVISIONAL_NOT_FROZEN	ENST00000416380	4
PROVISIONAL_NOT_FROZEN	ENST00000443489	2
PROVISIONAL_NOT_FROZEN	ENST00000417903	4
PROVISIONAL_NOT_FROZEN	ENST00000530028	4
PROVISIONAL_NOT_FROZEN	ENST00000531491	2
PROVISIONAL_NOT_FROZEN	ENST00000560217	3
